iteration,target,r2,mse,rmse
1,SMORE_av,0.9023310548938384,0.37554538494142065,0.6128175788449779
1,SPRIS_av,0.8556083002782653,0.33481066025810113,0.5786282573968378
1,SMYTH_av,0.8905648612148321,0.47095538434579604,0.6862618919521877
1,SPAIS_av,0.8717512527143361,0.4832121467236157,0.6951346248919095
1,SATIS_av,0.8727834794525251,0.321106498331792,0.5666625965526505
2,SMORE_av,0.8995935992521603,0.39459041655389304,0.6281643228916245
2,SPRIS_av,0.864667421047465,0.3344487389834636,0.5783154320813717
2,SMYTH_av,0.908552191771465,0.4992979203204943,0.706610161489696
2,SPAIS_av,0.8887404120412078,0.4847209382071382,0.69621903033969
2,SATIS_av,0.873478707650909,0.3478101885275512,0.5897543459166292
3,SMORE_av,0.9058720854772355,0.350428143622741,0.5919697151229453
3,SPRIS_av,0.8505016634016853,0.355639931841102,0.5963555414692665
3,SMYTH_av,0.8960577287407174,0.3703826229969169,0.6085906859268525
3,SPAIS_av,0.8703545866315874,0.4003752870781108,0.632752152962051
3,SATIS_av,0.8463615196629313,0.39239881038462404,0.6264174409965163
4,SMORE_av,0.9064388768980383,0.34940862990634886,0.5911079680619682
4,SPRIS_av,0.8649728920973173,0.33097327918692615,0.5753027717532101
4,SMYTH_av,0.9177350655275957,0.35760764450996907,0.5980030472413741
4,SPAIS_av,0.8833715919539782,0.44967320999068666,0.6705767741211193
4,SATIS_av,0.818640926476767,0.33484087222457004,0.5786543633504979
5,SMORE_av,0.899460770562476,0.31299376914958077,0.5594584606113137
5,SPRIS_av,0.8867864696062612,0.21192510639299278,0.4603532408846415
5,SMYTH_av,0.902199944109341,0.3759886636695521,0.6131791448423145
5,SPAIS_av,0.8746577978576695,0.3958896316235243,0.6291976093593524
5,SATIS_av,0.8368016137980793,0.31258360178541206,0.5590917650845987
6,SMORE_av,0.8887456416782469,0.41289454211453025,0.6425687061431876
6,SPRIS_av,0.8544809369324209,0.3448665258296771,0.5872533744727885
6,SMYTH_av,0.8586799250270067,0.5002794091055393,0.7073043256657909
6,SPAIS_av,0.8285660320815498,0.5873219800980378,0.7663693496598346
6,SATIS_av,0.8206524495737428,0.3932090932046008,0.627063866926329
7,SMORE_av,0.9031565264184568,0.38835390723727425,0.6231804772594166
7,SPRIS_av,0.8461407376791956,0.35029689106726597,0.5918588438701123
7,SMYTH_av,0.8670649504404555,0.5559772118850954,0.7456387945145393
7,SPAIS_av,0.8619770430356619,0.45392530009908294,0.6737397866380483
7,SATIS_av,0.8391585559850396,0.424874564231901,0.65182402857819
8,SMORE_av,0.9379558533771342,0.27510233979179693,0.5245019921714282
8,SPRIS_av,0.8400789705193176,0.3658718722134091,0.6048734348716343
8,SMYTH_av,0.8834791874755638,0.5067278327744077,0.7118481809869347
8,SPAIS_av,0.8839614428992125,0.44669243116417184,0.6683505301592659
8,SATIS_av,0.8689505221916778,0.35588996737597023,0.5965651409326312
9,SMORE_av,0.8839337678556777,0.392005135958766,0.6261031352411246
9,SPRIS_av,0.8476010726047685,0.3774129333451077,0.6143394284474241
9,SMYTH_av,0.862060034037657,0.5547393671141587,0.7448082754066033
9,SPAIS_av,0.8831952285853994,0.4315668085405502,0.6569374464441422
9,SATIS_av,0.8410050997548751,0.2846174919941052,0.5334955407443489
10,SMORE_av,0.8924283081244699,0.3752028420060829,0.6125380331098493
10,SPRIS_av,0.8434301235754639,0.37692748028129075,0.613944199647892
10,SMYTH_av,0.8837412430456714,0.4148476208863316,0.6440866563486094
10,SPAIS_av,0.887742001857376,0.30175573556282576,0.5493229792779706
10,SATIS_av,0.8566418431897653,0.3209149057940885,0.5664935178747312
11,SMORE_av,0.9275696816699852,0.3142272184588262,0.5605597367442886
11,SPRIS_av,0.8759622227062972,0.3111646901793257,0.5578213783814006
11,SMYTH_av,0.8885370436511006,0.5070062984005168,0.712043747532774
11,SPAIS_av,0.8559783160790799,0.5370588151911397,0.7328429676207173
11,SATIS_av,0.8739883446165735,0.3959079335869487,0.6292121530826854
12,SMORE_av,0.8951505003114456,0.37999439177681793,0.6164368514104408
12,SPRIS_av,0.879879787378543,0.3422241170206777,0.5849992453163317
12,SMYTH_av,0.91133712730408,0.4065883889457746,0.6376428380729878
12,SPAIS_av,0.8742081744438955,0.48966502508719584,0.6997606912989581
12,SATIS_av,0.8742489677701463,0.3220915652102237,0.5675311138697364
13,SMORE_av,0.885730777111285,0.41942437003188776,0.647629809406491
13,SPRIS_av,0.8284531449578916,0.3966002331030544,0.6297620448257059
13,SMYTH_av,0.8802641744160176,0.5112466976804262,0.7150151730421014
13,SPAIS_av,0.8841478660627181,0.42176598680101196,0.6494351290167572
13,SATIS_av,0.8945694227204477,0.2674493075519371,0.5171550130782231
14,SMORE_av,0.9073665307463269,0.38633920539090805,0.6215619079310669
14,SPRIS_av,0.8564436893396021,0.3071353592876713,0.5541979423343895
14,SMYTH_av,0.8549381903447726,0.5443444407312407,0.7377970186516347
14,SPAIS_av,0.8543084873005473,0.5070512508442954,0.7120753126210003
14,SATIS_av,0.8800018472688252,0.32134800550352877,0.566875652593696
15,SMORE_av,0.9207427027108752,0.331056110405263,0.5753747564894232
15,SPRIS_av,0.8459199064521346,0.3759851029414751,0.6131762413380635
15,SMYTH_av,0.9087209937116377,0.4179184556159851,0.6464661287461123
15,SPAIS_av,0.8465028129274746,0.599122071965377,0.7740297616793408
15,SATIS_av,0.8509678229350639,0.346688180237192,0.5888023269631261
16,SMORE_av,0.9031475994978301,0.3398763378447132,0.5829891404174808
16,SPRIS_av,0.9010585585411732,0.2392674005814708,0.4891496709407774
16,SMYTH_av,0.8839158057941063,0.48888966735060063,0.6992064554554689
16,SPAIS_av,0.8273691201067974,0.6145011425587052,0.7839012326554317
16,SATIS_av,0.8918481662742224,0.29080583611989397,0.5392641617240052
17,SMORE_av,0.8969270113281917,0.4296526068845515,0.6554789141418292
17,SPRIS_av,0.8565603330984627,0.3333580359433772,0.5773716618811294
17,SMYTH_av,0.893230854156501,0.4856491402717117,0.6968853135715458
17,SPAIS_av,0.8810738358889155,0.42998841120306336,0.655735015995839
17,SATIS_av,0.8532058981042198,0.38673491989385117,0.6218801491395679
18,SMORE_av,0.8885360056529592,0.44991802257948754,0.6707592881052692
18,SPRIS_av,0.8291898497100245,0.4203920373452826,0.6483764626706329
18,SMYTH_av,0.8713522407576804,0.5481078378034167,0.7403430541332962
18,SPAIS_av,0.8422753612762588,0.6203570968184854,0.7876275114662294
18,SATIS_av,0.8880258646544997,0.3056873836073446,0.5528900284933204
19,SMORE_av,0.9149970329204123,0.2940960611550968,0.5423062429615731
19,SPRIS_av,0.8809390343780811,0.3014088610145921,0.5490071593473004
19,SMYTH_av,0.8827556750046984,0.4753145381272633,0.6894305897820776
19,SPAIS_av,0.8367852896844932,0.5152549369907318,0.7178126057619298
19,SATIS_av,0.8812330373322658,0.2834545654970568,0.5324045130322026
20,SMORE_av,0.8875398890187091,0.3429096217337863,0.5855848544265693
20,SPRIS_av,0.865972783313218,0.3056523769681985,0.5528583697188626
20,SMYTH_av,0.9199341274159442,0.354544814605303,0.5954366587684227
20,SPAIS_av,0.8955798950139882,0.3909715618805637,0.6252771880378842
20,SATIS_av,0.8822080683215219,0.2466200859190063,0.4966085842179999
21,SMORE_av,0.9084209154998429,0.3675138261095526,0.6062291861248125
21,SPRIS_av,0.851252846870423,0.3708204090443733,0.6089502516990803
21,SMYTH_av,0.8936881501872393,0.5028939833762449,0.7091501839358465
21,SPAIS_av,0.8512608655934321,0.5176055771066608,0.7194481059163759
21,SATIS_av,0.8563108972833525,0.3199665029386749,0.5656558166753657
22,SMORE_av,0.9008752284915797,0.36485709324911886,0.60403401663244
22,SPRIS_av,0.8656972654985317,0.27121276591656085,0.5207809193092243
22,SMYTH_av,0.8945787082199212,0.42483356228585006,0.6517925761205401
22,SPAIS_av,0.894681856829556,0.3941108935357192,0.6277825208905702
22,SATIS_av,0.8540969419645226,0.2812349597896766,0.5303159056540513
23,SMORE_av,0.8865472714970927,0.4811495423638225,0.6936494376584057
23,SPRIS_av,0.8553249179060975,0.3102014157417855,0.5569572835880553
23,SMYTH_av,0.8978389667480382,0.47206701919287125,0.6870713348647804
23,SPAIS_av,0.8872017123640389,0.46512777752409734,0.6820027694401961
23,SATIS_av,0.8584186330600967,0.3647349508083961,0.6039329025714661
24,SMORE_av,0.892811454887092,0.40096786063974965,0.6332202307568431
24,SPRIS_av,0.8051367871091075,0.40363364488550035,0.6353216861445077
24,SMYTH_av,0.8649062295973664,0.5282827481592809,0.7268306186170757
24,SPAIS_av,0.847131728605096,0.5276778707988468,0.7264143933037442
24,SATIS_av,0.8587260960677442,0.3465390880291314,0.5886757070145934
25,SMORE_av,0.9188815653528206,0.3681143387971335,0.6067242691677444
25,SPRIS_av,0.8317464385336556,0.36716167550917933,0.6059386730595592
25,SMYTH_av,0.8859713110765814,0.5256156977072538,0.7249935845973079
25,SPAIS_av,0.8543938550211608,0.471551971898192,0.6866964190224032
25,SATIS_av,0.8663253405056975,0.32699537641896126,0.5718350954768002
26,SMORE_av,0.9101156484414651,0.4124198058356853,0.6421991948264069
26,SPRIS_av,0.8356012002404037,0.38753952324958935,0.6225267249280061
26,SMYTH_av,0.9100259729184923,0.4301729814103983,0.6558757362567991
26,SPAIS_av,0.8920944925053721,0.4209668273717828,0.6488195645722953
26,SATIS_av,0.8489539901274264,0.3576656143648147,0.5980515148085612
27,SMORE_av,0.9264306958276425,0.2724617599694035,0.5219786968540033
27,SPRIS_av,0.834991457586332,0.29821729041897366,0.5460927489163115
27,SMYTH_av,0.8997292210102499,0.42399873240057384,0.6511518504930888
27,SPAIS_av,0.8761669304671937,0.42231418512137214,0.6498570497589237
27,SATIS_av,0.8811756046973033,0.29446541618782923,0.5426466771185734
28,SMORE_av,0.9147740271411855,0.3539762678126545,0.5949590471727063
28,SPRIS_av,0.8906674725786855,0.24145278810423812,0.49137845710230127
28,SMYTH_av,0.8959992229603341,0.41139698307742817,0.6414023566197962
28,SPAIS_av,0.9088049030625684,0.3029412176895328,0.5504009608363096
28,SATIS_av,0.8684596351139353,0.334618524713082,0.578462206814829
29,SMORE_av,0.9002954732916371,0.37650312592804563,0.6135985054806161
29,SPRIS_av,0.8467643079834515,0.32732959941454953,0.5721272580593845
29,SMYTH_av,0.9158994984958704,0.3881554362301236,0.6230212165168403
29,SPAIS_av,0.8535645151403695,0.5878319896119322,0.7667020213954912
29,SATIS_av,0.8335961237433457,0.4098034675234522,0.6401589392670013
30,SMORE_av,0.8966231650068791,0.4094278143920949,0.6398654658536393
30,SPRIS_av,0.8440392183599471,0.3750521771579009,0.612415036685009
30,SMYTH_av,0.9036104705120195,0.48396523023135396,0.6956760957739988
30,SPAIS_av,0.883522234670901,0.4845423269794817,0.6960907462245721
30,SATIS_av,0.8832568388988897,0.3032645567082622,0.5506946129283109
31,SMORE_av,0.9087780128916012,0.3542088944761052,0.5951545131107595
31,SPRIS_av,0.8662340473495641,0.2908542468602023,0.5393090457800632
31,SMYTH_av,0.9097835464670675,0.41526834042216665,0.6444131752394318
31,SPAIS_av,0.8779758963925021,0.47358910433443346,0.6881781050966628
31,SATIS_av,0.8540684014244326,0.37674694220231575,0.613797150695827
32,SMORE_av,0.8979665390455683,0.39203414273244386,0.626126299345782
32,SPRIS_av,0.8321272563193538,0.31470212081517135,0.5609831733797114
32,SMYTH_av,0.9106507952317514,0.36770589060839715,0.6063875745827887
32,SPAIS_av,0.8722102829752577,0.5202303603568982,0.7212699635759818
32,SATIS_av,0.857470011098316,0.3044958971334978,0.5518114688310654
33,SMORE_av,0.8932608193194872,0.4111299588467393,0.6411941662606884
33,SPRIS_av,0.8519823325863395,0.37309607355078783,0.6108159080695164
33,SMYTH_av,0.8672221031041728,0.5257054027332984,0.7250554480405608
33,SPAIS_av,0.8743126946702275,0.5491082856271692,0.7410184111256408
33,SATIS_av,0.8665554159261541,0.3346792891930912,0.5785147268593006
34,SMORE_av,0.8705669919523108,0.47834556784184495,0.6916253088499906
34,SPRIS_av,0.8592030186396641,0.3013592515521563,0.548961976417453
34,SMYTH_av,0.8781609083579235,0.5030215705603259,0.7092401360331534
34,SPAIS_av,0.8724327249517607,0.4587257789454107,0.6772929786624181
34,SATIS_av,0.8524013127886116,0.3300720323999917,0.574518957389564
35,SMORE_av,0.9195297619344701,0.27935532837305727,0.5285407537485234
35,SPRIS_av,0.8586017305162927,0.3439476246380572,0.5864704806194914
35,SMYTH_av,0.900090204367092,0.4388437863379851,0.6624528559361678
35,SPAIS_av,0.8980129390653956,0.3641065244416666,0.6034123999734067
35,SATIS_av,0.8784351667369114,0.2977572363536062,0.5456713629590673
36,SMORE_av,0.878491326212185,0.35844648338107327,0.5987040031443529
36,SPRIS_av,0.8417288587638388,0.30116477562769933,0.5487848172350428
36,SMYTH_av,0.9018330677661812,0.3252962432704295,0.5703474759043206
36,SPAIS_av,0.8994998278861314,0.35282061904583645,0.593987052927786
36,SATIS_av,0.8562490287118857,0.263339034132303,0.5131656985149172
37,SMORE_av,0.8893618535922537,0.4475290402838961,0.6689761133881359
37,SPRIS_av,0.8436469239656378,0.33051283714414914,0.5749024588085784
37,SMYTH_av,0.8975751678055016,0.44488344221264253,0.6669958337295987
37,SPAIS_av,0.8711929030189841,0.5121149136625928,0.7156220466577261
37,SATIS_av,0.8122010219540372,0.32824297460195756,0.5729249292900053
38,SMORE_av,0.9113972051648427,0.3212942505416622,0.5668282372479887
38,SPRIS_av,0.8737228039922592,0.30701338151598034,0.5540878824843405
38,SMYTH_av,0.8928440746222478,0.4718287801238956,0.6868979401074774
38,SPAIS_av,0.8813384757861232,0.43025731107414694,0.655940020942576
38,SATIS_av,0.8790655571950785,0.2902454324322024,0.5387443108119123
39,SMORE_av,0.8988339470812194,0.401121196651146,0.6333412955517317
39,SPRIS_av,0.8160770979180215,0.30445484590625776,0.551774270790382
39,SMYTH_av,0.8870617920144858,0.47569191723329385,0.68970422445661
39,SPAIS_av,0.864796684167464,0.5931252623201647,0.770146260342907
39,SATIS_av,0.866108574211794,0.41248957739894976,0.6422535148980889
40,SMORE_av,0.8887060380048688,0.445241387758144,0.6672641064512191
40,SPRIS_av,0.8415138548928136,0.3580612907977174,0.5983822280095871
40,SMYTH_av,0.8441764722254939,0.5994374597408464,0.7742334659137684
40,SPAIS_av,0.8735575503806239,0.45389030529688457,0.6737138155751926
40,SATIS_av,0.8164445265824986,0.4619189721348393,0.6796462110060199
41,SMORE_av,0.907922719518041,0.42109195234690755,0.6489159825022863
41,SPRIS_av,0.8552073913004763,0.36283883699735603,0.6023610520255738
41,SMYTH_av,0.8963223481084659,0.4832714867880979,0.6951773060076817
41,SPAIS_av,0.8782649417864593,0.44333744022558835,0.665835895867434
41,SATIS_av,0.8756161553367665,0.3386987320854705,0.5819782917647964
42,SMORE_av,0.9021502312584404,0.32093023735694765,0.566507049697484
42,SPRIS_av,0.8844992724078784,0.27076008527174095,0.5203461206463837
42,SMYTH_av,0.8675284898145408,0.4641896507623556,0.6813146488681684
42,SPAIS_av,0.8669265675410756,0.4333994692070012,0.658330820489973
42,SATIS_av,0.8511215343020789,0.33669165475259394,0.5802513720385277
43,SMORE_av,0.9054860724892261,0.36579141478453775,0.6048069235586988
43,SPRIS_av,0.8174294941708969,0.35348557532866437,0.5945465291536605
43,SMYTH_av,0.9265190412607891,0.33527774283993145,0.5790317286988093
43,SPAIS_av,0.8855305505564234,0.42846635660301313,0.654573415747243
43,SATIS_av,0.8331760510869404,0.4037413820754912,0.6354064699666594
44,SMORE_av,0.9256786298573114,0.3230406099896811,0.5683666158296783
44,SPRIS_av,0.8256458734896434,0.3394575827232947,0.5826298848525492
44,SMYTH_av,0.8870596789368431,0.4810489181150268,0.6935769013707325
44,SPAIS_av,0.8789706324048391,0.4045781653488827,0.6360645921200792
44,SATIS_av,0.8736541518763578,0.30252069380656144,0.5500188122296922
45,SMORE_av,0.8770503709415006,0.468104756607435,0.6841818154609453
45,SPRIS_av,0.8306845901956544,0.332665900430695,0.5767719657114889
45,SMYTH_av,0.9092981518623162,0.3805375479530943,0.6168772551756908
45,SPAIS_av,0.8858964432781906,0.45591498860943264,0.675214772209134
45,SATIS_av,0.8547856524293118,0.34753122437280076,0.5895177897000232
46,SMORE_av,0.8852995619458631,0.44085082779324014,0.6639659839127605
46,SPRIS_av,0.844038409069281,0.35608842369023375,0.5967314502271803
46,SMYTH_av,0.8803421708615622,0.438754095233818,0.6623851562601761
46,SPAIS_av,0.8732658296502971,0.44854023555462647,0.669731465256506
46,SATIS_av,0.84011964526034,0.372454664110006,0.6102906390483194
47,SMORE_av,0.9226582983575355,0.29542567266904196,0.5435307467559144
47,SPRIS_av,0.8403049472426973,0.31761197010618786,0.5635707321234734
47,SMYTH_av,0.8734102337082319,0.5378712526074961,0.7333970634025583
47,SPAIS_av,0.8249629777364078,0.49994139127453974,0.7070653373448169
47,SATIS_av,0.848805483196569,0.34338516970458033,0.5859907590607384
48,SMORE_av,0.9041506232576897,0.370423718730909,0.6086244480226776
48,SPRIS_av,0.8350760748847036,0.3524788741227411,0.5936993128872065
48,SMYTH_av,0.881656171497168,0.5004471222470649,0.707422873709258
48,SPAIS_av,0.8722985726212613,0.4635404157765029,0.6808380246259039
48,SATIS_av,0.8440427460377153,0.3633218381918598,0.6027618420171102
49,SMORE_av,0.8975400349290015,0.38048876884989546,0.6168377167861053
49,SPRIS_av,0.8440155232220521,0.3852816576415315,0.6207106069993742
49,SMYTH_av,0.8750708469194391,0.5272874214498305,0.7261455924605138
49,SPAIS_av,0.864755088466965,0.6084085847968468,0.7800055030554892
49,SATIS_av,0.8401767382019713,0.4268413624458885,0.6533309746567114
50,SMORE_av,0.8957252520154027,0.3900886344514403,0.6245707601636826
50,SPRIS_av,0.862210963727831,0.2972230290434823,0.5451816477500708
50,SMYTH_av,0.9120913290791225,0.36677310380337075,0.6056179520154359
50,SPAIS_av,0.8811298334105676,0.4989905437498617,0.7063926271910415
50,SATIS_av,0.8728159430413909,0.34003563201441656,0.5831257428843427
51,SMORE_av,0.9161510741636094,0.3152937245993569,0.5615102177158995
51,SPRIS_av,0.8368011680725083,0.38787405940195135,0.6227953591686047
51,SMYTH_av,0.8817042805144326,0.5259299403192528,0.7252102731754789
51,SPAIS_av,0.8740019048704093,0.4589908386405967,0.6774886262075525
51,SATIS_av,0.8415968203502308,0.3428161254789423,0.5855050174669234
52,SMORE_av,0.8991330090639958,0.3498704276745604,0.5914984595707418
52,SPRIS_av,0.8489921307890625,0.32984145512181023,0.5743182524714066
52,SMYTH_av,0.873306428350457,0.47212218704567005,0.6871114807989094
52,SPAIS_av,0.8751206005474592,0.4930301900946527,0.7021610855741386
52,SATIS_av,0.8674125328423127,0.3194469231622899,0.5651963580582327
53,SMORE_av,0.9183779659160853,0.310824722889117,0.5575165673673895
53,SPRIS_av,0.8874981772676436,0.2575904234292663,0.5075336672864829
53,SMYTH_av,0.8988097209506241,0.48797442497899834,0.6985516623550461
53,SPAIS_av,0.8782326772070309,0.4966098360777198,0.704705495989438
53,SATIS_av,0.8490737657417915,0.3314930119792937,0.5757542982725302
54,SMORE_av,0.8918460794069623,0.38821397953824865,0.6230681981438698
54,SPRIS_av,0.8325575631177486,0.3502285958355954,0.5918011455173059
54,SMYTH_av,0.8771553321352265,0.44699603950978506,0.668577624146804
54,SPAIS_av,0.8655857049526924,0.5231372833962127,0.7232822985503051
54,SATIS_av,0.8467900969997026,0.3343372211963696,0.5782190079860482
55,SMORE_av,0.8832064923004589,0.4101933852521947,0.6404634144525312
55,SPRIS_av,0.8560294490513358,0.3317266344934983,0.5759571464037045
55,SMYTH_av,0.8768927220694015,0.5535780833865491,0.7440282813082774
55,SPAIS_av,0.8626909790045115,0.43409467208098285,0.658858613118917
55,SATIS_av,0.8397581548044827,0.3669144372527931,0.6057346260969345
56,SMORE_av,0.8940881078471974,0.33980470217811937,0.5829276989285372
56,SPRIS_av,0.8687076492632422,0.3024465179610925,0.5499513778154325
56,SMYTH_av,0.8985275905229049,0.4361796482246286,0.6604389814544782
56,SPAIS_av,0.9047724080871339,0.361359320077255,0.6011316994446849
56,SATIS_av,0.8677504880744621,0.32528653737972696,0.5703389670886314
57,SMORE_av,0.8873318498458964,0.3905873771854984,0.62496990102364
57,SPRIS_av,0.857659985356692,0.31587340417466403,0.5620261596889099
57,SMYTH_av,0.8969463271671502,0.36597336329049046,0.6049573235282721
57,SPAIS_av,0.8545170950495085,0.46686523888908066,0.6832753755910428
57,SATIS_av,0.8424633633138208,0.30366833532814613,0.5510610994510011
58,SMORE_av,0.914614177342005,0.3265756872095967,0.5714680106616613
58,SPRIS_av,0.8448880601391704,0.31413882848525776,0.5604808903836578
58,SMYTH_av,0.885151102951323,0.43175125449927443,0.657077814645476
58,SPAIS_av,0.8606471164561471,0.5089423647510988,0.7134019657606073
58,SATIS_av,0.8641331543585431,0.3161946531006751,0.5623118824110648
59,SMORE_av,0.901738542010215,0.3791469015776419,0.6157490573095844
59,SPRIS_av,0.8477593786229458,0.3387825583614341,0.5820503056965387
59,SMYTH_av,0.9113848139652249,0.3787373666599162,0.6154164172817591
59,SPAIS_av,0.8881168168403295,0.5128980651704537,0.716169019973954
59,SATIS_av,0.8667356032938153,0.338171521550826,0.5815251684586197
60,SMORE_av,0.8814803906722605,0.48410972634293026,0.6957799410323139
60,SPRIS_av,0.8132636420920084,0.4197706529479244,0.6478971005861381
60,SMYTH_av,0.8940489815481614,0.5159739726551502,0.7183132830841639
60,SPAIS_av,0.8996245943912479,0.42823419527394974,0.6543960538343349
60,SATIS_av,0.842693262910679,0.35330879127489934,0.5943978392246217
61,SMORE_av,0.9028891632704957,0.41380735950023545,0.6432786017739401
61,SPRIS_av,0.8790961073181938,0.3063138929750472,0.5534563153267358
61,SMYTH_av,0.8915717257389602,0.5226242819382122,0.7229275772428467
61,SPAIS_av,0.8725274551902841,0.5488533428612941,0.7408463692705081
61,SATIS_av,0.8600875325389701,0.3792744947100781,0.615852656655858
62,SMORE_av,0.861080400618436,0.5034955036031837,0.7095741706144494
62,SPRIS_av,0.8553094376303523,0.3623317840918611,0.6019400170215145
62,SMYTH_av,0.8777813912716529,0.4967072897483341,0.7047746375603581
62,SPAIS_av,0.8492958788448406,0.417346969314159,0.6460239696127064
62,SATIS_av,0.8294332078001696,0.4334330385732833,0.6583563158148354
63,SMORE_av,0.9026822339529909,0.376995228169505,0.6139993714732166
63,SPRIS_av,0.8599876118589398,0.32564115804807814,0.5706497682888149
63,SMYTH_av,0.8865868177840622,0.4718442032911876,0.6869091666961415
63,SPAIS_av,0.892965035338553,0.4311977550868134,0.6566564970262713
63,SATIS_av,0.8444441986913819,0.40122042222330684,0.6334196257010883
64,SMORE_av,0.8991795523791871,0.40892419563207816,0.6394718098806844
64,SPRIS_av,0.8634634892417795,0.3204982199921381,0.5661256220947238
64,SMYTH_av,0.8946181172638545,0.49541198667709363,0.7038550892599226
64,SPAIS_av,0.8310466037293547,0.7182446661726547,0.8474931658560172
64,SATIS_av,0.8592061394358105,0.31547083319567487,0.5616679029423658
65,SMORE_av,0.9221472825430037,0.2970380817443601,0.545012001468188
65,SPRIS_av,0.8781371262435645,0.25492043217131855,0.5048964568813279
65,SMYTH_av,0.8969858622117378,0.4039464083291931,0.6355677842128195
65,SPAIS_av,0.873507611537272,0.4017773049838356,0.6338590576649005
65,SATIS_av,0.8507523220230766,0.3259121205551967,0.5708871346905592
66,SMORE_av,0.9022321841754216,0.3130308635413682,0.5594916116809691
66,SPRIS_av,0.8706032621454869,0.315082015170094,0.5613216681815285
66,SMYTH_av,0.9083328652214264,0.3795192528865304,0.6160513394892754
66,SPAIS_av,0.8443088718990304,0.6382728864528893,0.7989198247965119
66,SATIS_av,0.8602049157268034,0.2850022036808329,0.5338559765337773
67,SMORE_av,0.9005667117013475,0.38094108042959635,0.6172042453107369
67,SPRIS_av,0.8316016888899171,0.3279451080302609,0.5726649177575495
67,SMYTH_av,0.9011576153421629,0.4350418406665415,0.6595770164783954
67,SPAIS_av,0.9026771658628285,0.447864783895025,0.6692270047562523
67,SATIS_av,0.8756319433800902,0.3222434441851031,0.5676649048383237
68,SMORE_av,0.9066479872435143,0.3236339610279048,0.5688883555038764
68,SPRIS_av,0.8420118699600946,0.35071823996973434,0.5922146907750047
68,SMYTH_av,0.9140423834636144,0.3652526705252,0.6043613741175059
68,SPAIS_av,0.8751303938217239,0.4267187551131148,0.6532371354363703
68,SATIS_av,0.8560390479894064,0.2699056968622668,0.5195244911091939
69,SMORE_av,0.9028573575419953,0.36153745624175876,0.601279848524594
69,SPRIS_av,0.830755184774563,0.3498219289676232,0.5914574616721165
69,SMYTH_av,0.8848677216538164,0.46153900256048547,0.679366618668069
69,SPAIS_av,0.8808462648799824,0.38985101525346766,0.6243805051837122
69,SATIS_av,0.8531418361977462,0.3252800099414398,0.5703332446398682
70,SMORE_av,0.8923284973973337,0.42759220138188103,0.6539053458887464
70,SPRIS_av,0.8597480735257429,0.30053113544693216,0.5482072011994481
70,SMYTH_av,0.8711086463399423,0.5546166878319709,0.7447259145698979
70,SPAIS_av,0.8719745588423454,0.5719866920967623,0.756298018043656
70,SATIS_av,0.8387925296991441,0.34345324657561216,0.5860488431654927
71,SMORE_av,0.8880821181369961,0.39201844565632493,0.626113764148597
71,SPRIS_av,0.8413541546241312,0.32595179531857627,0.5709218819756134
71,SMYTH_av,0.9001537462580171,0.3740079136124181,0.6115618640926019
71,SPAIS_av,0.8829034113548686,0.3707857696900497,0.6089218091758988
71,SATIS_av,0.8664589093866703,0.28465643100278526,0.5335320337175503
72,SMORE_av,0.9005959685570762,0.40322803559126735,0.6350023902248458
72,SPRIS_av,0.8238617648791232,0.3563524394752174,0.596952627496703
72,SMYTH_av,0.8886526532792381,0.42913247631097773,0.6550820378479154
72,SPAIS_av,0.8745476398152846,0.39126020142626233,0.6255079547266065
72,SATIS_av,0.8778295152569403,0.2978605067820644,0.5457659817010074
73,SMORE_av,0.8952097551912017,0.41529072619358826,0.6444305441190604
73,SPRIS_av,0.8620237331417276,0.3236650674782757,0.5689156945262415
73,SMYTH_av,0.8894832806568691,0.4972171762518425,0.7051362820418777
73,SPAIS_av,0.8714772564099114,0.4557767148523476,0.6751123720184274
73,SATIS_av,0.8462921514231192,0.4181419865086936,0.6466389924128405
74,SMORE_av,0.9086130384549432,0.3207643358461233,0.5663606058388271
74,SPRIS_av,0.8339009526308485,0.3280977039343604,0.5727981354145284
74,SMYTH_av,0.9064650110853429,0.42950955126314133,0.6553697820796602
74,SPAIS_av,0.873393968824564,0.47045800840841984,0.6858994156641481
74,SATIS_av,0.8620628486183284,0.32769538256323455,0.5724468381983034
75,SMORE_av,0.9065328387474427,0.3835810877522258,0.6193392347915848
75,SPRIS_av,0.8536077044062116,0.3464301382735352,0.5885831617312334
75,SMYTH_av,0.9030370594155567,0.45736341707675404,0.6762864903846254
75,SPAIS_av,0.8504203116380058,0.6007334497504725,0.7750699644228722
75,SATIS_av,0.8387622528993468,0.4543997435750444,0.6740917916538106
76,SMORE_av,0.9287899353985173,0.25772602936801187,0.5076672427565244
76,SPRIS_av,0.8415722704191212,0.3093495053958369,0.5561919681151796
76,SMYTH_av,0.9030756906936797,0.41787683941755055,0.6464339404900942
76,SPAIS_av,0.8942906560966959,0.37763410257972085,0.6145194078137165
76,SATIS_av,0.8938925510170067,0.2679779474428077,0.517665864668328
77,SMORE_av,0.9027097010676444,0.345648650033587,0.5879189145057225
77,SPRIS_av,0.8506578822360467,0.33793281906015266,0.5813198939139729
77,SMYTH_av,0.8817467789294462,0.4755083425887271,0.6895711294628909
77,SPAIS_av,0.8845161852862615,0.43839495252013877,0.662114002661278
77,SATIS_av,0.8699586860872702,0.30188976022317715,0.5494449564999001
78,SMORE_av,0.9223691159169624,0.32506573306735165,0.5701453613486228
78,SPRIS_av,0.847969418067608,0.3182020725973375,0.5640940281525213
78,SMYTH_av,0.90638727468673,0.451138820280612,0.6716686834151284
78,SPAIS_av,0.8918628924372793,0.44335960445771794,0.66585253957443
78,SATIS_av,0.8849993433010441,0.28023310477633373,0.5293704796986074
79,SMORE_av,0.8909738804606203,0.3693295656875801,0.6077249095500201
79,SPRIS_av,0.8505129455490994,0.3787723286388018,0.6154448217661773
79,SMYTH_av,0.881824059013205,0.49047658510934655,0.7003403352009269
79,SPAIS_av,0.8621817448602472,0.5569899259574009,0.7463175771462179
79,SATIS_av,0.8600006565124421,0.30163236330400595,0.5492106729698595
80,SMORE_av,0.8981058051121076,0.3779833088829627,0.6148034717557821
80,SPRIS_av,0.8627398571242532,0.3191037358132683,0.5648926763671736
80,SMYTH_av,0.8967409147217097,0.44818573374189136,0.669466753275987
80,SPAIS_av,0.8595940201595796,0.5577071125462814,0.746797906093932
80,SATIS_av,0.8410565105797854,0.31451290770538104,0.5608145038293687
81,SMORE_av,0.9089152719988025,0.33880587912308885,0.5820703386388013
81,SPRIS_av,0.8785953895967555,0.30084901798440333,0.5484970537609143
81,SMYTH_av,0.8700947563953136,0.5618763211158224,0.7495840987613214
81,SPAIS_av,0.870062922692475,0.5074965261691589,0.7123879042833047
81,SATIS_av,0.8586470385220766,0.3488132413338926,0.5906041325066161
82,SMORE_av,0.8867698222392942,0.39902661882084517,0.6316855379228221
82,SPRIS_av,0.8536663443217509,0.2784863155094366,0.5277180265155215
82,SMYTH_av,0.8841471871942388,0.45305473062015605,0.6730934040830857
82,SPAIS_av,0.886567689870518,0.4151377480933203,0.6443118407210288
82,SATIS_av,0.8401022882124131,0.34215387347905224,0.5849392049427463
83,SMORE_av,0.9147284495906821,0.3294383352421599,0.573967190039779
83,SPRIS_av,0.8282779941955499,0.3836345930562884,0.619382428759719
83,SMYTH_av,0.8585883677155943,0.5543992135522505,0.7445798906445503
83,SPAIS_av,0.8836359562017421,0.44091399274078585,0.6640135486123652
83,SATIS_av,0.8533006721811406,0.3274222881076637,0.5722082558891157
84,SMORE_av,0.8724661843131282,0.40446833841659063,0.6359782531003639
84,SPRIS_av,0.8297270808038802,0.35552481015796633,0.5962590126429673
84,SMYTH_av,0.8861732646510542,0.4902301979526836,0.7001644078019702
84,SPAIS_av,0.8653945150620792,0.4734040007548356,0.6880436038179816
84,SATIS_av,0.8734311611278917,0.2968146898114608,0.5448070207068378
85,SMORE_av,0.9208640337756562,0.33266298192876054,0.5767694356749156
85,SPRIS_av,0.8480316635129331,0.37701749552984315,0.6140175042536191
85,SMYTH_av,0.8964569171324082,0.44457115400670605,0.666761692065993
85,SPAIS_av,0.8697114929542783,0.4290849308539885,0.6550457471459444
85,SATIS_av,0.8608146622437265,0.3528963757492565,0.5940508191638628
86,SMORE_av,0.9025649446497566,0.34076217404008,0.5837483824732023
86,SPRIS_av,0.8307638998549661,0.3544898748351528,0.5953905229638382
86,SMYTH_av,0.8471591184561055,0.6390561881036307,0.7994098999284602
86,SPAIS_av,0.8859801646677803,0.4956626644341326,0.7040331415736993
86,SATIS_av,0.8395102625327164,0.39618114472751104,0.6294292213803797
87,SMORE_av,0.9134949136119134,0.27383377329674136,0.5232912891466295
87,SPRIS_av,0.863932653236172,0.2598375650677804,0.5097426459182912
87,SMYTH_av,0.8976804416204587,0.37213741618573287,0.6100306682337642
87,SPAIS_av,0.8700519490129326,0.529894301260127,0.7279383911157091
87,SATIS_av,0.8608916425482497,0.277844623705201,0.52710968849491
88,SMORE_av,0.9078128175229543,0.40729952490435267,0.6382002232092626
88,SPRIS_av,0.8583051146011926,0.3044916378726428,0.5518076094733043
88,SMYTH_av,0.8797315722444279,0.4669769684261059,0.6833571309543099
88,SPAIS_av,0.8542384338125276,0.5160753033785764,0.7183838134163216
88,SATIS_av,0.8539724209324299,0.3225098223370319,0.567899482599722
89,SMORE_av,0.9042789516979641,0.36098445109459354,0.600819815830498
89,SPRIS_av,0.8497784728139899,0.40175189593023874,0.6338390142064771
89,SMYTH_av,0.8910787440958321,0.423412454233649,0.6507015093217849
89,SPAIS_av,0.879357028862699,0.402487144063048,0.6344187450438772
89,SATIS_av,0.8789258358105272,0.29087694565878447,0.5393300897027575
90,SMORE_av,0.8931348522323979,0.3556282135220881,0.596345716444822
90,SPRIS_av,0.8519234400615505,0.307173672147676,0.5542325072996676
90,SMYTH_av,0.8789801582426355,0.5058999975106592,0.7112664743333957
90,SPAIS_av,0.8974194537732675,0.44131164127937644,0.6643129091620729
90,SATIS_av,0.8490919108885372,0.3657077544934049,0.6047377567949639
91,SMORE_av,0.9129404912286562,0.3666568864646509,0.6055219950296198
91,SPRIS_av,0.8614339769790711,0.3871185702109736,0.6221885326900308
91,SMYTH_av,0.9121751871523596,0.44638034544192484,0.668117014782534
91,SPAIS_av,0.8742965599563153,0.4584537921304834,0.6770921592593458
91,SATIS_av,0.9140134573114487,0.24317813191776488,0.4931309480429766
92,SMORE_av,0.903023112030815,0.37684464400141093,0.6138767335560218
92,SPRIS_av,0.8700649875605114,0.2899835067002002,0.5385011668512893
92,SMYTH_av,0.8954784993383145,0.43395009020117137,0.6587488825046851
92,SPAIS_av,0.8703787319984833,0.4914055888579823,0.701003273072232
92,SATIS_av,0.8378879522364319,0.3587491828875769,0.5989567454228869
93,SMORE_av,0.9066312302630208,0.346589686942462,0.5887186823453644
93,SPRIS_av,0.8527155354067333,0.32696587458420956,0.5718092991410769
93,SMYTH_av,0.8992191767298388,0.4384199175847228,0.6621328549352636
93,SPAIS_av,0.8649819960137584,0.5087438384867071,0.7132628116526945
93,SATIS_av,0.8674949117576232,0.3096575105727279,0.55646878670122
94,SMORE_av,0.8870452108272994,0.36316802116927127,0.6026342349794536
94,SPRIS_av,0.8642759033164548,0.33976751462225735,0.5828958008274355
94,SMYTH_av,0.8806073126287001,0.48617365590300937,0.697261540530531
94,SPAIS_av,0.8563839760688085,0.524352564293042,0.7241219263998584
94,SATIS_av,0.8559730038129223,0.3106614951940195,0.5573701599422232
95,SMORE_av,0.8829324547113748,0.40604456640196607,0.6372162634474783
95,SPRIS_av,0.8544328520542108,0.3153415734573782,0.5615528233900869
95,SMYTH_av,0.8681561723529706,0.468922261704922,0.684778987487877
95,SPAIS_av,0.8782030000733264,0.403887272290178,0.6355212602975435
95,SATIS_av,0.8592160293715122,0.2851320423038796,0.5339775672290734
96,SMORE_av,0.8945566783838138,0.4212308391546524,0.6490229881557759
96,SPRIS_av,0.831777471677489,0.37556738626882585,0.6128355295418387
96,SMYTH_av,0.853931886507242,0.588975782306337,0.767447576259341
96,SPAIS_av,0.8676173865758035,0.5190437894896871,0.7204469373171678
96,SATIS_av,0.853194430647313,0.37882974107067874,0.6154914630363924
97,SMORE_av,0.89799655035584,0.3789505676902274,0.6155896097971663
97,SPRIS_av,0.8810944101795545,0.3332732846535276,0.577298263165175
97,SMYTH_av,0.8894166978573645,0.44303130866993456,0.665605971029358
97,SPAIS_av,0.9041512960847745,0.38866247109730967,0.6234279999304728
97,SATIS_av,0.8808583624273725,0.32633842801319274,0.5712603854751288
98,SMORE_av,0.9120567125256842,0.30244865230992984,0.5499533183006807
98,SPRIS_av,0.8644386638431081,0.34691049664789686,0.5889910836743599
98,SMYTH_av,0.8890636626016462,0.47715937441779954,0.6907672360627707
98,SPAIS_av,0.8621588848526879,0.5077360459029618,0.7125559949245827
98,SATIS_av,0.8665990447099461,0.33336145510706316,0.577374622846435
99,SMORE_av,0.9188511551478247,0.31014457344819246,0.556906251938504
99,SPRIS_av,0.8662862724221649,0.35060333654142034,0.5921176711950256
99,SMYTH_av,0.8868828845194852,0.5066352210983234,0.7117831278544915
99,SPAIS_av,0.8600904130154065,0.5337595652712387,0.7305885061176631
99,SATIS_av,0.8404170266135961,0.4346859623835394,0.659307183628041
100,SMORE_av,0.915070974564001,0.3859540676814671,0.6212520162393577
100,SPRIS_av,0.8311082746329294,0.3574418220419596,0.5978643843230332
100,SMYTH_av,0.8649659059692141,0.5110616752085755,0.7148857777355593
100,SPAIS_av,0.8715808517999376,0.42150351136641745,0.6492330177728313
100,SATIS_av,0.8725003463452801,0.2942635339838201,0.542460628971191
101,SMORE_av,0.8826029358793425,0.45209118934019554,0.672377267120324
101,SPRIS_av,0.8615355569366615,0.3280985065326121,0.5727988360084298
101,SMYTH_av,0.8789557343420317,0.5166417264533059,0.7187779395983893
101,SPAIS_av,0.8751656515204169,0.5248658640659272,0.7244762688079763
101,SATIS_av,0.8402227758038685,0.3630195053570518,0.60251100019589
102,SMORE_av,0.9115818720198994,0.3460495331923618,0.5882597497639642
102,SPRIS_av,0.8101602520116309,0.37322705387566685,0.6109231161739314
102,SMYTH_av,0.8965611974156078,0.5119378965938385,0.7154983554095974
102,SPAIS_av,0.8869307029233896,0.37304492531794287,0.610774037855198
102,SATIS_av,0.8665064044834475,0.28574591691555556,0.5345520712854414
103,SMORE_av,0.8763270354354649,0.380278206101909,0.616667013956405
103,SPRIS_av,0.828082708075082,0.35398513259836595,0.5949664970385862
103,SMYTH_av,0.8624054305063014,0.5445394371300438,0.7379291545467247
103,SPAIS_av,0.7937198982103372,0.6645030799014501,0.8151705833145907
103,SATIS_av,0.849193916350564,0.29961595298299093,0.5473718598749765
104,SMORE_av,0.9194264509470256,0.296334795315213,0.5443664164101355
104,SPRIS_av,0.8512181630902707,0.3000845157080378,0.5477997040050658
104,SMYTH_av,0.8904524910996996,0.562246698209202,0.7498311131242835
104,SPAIS_av,0.8527404646333647,0.6627240859355727,0.8140786730627285
104,SATIS_av,0.8768431300437528,0.3496147063451835,0.5912822560716527
105,SMORE_av,0.8862110831186794,0.45742259561381826,0.6763302415342806
105,SPRIS_av,0.8433688333216616,0.3355379924636865,0.5792564133988388
105,SMYTH_av,0.9114746158880622,0.41558650755346843,0.6446599937590888
105,SPAIS_av,0.8733070327882044,0.49092758380324675,0.7006622465947817
105,SATIS_av,0.862392614229038,0.3435288504840643,0.5861133426941109
106,SMORE_av,0.8978101740537386,0.4024466521858912,0.6343868316617954
106,SPRIS_av,0.877632352375121,0.29140495641335756,0.5398193738773717
106,SMYTH_av,0.9008849871281446,0.46733252777370154,0.6836172377681107
106,SPAIS_av,0.9023839603137496,0.42443743288291863,0.6514886283604024
106,SATIS_av,0.8555251409713547,0.32828321137264277,0.5729600434346559
107,SMORE_av,0.9049379742195317,0.36824476900083586,0.6068317468630294
107,SPRIS_av,0.8370395092681915,0.3855516451808331,0.6209280515332136
107,SMYTH_av,0.8902179709091261,0.480857436629247,0.6934388485145947
107,SPAIS_av,0.8969572405199043,0.392552332581789,0.6265399688621541
107,SATIS_av,0.8705543537515317,0.2785502703040264,0.5277786186499283
108,SMORE_av,0.9177956838271865,0.35206132059702716,0.5933475546397973
108,SPRIS_av,0.8448397425233216,0.3904858817594802,0.6248886954966302
108,SMYTH_av,0.9043605936832413,0.4239513804745952,0.6511154893523845
108,SPAIS_av,0.8919027073448698,0.43542069913898257,0.6598641520335702
108,SATIS_av,0.8754489468995257,0.2808681038581913,0.5299699084459336
109,SMORE_av,0.8798481370306152,0.47943711933138955,0.6924139797342262
109,SPRIS_av,0.8656144714279528,0.3253954780103162,0.5704344642553746
109,SMYTH_av,0.8963465104592556,0.47304246278452583,0.6877808246705674
109,SPAIS_av,0.8726338001034254,0.5125531940704571,0.7159282045501889
109,SATIS_av,0.8497340754898568,0.3845575555026494,0.6201270478721674
110,SMORE_av,0.9121416390431764,0.3554245172561995,0.5961749049198561
110,SPRIS_av,0.8419304154779881,0.357822703925384,0.5981828348635424
110,SMYTH_av,0.9166113759874099,0.3951813205700218,0.6286344888486646
110,SPAIS_av,0.89565303104823,0.4000128172424256,0.6324656648723515
110,SATIS_av,0.8534767382476207,0.3241584954348902,0.5693491858560001
111,SMORE_av,0.9110515960435734,0.3769571688779947,0.6139683777508371
111,SPRIS_av,0.8574570734610655,0.33415159209747336,0.5780584677153976
111,SMYTH_av,0.8969095194268678,0.45810862086380005,0.6768372188819111
111,SPAIS_av,0.8849635577185464,0.4683490036228749,0.6843602878768427
111,SATIS_av,0.8469951363894336,0.3675253499832513,0.6062386906023496
112,SMORE_av,0.9065019621981506,0.26100563173423164,0.5108871027284126
112,SPRIS_av,0.8687279412255287,0.3138834852857478,0.5602530546866726
112,SMYTH_av,0.9121812892299576,0.3574680527469019,0.5978863209230513
112,SPAIS_av,0.903800067406603,0.309809982671453,0.5566057695276371
112,SATIS_av,0.8389780826121935,0.2990931362538557,0.5468940813849201
113,SMORE_av,0.9020430814744734,0.3675463743564482,0.6062560303670786
113,SPRIS_av,0.8581597241261285,0.3392181993218833,0.582424415114857
113,SMYTH_av,0.9028138555124345,0.43895780801341516,0.6625389105655721
113,SPAIS_av,0.889681208509929,0.4454401770251701,0.6674130482880674
113,SATIS_av,0.8202357237738115,0.49109871919118975,0.7007843599790093
114,SMORE_av,0.8960674420193382,0.40456076158933335,0.6360509111614677
114,SPRIS_av,0.8406297570320629,0.36728269441004413,0.6060385255163603
114,SMYTH_av,0.8858488450570989,0.5460129284413948,0.7389268762478428
114,SPAIS_av,0.868060175080377,0.4558139791478762,0.6751399700416768
114,SATIS_av,0.862525993525016,0.3243303282577193,0.5695000687073877
115,SMORE_av,0.9010043952144839,0.4165126116409966,0.6453778828260205
115,SPRIS_av,0.8476075539278035,0.3230345460474166,0.5683612812704756
115,SMYTH_av,0.8962312279910971,0.42624780253862876,0.6528765599549649
115,SPAIS_av,0.8719604201637694,0.5829166268541962,0.7634897686637302
115,SATIS_av,0.8164510698089353,0.38895325209166437,0.6236611676957804
116,SMORE_av,0.8971832684869341,0.31654799461684174,0.5626259811072021
116,SPRIS_av,0.8589405658250023,0.31848799587165044,0.564347407074446
116,SMYTH_av,0.8897435176009837,0.4132197837667249,0.6428217356053892
116,SPAIS_av,0.8933556773393421,0.41620000808980395,0.6451356509214198
116,SATIS_av,0.8721081702904167,0.28368858364644645,0.5326242424509482
117,SMORE_av,0.9010194543843866,0.3594376894004169,0.5995312247084524
117,SPRIS_av,0.8308378800282539,0.32573293948026194,0.5707301809789473
117,SMYTH_av,0.8630773222110534,0.5289777017732032,0.727308532724045
117,SPAIS_av,0.8794058581728832,0.3906120183425166,0.6249896145877278
117,SATIS_av,0.8417740638082415,0.39248675401866445,0.6264876327739155
118,SMORE_av,0.911664080018583,0.36478420233389236,0.6039736768551195
118,SPRIS_av,0.8439147276785594,0.3485326321577651,0.5903665235747748
118,SMYTH_av,0.9159502736803112,0.3976575967365021,0.6306009806022363
118,SPAIS_av,0.9033005739398793,0.41543792536335594,0.6445447427164044
118,SATIS_av,0.847507085587342,0.4163507472219292,0.6452524678154506
119,SMORE_av,0.8917706586766254,0.36432791011550486,0.6035958168472548
119,SPRIS_av,0.8860456273693731,0.2461539657947024,0.4961390589287467
119,SMYTH_av,0.9086155886021351,0.37906859015714284,0.6156854636558694
119,SPAIS_av,0.848974180502278,0.5086213987751058,0.7131769757746711
119,SATIS_av,0.8251697364585935,0.374953431422817,0.6123344114312187
120,SMORE_av,0.8918059120506806,0.37846431414829707,0.6151945335812868
120,SPRIS_av,0.8973139470425224,0.26568672409955524,0.5154480808961803
120,SMYTH_av,0.8754541639125213,0.5328425685070927,0.729960662301122
120,SPAIS_av,0.8757561620153029,0.514186804798572,0.7170682009394728
120,SATIS_av,0.8717139560744518,0.2789491592151173,0.5281563776147339
121,SMORE_av,0.9104779322165495,0.37386408864411586,0.6114442645442967
121,SPRIS_av,0.8923345800361075,0.2393739903287091,0.4892586129325769
121,SMYTH_av,0.9105622667377736,0.3680754659762821,0.6066922333245104
121,SPAIS_av,0.8820868297934779,0.4223422664766112,0.649878655193884
121,SATIS_av,0.8740598077802273,0.2813556726243148,0.5304297056390365
122,SMORE_av,0.8738937458723379,0.4047686244070665,0.6362142912628311
122,SPRIS_av,0.7897705483786418,0.4048295114560663,0.6362621405176221
122,SMYTH_av,0.8771464806576499,0.4564933194065043,0.6756428934033898
122,SPAIS_av,0.8479938701475831,0.5614873736006284,0.7493246116341225
122,SATIS_av,0.8445654259999436,0.3292939253524838,0.5738413764730492
123,SMORE_av,0.8823897614767591,0.4127557456581702,0.642460695808055
123,SPRIS_av,0.8386808337951424,0.3377871979136737,0.5811946299766315
123,SMYTH_av,0.893703011806303,0.46290689573960414,0.6803726153657305
123,SPAIS_av,0.8702294815632958,0.46814169810284645,0.6842088117693651
123,SATIS_av,0.825106645957722,0.37193256912557027,0.6098627461368421
124,SMORE_av,0.8962709310696704,0.3479093256718958,0.5898383894524802
124,SPRIS_av,0.8266211561739268,0.38223164124282705,0.6182488505794629
124,SMYTH_av,0.874842912583272,0.4930012211343645,0.7021404568420513
124,SPAIS_av,0.8572149332398251,0.6072870999414088,0.7792862759868217
124,SATIS_av,0.840314311088327,0.3587880701606204,0.5989892070485248
125,SMORE_av,0.9027852527211702,0.4353107445518507,0.659780830694444
125,SPRIS_av,0.8572911444443428,0.37048205531373424,0.6086723710780162
125,SMYTH_av,0.9025705374950718,0.4383669354654402,0.6620928450492727
125,SPAIS_av,0.8957432059591258,0.44039150984433084,0.6636200041019943
125,SATIS_av,0.8676752101633821,0.34914828973213374,0.5908877133027338
126,SMORE_av,0.898737590559013,0.42150027874657753,0.6492305281997894
126,SPRIS_av,0.8509136440795295,0.3330515568371498,0.5771061919934232
126,SMYTH_av,0.8692805407553243,0.511512854801821,0.7152012687361656
126,SPAIS_av,0.8783731444836677,0.5263230993931888,0.72548128810686
126,SATIS_av,0.860292969073436,0.32400423769944364,0.5692137012576591
127,SMORE_av,0.9108317364851725,0.34935317186186915,0.5910610559509645
127,SPRIS_av,0.8466600982253103,0.34851017151943203,0.5903475006463837
127,SMYTH_av,0.9128537767494286,0.4190494312716137,0.6473402747177204
127,SPAIS_av,0.8977597536298376,0.30926488035226124,0.5561158875200934
127,SATIS_av,0.8603701894102841,0.32094896655000704,0.5665235798711357
128,SMORE_av,0.893196845032949,0.3951572430851508,0.6286153379334224
128,SPRIS_av,0.8454378002411742,0.26279466636623944,0.512635022570873
128,SMYTH_av,0.8922599010604064,0.3790308172972123,0.6156547874395295
128,SPAIS_av,0.8841436680347196,0.40976310644745023,0.6401274142289566
128,SATIS_av,0.852438504454571,0.2688598555789248,0.5185169771366457
129,SMORE_av,0.9177638412172628,0.32148490179425687,0.5669963860504376
129,SPRIS_av,0.8601173551737255,0.30952333635117174,0.5563482150157145
129,SMYTH_av,0.9054231104228865,0.42114832520232476,0.6489594172229298
129,SPAIS_av,0.8519948743970034,0.6164877596203119,0.785167344978325
129,SATIS_av,0.8739330446940637,0.2981819385666763,0.5460603799642273
130,SMORE_av,0.8999565772675028,0.3049146114550202,0.5521907382915981
130,SPRIS_av,0.8338856000672439,0.4346227413815935,0.6592592368572423
130,SMYTH_av,0.8985705137226832,0.39709531178140345,0.6301549902852499
130,SPAIS_av,0.8255875440611952,0.49794734638126814,0.7056538431704799
130,SATIS_av,0.8441203703836049,0.29425394148001427,0.5424517872401328
131,SMORE_av,0.8942294918602787,0.3369980484943911,0.5805153301114373
131,SPRIS_av,0.8867858613419756,0.29122939464361247,0.5396567377913598
131,SMYTH_av,0.8878064656613492,0.5158589398218836,0.7182332071283557
131,SPAIS_av,0.8943924394124217,0.40723370552087373,0.6381486547199435
131,SATIS_av,0.8356185003024896,0.33405604641056397,0.5779758181884117
132,SMORE_av,0.8866530300667023,0.3823117731203512,0.6183136527041524
132,SPRIS_av,0.8427428973495377,0.32130227608743184,0.5668353165492
132,SMYTH_av,0.8874220270528709,0.5202901596338332,0.7213114165420046
132,SPAIS_av,0.8794661108263565,0.4227502951859669,0.6501925062517768
132,SATIS_av,0.8861899847179902,0.26460224663190296,0.5143950297503884
133,SMORE_av,0.9089602316042891,0.3182859146214936,0.5641683389038183
133,SPRIS_av,0.8644532294280418,0.3415693274150395,0.5844393274028019
133,SMYTH_av,0.9137889584151275,0.4000137154471467,0.6324663749537572
133,SPAIS_av,0.8949156257845741,0.41171344281729594,0.6416490028179705
133,SATIS_av,0.8680400565746982,0.2768862230149503,0.5261997938188026
134,SMORE_av,0.8995882760918282,0.38535471409540684,0.6207694532557211
134,SPRIS_av,0.8283247513244874,0.4033342531277521,0.6350860202584782
134,SMYTH_av,0.8758655116797343,0.5925137190998759,0.7697491273784439
134,SPAIS_av,0.9004549335829114,0.43943567383619514,0.6628994447396944
134,SATIS_av,0.865049027301365,0.34075276672156085,0.5837403247348609
135,SMORE_av,0.911011678128218,0.37830561147707376,0.6150655342945772
135,SPRIS_av,0.8543468567163468,0.31894459987081347,0.5647518037782735
135,SMYTH_av,0.9141019992704994,0.3791079629529598,0.6157174375904582
135,SPAIS_av,0.8848355497205256,0.4926598691755584,0.7018973352104696
135,SATIS_av,0.8523473271837974,0.3485690886929458,0.5903973989550986
136,SMORE_av,0.9157215621614385,0.31166600814868445,0.5582705510312043
136,SPRIS_av,0.8690774065404341,0.28400650280388184,0.5329226048910685
136,SMYTH_av,0.8939696809801126,0.45758274827712153,0.6764486294443367
136,SPAIS_av,0.9017834174977817,0.4239426629877759,0.6511087950471687
136,SATIS_av,0.8508959124247397,0.2927059976458387,0.5410231026914089
137,SMORE_av,0.9029681537600874,0.3537964396283441,0.5948079014508332
137,SPRIS_av,0.7998928712618372,0.4266503855493405,0.6531848019889475
137,SMYTH_av,0.8976281063235267,0.5026223841680092,0.7089586618188745
137,SPAIS_av,0.88136343619144,0.5154445262609652,0.7179446540374579
137,SATIS_av,0.8628153386513275,0.33699906671665425,0.5805162071093746
138,SMORE_av,0.8794611354325893,0.4325162145200657,0.6576596494540817
138,SPRIS_av,0.8302186242989802,0.31172468437953565,0.5583231003456114
138,SMYTH_av,0.8787103342421241,0.4145316906606926,0.643841355196055
138,SPAIS_av,0.8431582056789495,0.4621674580124431,0.6798289917416314
138,SATIS_av,0.8582861375346502,0.2700629508523601,0.519675813226246
139,SMORE_av,0.9117651747221944,0.35051033362549705,0.5920391318363145
139,SPRIS_av,0.8272784947085627,0.36124830773559874,0.6010393562285241
139,SMYTH_av,0.8815257196252886,0.5054810482658506,0.7109719039918881
139,SPAIS_av,0.8948418527274851,0.3385204340042458,0.5818250888404914
139,SATIS_av,0.8862675288895573,0.2842862005811824,0.5331849590725365
140,SMORE_av,0.920149849957204,0.34019929296417595,0.5832660567564136
140,SPRIS_av,0.8569899638413447,0.34057027955422847,0.5835839952862214
140,SMYTH_av,0.8899444843660667,0.4898685458602633,0.6999060978876118
140,SPAIS_av,0.8812669934474647,0.4457971451615297,0.6676804214304398
140,SATIS_av,0.8733943914478293,0.30921513627550706,0.5560711611615073
141,SMORE_av,0.8961027984080049,0.39812987443592746,0.6309753358380401
141,SPRIS_av,0.8582499554416485,0.3474081842058634,0.5894134238426059
141,SMYTH_av,0.9046073077679555,0.44085537689979676,0.6639694096114646
141,SPAIS_av,0.8535078064948315,0.5517149203788483,0.7427751479275867
141,SATIS_av,0.8596985787659526,0.3676311141431873,0.6063259141280267
142,SMORE_av,0.8953303965177589,0.3800838934158122,0.6165094430872995
142,SPRIS_av,0.8681248168447577,0.2939344792194344,0.5421572458424164
142,SMYTH_av,0.8731095030369207,0.5257113330181639,0.725059537567891
142,SPAIS_av,0.895326614131923,0.42675727097621885,0.6532666155378054
142,SATIS_av,0.8635585623926575,0.34223150990257695,0.5850055639928367
143,SMORE_av,0.8823807196188784,0.3871631509364443,0.6222243573956618
143,SPRIS_av,0.8353982555091828,0.31392702460867505,0.5602919101760038
143,SMYTH_av,0.9145591912627853,0.34467813357973753,0.5870929513967422
143,SPAIS_av,0.8300802687217194,0.5549821765386033,0.7449712588674836
143,SATIS_av,0.8355589549822064,0.31675223245184836,0.5628074559312877
144,SMORE_av,0.9135178458033322,0.34809351494354834,0.5899945041638509
144,SPRIS_av,0.8465520455387826,0.31699619428052644,0.5630241507080548
144,SMYTH_av,0.8977840636732486,0.4341724111415092,0.65891760573042
144,SPAIS_av,0.8771406012774096,0.42663821108212696,0.6531754826094799
144,SATIS_av,0.8192702173594282,0.443971890982032,0.6663121573121955
145,SMORE_av,0.8842142740222179,0.3609802176899565,0.6008162927966888
145,SPRIS_av,0.8730962035649992,0.2552019679172506,0.5051751853735995
145,SMYTH_av,0.8879751238198319,0.39733983839142584,0.6303489814312591
145,SPAIS_av,0.8832485712548036,0.3766654773436816,0.6137307857226013
145,SATIS_av,0.8385754996385203,0.2934071118793655,0.5416706673610502
146,SMORE_av,0.9256855745420267,0.31967093255001794,0.5653944928543414
146,SPRIS_av,0.8610999525290624,0.3520317099411462,0.5933226019132813
146,SMYTH_av,0.9012845115475743,0.4376481421593123,0.6615498032342783
146,SPAIS_av,0.8709312096649677,0.5028131271639993,0.7090931724138932
146,SATIS_av,0.8758030062031514,0.29585075726423443,0.5439216462545267
147,SMORE_av,0.8668698784801191,0.39930161114529616,0.6319031659560633
147,SPRIS_av,0.8612194218730014,0.32401135842119777,0.5692199560988684
147,SMYTH_av,0.9022902454875658,0.4143675269363312,0.6437138548581437
147,SPAIS_av,0.8830906769748587,0.38163475277333975,0.617765936883331
147,SATIS_av,0.8357484244594475,0.32523454472784796,0.5702933847835234
148,SMORE_av,0.8999275289630231,0.396550998723351,0.6297229539435187
148,SPRIS_av,0.867221421070138,0.30439079409242065,0.5517162260550442
148,SMYTH_av,0.873670128286949,0.5093272879956479,0.7136716948258827
148,SPAIS_av,0.8223955645670922,0.562134263735551,0.7497561361773246
148,SATIS_av,0.8537676151214025,0.3112375925706993,0.5578867201956856
149,SMORE_av,0.8619328951330874,0.47036971283953743,0.6858350478355109
149,SPRIS_av,0.8327523766302205,0.4612730748247994,0.6791708730686258
149,SMYTH_av,0.8741197992294001,0.5919180760702073,0.7693621228460674
149,SPAIS_av,0.862911324400279,0.4549651577125557,0.6745110508453925
149,SATIS_av,0.8388148935249902,0.4513873409114632,0.67185366033941
150,SMORE_av,0.8960811033928185,0.29328817733033974,0.5415608713065778
150,SPRIS_av,0.8724608811753105,0.2803026411502619,0.5294361539886201
150,SMYTH_av,0.8740310404562704,0.4823816706286652,0.6945370189044391
150,SPAIS_av,0.8888637113414501,0.4359732538515539,0.6602827075212208
150,SATIS_av,0.8521059465992583,0.33307699332132423,0.5771282295307727
151,SMORE_av,0.8777529823586413,0.45574910646874933,0.6750919244582543
151,SPRIS_av,0.857079919247164,0.3473776664978722,0.5893875350716812
151,SMYTH_av,0.9092548886150008,0.37978486725323457,0.6162668798931471
151,SPAIS_av,0.8711395880080797,0.45969138387134006,0.6780054453109798
151,SATIS_av,0.8473507256898463,0.33857110595382106,0.5818686329007786
152,SMORE_av,0.9156256001229219,0.2985029768621887,0.5463542594893799
152,SPRIS_av,0.8943054177194272,0.26394207671670994,0.5137529335358679
152,SMYTH_av,0.8770482786554008,0.470249131655139,0.6857471339022417
152,SPAIS_av,0.8885678372218495,0.36156352585455104,0.6013015265692837
152,SATIS_av,0.8544274034108218,0.33574375134373513,0.579433992223217
153,SMORE_av,0.8829851696938129,0.39799312912741824,0.6308669662673885
153,SPRIS_av,0.8659386962618679,0.30014571524474415,0.5478555605675133
153,SMYTH_av,0.9050639056518629,0.4598697659212608,0.6781369816794103
153,SPAIS_av,0.8581873652895291,0.4745717802027474,0.6888917042632662
153,SATIS_av,0.8722233869516384,0.319824253999987,0.5655300646296243
154,SMORE_av,0.9053478326659686,0.38490303846383844,0.6204055435469918
154,SPRIS_av,0.8608333291216252,0.30800917393057226,0.5549857420966526
154,SMYTH_av,0.8989763503445012,0.3900277962475645,0.6245220542523414
154,SPAIS_av,0.858565243035478,0.4624087151387297,0.680006408160048
154,SATIS_av,0.8426094865861243,0.35979813985216696,0.5998317596227853
155,SMORE_av,0.9111620105106953,0.3443528277696707,0.5868158380358106
155,SPRIS_av,0.856226147186789,0.40423545206254263,0.6357951337204011
155,SMYTH_av,0.8790264561904058,0.536237330770029,0.7322822753351531
155,SPAIS_av,0.8868695380162289,0.45952322685950964,0.6778814253684118
155,SATIS_av,0.8716596122613227,0.3459054576120971,0.5881372778629979
156,SMORE_av,0.9035721001926943,0.3404804856929427,0.5835070571063753
156,SPRIS_av,0.8652334469105344,0.2810340172682019,0.5301264163086027
156,SMYTH_av,0.8793248712333257,0.46792966477209375,0.6840538463981427
156,SPAIS_av,0.8727691562962282,0.40217889599924217,0.6341757611256064
156,SATIS_av,0.8722737781536236,0.25947874492998524,0.509390562270234
157,SMORE_av,0.8987423217931377,0.3676960618009156,0.6063794701347627
157,SPRIS_av,0.8906431996416098,0.2807803353399422,0.5298870967856664
157,SMYTH_av,0.8536151324613491,0.5569631271528839,0.7462996229081748
157,SPAIS_av,0.861667895247276,0.4580447529160909,0.6767900360644289
157,SATIS_av,0.8379567339869498,0.4137357747514157,0.6432229588186477
158,SMORE_av,0.9087343120887768,0.3971662077744328,0.6302112405967009
158,SPRIS_av,0.8189072726171261,0.438973466172722,0.662550727244882
158,SMYTH_av,0.8911277831314259,0.51512918443957,0.7177250061406318
158,SPAIS_av,0.8876417714926569,0.4574028577048265,0.6763156494602403
158,SATIS_av,0.8851673610082544,0.2992108665805216,0.5470017061952563
159,SMORE_av,0.8907355904363015,0.35655919695399063,0.5971257798437366
159,SPRIS_av,0.8203975726080716,0.418879202538872,0.6472087781688936
159,SMYTH_av,0.8483891409427133,0.5274306621314954,0.7262442165907385
159,SPAIS_av,0.8816205025216304,0.4010991131097941,0.6333238611561972
159,SATIS_av,0.8295531020977758,0.3215961536047887,0.5670944838426739
160,SMORE_av,0.8890609344067739,0.4498917350689747,0.6707396924806036
160,SPRIS_av,0.8427663347843575,0.34134477551699266,0.5842471869996403
160,SMYTH_av,0.8895233911205966,0.5050943421279863,0.7106998959673388
160,SPAIS_av,0.8655380574084435,0.4208408139494345,0.6487224475455081
160,SATIS_av,0.8500975829051299,0.36235472794279333,0.6019590749733684
161,SMORE_av,0.8790138898306364,0.41318638628995863,0.6427957578344451
161,SPRIS_av,0.844691022832325,0.38416174025067173,0.6198078252576936
161,SMYTH_av,0.8651255108312274,0.558232023220633,0.7471492643512627
161,SPAIS_av,0.8427845309073954,0.5703241521525751,0.7551980880223249
161,SATIS_av,0.8489228209416587,0.3517456648186974,0.5930814993057003
162,SMORE_av,0.9011720358834278,0.340151840880107,0.5832253774314926
162,SPRIS_av,0.8663228937676892,0.30756313078504927,0.5545837455110357
162,SMYTH_av,0.8902735318352648,0.46297747017564367,0.6804244779368565
162,SPAIS_av,0.8925673947507358,0.3259702866203198,0.5709380759945161
162,SATIS_av,0.8832965487050819,0.31251450906198625,0.5590299715238766
163,SMORE_av,0.895210751806372,0.38828491593168935,0.6231251206071613
163,SPRIS_av,0.8499910243607918,0.33096591413038234,0.5752963706911268
163,SMYTH_av,0.899134806863051,0.4063343546568054,0.6374436090014594
163,SPAIS_av,0.852557379984283,0.47080157836314895,0.6861498220965658
163,SATIS_av,0.8657500764620728,0.32396314813978067,0.5691776068502525
164,SMORE_av,0.8716065284323883,0.3988152878094292,0.6315182402824396
164,SPRIS_av,0.8293815244008617,0.4074885265536089,0.6383482799801444
164,SMYTH_av,0.8682653075201041,0.5356138799862741,0.7318564613271336
164,SPAIS_av,0.819125453464298,0.5090068769729448,0.713447178824715
164,SATIS_av,0.8231646474366735,0.33417667259059547,0.5780801610422169
165,SMORE_av,0.9016502386943086,0.4235596386898445,0.6508145962483052
165,SPRIS_av,0.8719844349437079,0.3174515758314258,0.5634284123395144
165,SMYTH_av,0.8991316791571835,0.46888621011637316,0.6847526634605908
165,SPAIS_av,0.8718629690717474,0.47024328746738453,0.685742872706224
165,SATIS_av,0.8599194664988167,0.38804089756682514,0.6229292877741623
166,SMORE_av,0.9010160650679819,0.36234899484839966,0.601954312924494
166,SPRIS_av,0.9064436018870637,0.21600855604599833,0.46476720629364365
166,SMYTH_av,0.8719174502151614,0.5000536859819995,0.7071447418895226
166,SPAIS_av,0.8746954763625183,0.3776184859186288,0.6145067012804896
166,SATIS_av,0.8683043908377233,0.2849565684340508,0.533813233663283
167,SMORE_av,0.898153172013796,0.32780198255880894,0.5725399397062261
167,SPRIS_av,0.8732876990790742,0.27225764776230754,0.5217831424665879
167,SMYTH_av,0.9020577212603039,0.39542166547734825,0.6288256240623057
167,SPAIS_av,0.8752178872776423,0.37431937906864543,0.6118164586447846
167,SATIS_av,0.8786877223321665,0.28319647005159276,0.5321620712260436
168,SMORE_av,0.9097591383688607,0.4024807001098693,0.634413666395885
168,SPRIS_av,0.8687329483433555,0.27189279586405407,0.521433405013578
168,SMYTH_av,0.8946298750280791,0.46793701720863706,0.6840592205420792
168,SPAIS_av,0.85298157438624,0.5169075277422932,0.7189628138800318
168,SATIS_av,0.845949700269556,0.31422142657405555,0.5605545705585279
169,SMORE_av,0.8989911309617884,0.3810514691635849,0.6172936652547026
169,SPRIS_av,0.8629086896179609,0.2949433226118592,0.5430868462887489
169,SMYTH_av,0.888148569438452,0.46585375152681013,0.6825347987661948
169,SPAIS_av,0.8464746531460585,0.5941713334070758,0.770825099102952
169,SATIS_av,0.8799792716798586,0.26820580378996756,0.5178858984274118
170,SMORE_av,0.9031973040574082,0.42394917084081785,0.6511137925438363
170,SPRIS_av,0.8682715000358262,0.3634672286344812,0.6028824335096199
170,SMYTH_av,0.8828794437024474,0.46169964364106764,0.6794848369471298
170,SPAIS_av,0.8852775151289323,0.42570270746883415,0.6524589699504745
170,SATIS_av,0.8696207081846443,0.3640504393395142,0.6033659249075259
171,SMORE_av,0.9057750083067567,0.370313472342519,0.608533871154695
171,SPRIS_av,0.8531936451990847,0.3185518469190662,0.5644039749320217
171,SMYTH_av,0.8967498276119713,0.4091788729489304,0.6396709098817379
171,SPAIS_av,0.8511861726536166,0.49684729745221307,0.7048739585572821
171,SATIS_av,0.867851611272751,0.35665249953321665,0.5972039011369706
172,SMORE_av,0.9072502739043733,0.4034571863059273,0.6351827975519546
172,SPRIS_av,0.8362559578506087,0.34061671772267166,0.5836237809776703
172,SMYTH_av,0.9044593302489794,0.4075012960351302,0.6383582818724374
172,SPAIS_av,0.87429235239277,0.4268611135303239,0.6533460901622692
172,SATIS_av,0.8617185361447617,0.29820573275891793,0.5460821666735858
173,SMORE_av,0.8774342349359119,0.4092274245529066,0.6397088592108965
173,SPRIS_av,0.8516640939712952,0.34343040286037646,0.5860293532412659
173,SMYTH_av,0.9089744960856865,0.3664442434681978,0.605346383047093
173,SPAIS_av,0.8723200176026649,0.44807729289226567,0.6693857579096418
173,SATIS_av,0.8222136442200336,0.40288923993386316,0.6347355669362346
174,SMORE_av,0.9134703414433473,0.36457829471869674,0.6038031920408311
174,SPRIS_av,0.8815004999409248,0.2783025128986177,0.5275438492662176
174,SMYTH_av,0.8776037846415439,0.43505794587312946,0.6595892251038744
174,SPAIS_av,0.8749610021568499,0.3597381230095417,0.5997817294729323
174,SATIS_av,0.8610561494585148,0.29277923668718403,0.5410907841454926
175,SMORE_av,0.8764543217983952,0.4187625239087546,0.6471186320210187
175,SPRIS_av,0.8818740610058993,0.31494650353911574,0.5612009475572148
175,SMYTH_av,0.900238445931221,0.4490655510234896,0.6701235341513455
175,SPAIS_av,0.87841271070812,0.43940205315545694,0.6628740854456877
175,SATIS_av,0.8281121142607348,0.37634408246580936,0.6134688928265306
176,SMORE_av,0.8875860726781827,0.4173954102331816,0.6460614601051371
176,SPRIS_av,0.8558133134189423,0.36684386218939297,0.605676367534175
176,SMYTH_av,0.9253818464985447,0.370724244478072,0.6088712872833404
176,SPAIS_av,0.8702244245429636,0.4441030741704067,0.6664105897796093
176,SATIS_av,0.8381310966690086,0.332859908521469,0.5769401255949087
177,SMORE_av,0.9153776131013185,0.32246022462857893,0.5678558132383421
177,SPRIS_av,0.8690830300309033,0.3344046105357296,0.5782772782461106
177,SMYTH_av,0.9017607239646745,0.4451218977446566,0.6671745631726802
177,SPAIS_av,0.9027727970672321,0.3852569099754833,0.6206906717322915
177,SATIS_av,0.8761110101851984,0.30039107716447705,0.548079444209028
178,SMORE_av,0.9012413685238634,0.374329844654662,0.6118250114654206
178,SPRIS_av,0.8985009829938998,0.22804561056816625,0.47754121347603734
178,SMYTH_av,0.9126739066951928,0.38464233230990735,0.6201953984914007
178,SPAIS_av,0.8904277871270535,0.34157432906496393,0.5844436064026742
178,SATIS_av,0.8375061993751367,0.33861349863545787,0.581905059812559
179,SMORE_av,0.8945421215246663,0.34794556821377826,0.589869111086331
179,SPRIS_av,0.8534255596545595,0.34529029493643243,0.5876140697230049
179,SMYTH_av,0.8779263677517164,0.4641133158382318,0.681258626248675
179,SPAIS_av,0.8970070427742884,0.4001497632349233,0.6325739191864642
179,SATIS_av,0.8639931634933653,0.3034631413775828,0.5508748872272022
180,SMORE_av,0.8782173198959387,0.34753578076635044,0.5895216541963072
180,SPRIS_av,0.8680140408232286,0.29651362689827576,0.5445306482635075
180,SMYTH_av,0.896594072349902,0.43270095529708347,0.6578000876383975
180,SPAIS_av,0.851574854590575,0.5036772493693988,0.7097022258450363
180,SATIS_av,0.877192402618761,0.3020406630695508,0.5495822623316284
181,SMORE_av,0.8917799297626158,0.36760967832959474,0.6063082370623004
181,SPRIS_av,0.8873744839115962,0.2605481470066074,0.5104391707212598
181,SMYTH_av,0.87396595769408,0.4451385697328103,0.6671870575279547
181,SPAIS_av,0.8492936772621671,0.5218734827212992,0.7224081136873389
181,SATIS_av,0.834224815601034,0.3193472477352062,0.5651081734811542
182,SMORE_av,0.9107143809823836,0.30962367756685666,0.5564383861370966
182,SPRIS_av,0.8722867933283764,0.26310891457173474,0.5129414338613472
182,SMYTH_av,0.9186278088322027,0.2972593411037666,0.5452149494500005
182,SPAIS_av,0.8681886321154391,0.44564430828258833,0.6675659580015958
182,SATIS_av,0.88617487062053,0.2765123669511751,0.5258444322717272
183,SMORE_av,0.8953170256076788,0.3886624808502363,0.6234280077524881
183,SPRIS_av,0.8486188441820891,0.35557172128805786,0.5962983492246627
183,SMYTH_av,0.884302614559355,0.5024261804880401,0.7088202737563593
183,SPAIS_av,0.8887904457304631,0.3882773123681531,0.6231190194241812
183,SATIS_av,0.8669376201008117,0.3127725077172483,0.5592606795737103
184,SMORE_av,0.9015439645404252,0.36059851173854157,0.6004985526531613
184,SPRIS_av,0.8630679509183521,0.27635659956040665,0.5256962997400749
184,SMYTH_av,0.8845877712455512,0.5273464798799209,0.7261862570166974
184,SPAIS_av,0.8635636018121091,0.4772073576618687,0.6908019670367685
184,SATIS_av,0.8923176355828331,0.2465420453142447,0.49653000444509365
185,SMORE_av,0.9011670974665366,0.3536626042081186,0.5946953877474741
185,SPRIS_av,0.8418888272448629,0.29804932059236894,0.5459389348566092
185,SMYTH_av,0.8718779016215468,0.46258392510492796,0.6801352256021798
185,SPAIS_av,0.8635552399076747,0.4152382955812671,0.6443898630342249
185,SATIS_av,0.8560488028160034,0.29433143110100257,0.5425232078916096
186,SMORE_av,0.8855897208457828,0.4250416110138085,0.6519521539298789
186,SPRIS_av,0.8508478904014485,0.305391522340731,0.5526224048486733
186,SMYTH_av,0.8918934757310963,0.46059990653103805,0.6786751111769446
186,SPAIS_av,0.8636400454606427,0.4854119776761069,0.6967151338072878
186,SATIS_av,0.8330209017381593,0.3183895727758781,0.5642601995319872
187,SMORE_av,0.9083163737507007,0.3339678364309343,0.5778995037469182
187,SPRIS_av,0.8592771948725325,0.33121700791436376,0.5755145592549017
187,SMYTH_av,0.8855288735036796,0.46292408461026807,0.6803852472021039
187,SPAIS_av,0.8637958108289889,0.42549516083744,0.6522999009945042
187,SATIS_av,0.8678976098724726,0.30017497301358903,0.547882261999409
188,SMORE_av,0.9026035950856006,0.3688906583922216,0.607363695319552
188,SPRIS_av,0.8630932756031289,0.3181644666724322,0.5640606941388774
188,SMYTH_av,0.890695420756059,0.4630095340152862,0.6804480391736655
188,SPAIS_av,0.8938601578590893,0.4696470493577328,0.6853079959826333
188,SATIS_av,0.8880776346833519,0.280116453441737,0.5292602889332781
189,SMORE_av,0.8870780483924505,0.3511622259199891,0.592589424407818
189,SPRIS_av,0.8531073545293311,0.3232791579645079,0.5685764310666667
189,SMYTH_av,0.8703565894778563,0.4979300320671384,0.7056415747864764
189,SPAIS_av,0.8815061089125958,0.369976548206045,0.6082569754684651
189,SATIS_av,0.8389756868227946,0.33321184681775645,0.5772450491929372
190,SMORE_av,0.9084998342054948,0.31284195418997807,0.5593227638760808
190,SPRIS_av,0.8233068163356966,0.35505317302784006,0.5958633845336027
190,SMYTH_av,0.8471306073639846,0.5740938021976137,0.7576897796576206
190,SPAIS_av,0.8586602780679,0.5569580734411174,0.7462962370541053
190,SATIS_av,0.8624444266931444,0.32839175394299275,0.5730547564962643
191,SMORE_av,0.8969852205109315,0.33657245147008513,0.5801486460124553
191,SPRIS_av,0.8774496028672136,0.2660839943000778,0.5158333008832192
191,SMYTH_av,0.8660669419018339,0.5367344088220602,0.7326216000242283
191,SPAIS_av,0.8799486991261423,0.46376869829097395,0.6810056521725601
191,SATIS_av,0.8181950085635475,0.42247114216499776,0.6499778012863191
192,SMORE_av,0.8931340859308061,0.401584104102505,0.633706638834173
192,SPRIS_av,0.8476859981160004,0.32681338433130314,0.5716759434603691
192,SMYTH_av,0.8763160013098681,0.5173338309105402,0.7192592237229497
192,SPAIS_av,0.8741699675921208,0.5068497397134172,0.7119338029012369
192,SATIS_av,0.858940474600424,0.36564999167432255,0.6046899963405402
193,SMORE_av,0.9354389348086397,0.2523638667849716,0.5023583051816418
193,SPRIS_av,0.8669461195887554,0.3175757942544067,0.5635386359908313
193,SMYTH_av,0.9080415419253348,0.3811345401928772,0.6173609480627011
193,SPAIS_av,0.8947618300773985,0.40717505439253887,0.6381026989384537
193,SATIS_av,0.8840251750684434,0.3182580882790317,0.5641436769822309
194,SMORE_av,0.89723412954974,0.39641591973286305,0.6296156920954743
194,SPRIS_av,0.8524771923536092,0.37278995279550664,0.6105652731653731
194,SMYTH_av,0.9011738912619234,0.4659640046321567,0.6826155613756228
194,SPAIS_av,0.8728362785044864,0.47208024479621313,0.6870809594190579
194,SATIS_av,0.8353922733749319,0.3529846596707356,0.5941251212250965
195,SMORE_av,0.8904941597443419,0.3852857863788684,0.6207139328054981
195,SPRIS_av,0.8307829469505885,0.3880326688973157,0.6229226829208547
195,SMYTH_av,0.8741333929729069,0.5187944075714173,0.7202738420707899
195,SPAIS_av,0.8683911684559523,0.5607948175314847,0.7488623488542369
195,SATIS_av,0.8141212088547236,0.41884556941639817,0.6471827944378606
196,SMORE_av,0.9089278045708491,0.3851696527784741,0.620620377347114
196,SPRIS_av,0.873096880865933,0.33034229277047705,0.5747541150531043
196,SMYTH_av,0.9012622291481885,0.4826285124689598,0.694714698613006
196,SPAIS_av,0.8777812599636104,0.5302876485518885,0.7282085199665604
196,SATIS_av,0.9031732350510392,0.28852180336537514,0.5371422561718405
197,SMORE_av,0.902037290825896,0.3421744258030284,0.5849567725935212
197,SPRIS_av,0.8645662474236322,0.3539551091453553,0.594941265290411
197,SMYTH_av,0.8923081194862632,0.481470965375367,0.6938810887863762
197,SPAIS_av,0.8944002962071118,0.4587210718061609,0.677289503688165
197,SATIS_av,0.8600254479071721,0.3344442443804734,0.5783115461241227
198,SMORE_av,0.9015706171057066,0.33997753831486366,0.5830759284303063
198,SPRIS_av,0.8651390337070496,0.3028018291623806,0.5502743217363323
198,SMYTH_av,0.8938239489545097,0.5382261750897629,0.7336389950716653
198,SPAIS_av,0.8667099925526611,0.43499868608254494,0.6595443018346416
198,SATIS_av,0.8654684267600872,0.2836000303660273,0.5325411067382755
199,SMORE_av,0.9158543941271667,0.3674913110132008,0.606210616051221
199,SPRIS_av,0.8660224706527473,0.31217492117081647,0.5587261593757862
199,SMYTH_av,0.9103332544124528,0.38286504809274796,0.6187608973527238
199,SPAIS_av,0.9126336200230667,0.36479982962988217,0.6039866137836849
199,SATIS_av,0.8776517492559691,0.3007658472371969,0.5484212315704023
200,SMORE_av,0.8889279252292608,0.4121890124932456,0.6420194798393937
200,SPRIS_av,0.8004219888408098,0.3636087146048649,0.6029997633539046
200,SMYTH_av,0.9250717313732675,0.32501355350014915,0.5700995996316338
200,SPAIS_av,0.8739205214686845,0.5075299834079439,0.712411386354783
200,SATIS_av,0.853668480064228,0.35314544069005815,0.5942604148772306
201,SMORE_av,0.9015172530541996,0.4144770712325708,0.643798936961355
201,SPRIS_av,0.8364566172419721,0.35206751246881757,0.5933527723612805
201,SMYTH_av,0.9092868485501353,0.40733430357485223,0.6382274700879399
201,SPAIS_av,0.8752055148652333,0.5192461262868617,0.7205873481312739
201,SATIS_av,0.8516426420024709,0.3779130865469286,0.6147463595231196
202,SMORE_av,0.919339775758117,0.33281301162015886,0.5768994813831599
202,SPRIS_av,0.8566526496114515,0.2922417123210213,0.5405938515383072
202,SMYTH_av,0.9096630009928501,0.4311299551803266,0.6566048699029932
202,SPAIS_av,0.8979835346146867,0.40498332698532014,0.6363830033755774
202,SATIS_av,0.9145539594030287,0.24081833074370868,0.4907324431334336
203,SMORE_av,0.8970902369147533,0.4069280720753068,0.6379091409247142
203,SPRIS_av,0.8020133298795846,0.3135336462265923,0.5599407524252832
203,SMYTH_av,0.8918913126143526,0.4160814607157486,0.6450437665118147
203,SPAIS_av,0.8538042613752937,0.414012073188438,0.643437699539309
203,SATIS_av,0.8918834280448946,0.2822612582795848,0.5312826538478221
204,SMORE_av,0.8890356916815776,0.4021309052182151,0.6341379228671119
204,SPRIS_av,0.8770378113083023,0.3016818095534025,0.5492556868648721
204,SMYTH_av,0.8971047250236275,0.4067260892510046,0.6377508049787194
204,SPAIS_av,0.868243934851322,0.44990239314711694,0.6707476374517595
204,SATIS_av,0.8885705496473426,0.3095616254082873,0.5563826250057484
205,SMORE_av,0.873029511174096,0.396582954247202,0.6297483261170307
205,SPRIS_av,0.8702491772184264,0.29420182116096893,0.5424037436826639
205,SMYTH_av,0.8844336493940707,0.46410979001656566,0.681256038517506
205,SPAIS_av,0.8597009619595115,0.4714394095538289,0.686614454809851
205,SATIS_av,0.8438898467032463,0.32019817261127065,0.5658605593353107
206,SMORE_av,0.8926631434341958,0.4203608983999101,0.6483524492125483
206,SPRIS_av,0.8773567173070719,0.29695057816036247,0.5449317188055421
206,SMYTH_av,0.9077850214323535,0.4293232674800808,0.6552276455401441
206,SPAIS_av,0.886010493622446,0.4122682400880556,0.6420811787368134
206,SATIS_av,0.8674397310771503,0.3084649202357889,0.5553961831303749
207,SMORE_av,0.9080825512173273,0.34099939586170547,0.583951535541868
207,SPRIS_av,0.8338765747938177,0.34533245414305014,0.5876499418387192
207,SMYTH_av,0.9056750718910217,0.37544679354814053,0.6127371325031155
207,SPAIS_av,0.8677217568912692,0.5971954410176765,0.7727842137477166
207,SATIS_av,0.8658000047280976,0.32605729917003456,0.5710142722997689
208,SMORE_av,0.9117544673435166,0.3529466755319239,0.594093153917737
208,SPRIS_av,0.8508621696584181,0.32365928764885754,0.5689106148147155
208,SMYTH_av,0.9052612568452169,0.4282279192362063,0.6543912585267366
208,SPAIS_av,0.905042885228477,0.3357496008711628,0.5794390398231403
208,SATIS_av,0.8364122330404431,0.3699615248727026,0.6082446258477773
209,SMORE_av,0.9141335327134176,0.3316520171111727,0.5758923659080512
209,SPRIS_av,0.8799221469524507,0.2638340210062341,0.5136477596624306
209,SMYTH_av,0.8737634493715495,0.4800411898082827,0.6928500485734865
209,SPAIS_av,0.9044190535771591,0.3700055257184908,0.6082807951254838
209,SATIS_av,0.8621942137133067,0.324982323546535,0.5700722090634966
210,SMORE_av,0.8908763948668488,0.4048739887191419,0.6362970915532633
210,SPRIS_av,0.7926296183224755,0.40875748781161025,0.6393414485324804
210,SMYTH_av,0.9040979872254729,0.37924894232101347,0.6158319107686882
210,SPAIS_av,0.872779872170212,0.4631612098005088,0.6805594829260032
210,SATIS_av,0.8419108594543041,0.3208666099252077,0.5664508892439023
211,SMORE_av,0.8901064739755199,0.5367598358223324,0.7326389532520998
211,SPRIS_av,0.842304441223845,0.35660397575202046,0.5971632739477709
211,SMYTH_av,0.8846057295659047,0.47182024647524806,0.6868917283497072
211,SPAIS_av,0.8652844186191059,0.5610223733986034,0.7490142678204491
211,SATIS_av,0.8484790063883711,0.45712643430707933,0.6761112588228947
212,SMORE_av,0.897045094702192,0.35731758221335685,0.5977604722741015
212,SPRIS_av,0.8388503246020284,0.389166717525491,0.6238322831703174
212,SMYTH_av,0.8329747011615803,0.5492537129807389,0.7411165313098467
212,SPAIS_av,0.8563947446046887,0.5559347702413389,0.7456103340494543
212,SATIS_av,0.8449091922513736,0.34832889001377415,0.5901939427118633
213,SMORE_av,0.9127203760613328,0.3291011661454714,0.5736733967559167
213,SPRIS_av,0.8580091094314413,0.31409366659181465,0.5604406004134734
213,SMYTH_av,0.8990833477942454,0.4236974429897251,0.6509204582663884
213,SPAIS_av,0.8756121158224933,0.44161706937060596,0.6645427521014776
213,SATIS_av,0.895017491550556,0.24741077791268415,0.4974040388986444
214,SMORE_av,0.8788465835126446,0.4020583818058659,0.6340807376082843
214,SPRIS_av,0.8363789461589642,0.42336018475383225,0.6506613441367424
214,SMYTH_av,0.8927213821574869,0.5044395092164663,0.7102390507543684
214,SPAIS_av,0.8574492923358099,0.5314501567954585,0.7290062803539202
214,SATIS_av,0.8425265861648612,0.3732087413378822,0.6109081283940182
215,SMORE_av,0.9025447662527093,0.3356633723717416,0.5793646281675656
215,SPRIS_av,0.8460634958159168,0.33116132091041545,0.5754661770342506
215,SMYTH_av,0.8792395877160976,0.5197766445246067,0.7209553693014614
215,SPAIS_av,0.831219762947774,0.624841107220383,0.7904689160367934
215,SATIS_av,0.85757255151659,0.3477258284500701,0.5896828202093648
216,SMORE_av,0.888999336847045,0.3594223179689034,0.599518405029323
216,SPRIS_av,0.846974736555557,0.2781283282323116,0.5273787332006398
216,SMYTH_av,0.8835424335562336,0.47477710537737844,0.6890407138750064
216,SPAIS_av,0.8535368108127861,0.5038190861226011,0.7098021457579577
216,SATIS_av,0.8450140182419454,0.3319288029508233,0.5761326261815272
217,SMORE_av,0.886573583968217,0.4379726136356767,0.6617949936616903
217,SPRIS_av,0.8195702581566706,0.366856210946121,0.6056865616357366
217,SMYTH_av,0.8887453922710442,0.5121583121416012,0.7156523682218912
217,SPAIS_av,0.870418183649369,0.4931085642325278,0.7022168925855656
217,SATIS_av,0.8229596216832593,0.41234594949383574,0.6421416895778032
218,SMORE_av,0.9160630028022462,0.28403160691757257,0.5329461576159196
218,SPRIS_av,0.8393995887048048,0.3620004648554276,0.6016647445674606
218,SMYTH_av,0.8952884316506239,0.42547656336691225,0.6522856455318576
218,SPAIS_av,0.9022886969109545,0.3751588086420003,0.6125020886837859
218,SATIS_av,0.8538781758813103,0.3299185926858461,0.5743854043112918
219,SMORE_av,0.8893567246115425,0.3785620819332715,0.6152739893196132
219,SPRIS_av,0.8782452866042425,0.3290324928265319,0.5736135396122828
219,SMYTH_av,0.9108303850941704,0.3731716282747603,0.6108777523160918
219,SPAIS_av,0.8745987377928465,0.48157010716998455,0.6939525251557087
219,SATIS_av,0.8642946294348393,0.3336028507619197,0.5775836309677757
220,SMORE_av,0.8892542638288702,0.42172591588056063,0.6494042776888374
220,SPRIS_av,0.8602765399513698,0.2994272023861157,0.5471994173846639
220,SMYTH_av,0.8719793455177531,0.4935056261041717,0.7024995559458893
220,SPAIS_av,0.8750391219194626,0.3882810630075586,0.6231220289859432
220,SATIS_av,0.8215336879209295,0.3708844000962662,0.6090027915340506
221,SMORE_av,0.9071671543503677,0.4185546672586899,0.6469580104293399
221,SPRIS_av,0.896039363658214,0.2472086388894559,0.49720080338778205
221,SMYTH_av,0.8749255398209275,0.5688511523404395,0.7542222168170595
221,SPAIS_av,0.8432678181451931,0.5231428050567033,0.7232861156255547
221,SATIS_av,0.8986708948726223,0.28130294554110125,0.5303800010757393
222,SMORE_av,0.9023021525827821,0.4101451595571601,0.6404257642827622
222,SPRIS_av,0.8474126105534009,0.368361216863035,0.6069276866835415
222,SMYTH_av,0.8918300198957061,0.46923656613775555,0.6850084423842933
222,SPAIS_av,0.8752713664501982,0.5088406236402613,0.7133306551945326
222,SATIS_av,0.8543512154424555,0.41637985356585583,0.645275021650347
223,SMORE_av,0.8678290945191829,0.40597121889440657,0.6371587077757053
223,SPRIS_av,0.8775472571140371,0.29588150440177147,0.5439499098278917
223,SMYTH_av,0.8913275167420412,0.44245272245368056,0.6651711978533651
223,SPAIS_av,0.8766815199746482,0.47189871689701285,0.6869488459099504
223,SATIS_av,0.876254654985038,0.3162108575030869,0.5623262909584495
224,SMORE_av,0.914606289644063,0.3819852705187463,0.6180495696291247
224,SPRIS_av,0.8370263405972279,0.37570961548676707,0.6129515604733926
224,SMYTH_av,0.8841207957502858,0.44546958372153206,0.6674350782821742
224,SPAIS_av,0.8869229284657731,0.46572969692008265,0.682443914853142
224,SATIS_av,0.8916490206897394,0.2978224204182344,0.5457310880078525
225,SMORE_av,0.9098490174260991,0.3166811295053948,0.5627442842938476
225,SPRIS_av,0.8588069321985987,0.34265448375004554,0.5853669650313772
225,SMYTH_av,0.8796945261048202,0.4421445923646838,0.6649395403829462
225,SPAIS_av,0.900728541247579,0.3594636679455072,0.5995528900318197
225,SATIS_av,0.8752854642778674,0.3105675870079435,0.5572859113668167
226,SMORE_av,0.9085344068913717,0.36514207072593924,0.6042698658099205
226,SPRIS_av,0.8826546038089883,0.2941036356986895,0.5423132265570235
226,SMYTH_av,0.8976570957514384,0.4710300782882746,0.6863163106675191
226,SPAIS_av,0.8835794979358875,0.4213848695951447,0.6491416406264081
226,SATIS_av,0.8413781406787004,0.34840298664477354,0.590256712494465
227,SMORE_av,0.9049181414441528,0.39695619481971145,0.6300445974847427
227,SPRIS_av,0.8327204263570028,0.31714885447562496,0.5631597060120912
227,SMYTH_av,0.9185809971233786,0.3728718573210769,0.6106323421839667
227,SPAIS_av,0.8639513056423915,0.6070230722528834,0.7791168540423724
227,SATIS_av,0.8761579871024078,0.31674184244801856,0.5627982253419236
228,SMORE_av,0.8709195829963814,0.4310312948422023,0.6565297364493115
228,SPRIS_av,0.888779039234233,0.27981340045987557,0.5289739128349106
228,SMYTH_av,0.9128682574982571,0.36563658494202184,0.6046789106145689
228,SPAIS_av,0.8630949347338931,0.43980481786978276,0.6631778176852591
228,SATIS_av,0.847725654305165,0.3057518313673097,0.5529483080427227
229,SMORE_av,0.897227297509354,0.42043828415302653,0.6484121252359695
229,SPRIS_av,0.8781328153531331,0.3186835905714432,0.5645206732896885
229,SMYTH_av,0.8979637441058077,0.4509242907284975,0.6715089654863124
229,SPAIS_av,0.8455128940252847,0.5467182338303638,0.7394039720141918
229,SATIS_av,0.8604942166351608,0.2909125488734206,0.5393630955797964
230,SMORE_av,0.9245346495747001,0.3278242996205854,0.5725594288985077
230,SPRIS_av,0.8313414630641678,0.34007474506077323,0.5831592793232165
230,SMYTH_av,0.8914895032618597,0.5037621030898635,0.7097620045408626
230,SPAIS_av,0.8571197665037357,0.4789599436098774,0.6920693199455366
230,SATIS_av,0.8776917927362007,0.2969615815420561,0.5449418148225149
231,SMORE_av,0.8771056889134363,0.40509810160576043,0.6364731743017614
231,SPRIS_av,0.8267117473243478,0.3531676631002972,0.5942791121184533
231,SMYTH_av,0.8921355376046032,0.4223474253286279,0.6498826242704354
231,SPAIS_av,0.849868989946307,0.5120099475848565,0.7155487038524048
231,SATIS_av,0.8388421554749885,0.3197343862142251,0.5654506045749931
232,SMORE_av,0.898299321401901,0.36023935249821676,0.6001994272724831
232,SPRIS_av,0.8351336239978614,0.3089288542789012,0.5558136866602884
232,SMYTH_av,0.8997648727685079,0.3722089338605519,0.6100892835155785
232,SPAIS_av,0.8881497429684566,0.402293752679671,0.634266310534992
232,SATIS_av,0.8383482193732824,0.30224942485945083,0.549772157224655
233,SMORE_av,0.8771887136904598,0.36328670146240283,0.602732694867636
233,SPRIS_av,0.841055371126968,0.3207738084182041,0.5663689684456628
233,SMYTH_av,0.9088845498050501,0.3368170087288513,0.5803593789445047
233,SPAIS_av,0.8619369786320106,0.42481224658144984,0.6517762243143346
233,SATIS_av,0.8296528047701284,0.3650601811472388,0.6042021028987228
234,SMORE_av,0.9188809060261852,0.33177795962323814,0.5760017010593269
234,SPRIS_av,0.8516683037808797,0.3825126506944427,0.6184760712383647
234,SMYTH_av,0.8862640747933547,0.518829170015154,0.7202979730744451
234,SPAIS_av,0.8481169063841221,0.5886058658990521,0.767206534056542
234,SATIS_av,0.8622762491335567,0.3919171050140858,0.6260328306199969
235,SMORE_av,0.9277604991458721,0.30651217001761993,0.5536354125393533
235,SPRIS_av,0.8507701198891748,0.31557513782942276,0.5617607478539443
235,SMYTH_av,0.8889223540148347,0.4184709120461096,0.6468932771687379
235,SPAIS_av,0.8241085647668579,0.48595459446148537,0.6971044358354674
235,SATIS_av,0.8623468583258551,0.30605534201982615,0.5532226875498023
236,SMORE_av,0.9073180741112619,0.38706674444176276,0.6221468833336408
236,SPRIS_av,0.86852920807635,0.3715812554312607,0.6095746512374516
236,SMYTH_av,0.8912650300788159,0.5109277911245772,0.7147921314092491
236,SPAIS_av,0.86816141079729,0.5482735601161215,0.7404549683242875
236,SATIS_av,0.8492238174156085,0.46028532487153107,0.6784433099909903
237,SMORE_av,0.8955650219692101,0.4183134226069592,0.646771538185594
237,SPRIS_av,0.8780489433183145,0.2474746770967039,0.4974682674268821
237,SMYTH_av,0.8965661610928526,0.4772248388030044,0.6908146197085036
237,SPAIS_av,0.8951128044203764,0.4340129855696544,0.6587966192761271
237,SATIS_av,0.864150531656938,0.29710063092550926,0.5450693817538362
238,SMORE_av,0.9238656196884152,0.2806287541783222,0.5297440459111572
238,SPRIS_av,0.8104195417525879,0.41164704934018337,0.6415972641308435
238,SMYTH_av,0.8884164351623058,0.5044491619968492,0.7102458461665575
238,SPAIS_av,0.8725422211984599,0.43446674679835195,0.6591409157368036
238,SATIS_av,0.8816470945765259,0.2977042273673689,0.5456227885337717
239,SMORE_av,0.8988255217970116,0.38614138934865655,0.6214027593667867
239,SPRIS_av,0.8610945659703264,0.34280917933477545,0.5854990856822712
239,SMYTH_av,0.921013074376493,0.42003646244888343,0.6481022006203061
239,SPAIS_av,0.8965944896198429,0.440252279632741,0.6635150937489975
239,SATIS_av,0.8591804469232646,0.39674587099892333,0.6298776635180227
240,SMORE_av,0.8926127776470145,0.39839824259005974,0.6311879613792232
240,SPRIS_av,0.8879939184577468,0.278507961523768,0.5277385351893189
240,SMYTH_av,0.889641980521229,0.4758223834731539,0.6897987992691448
240,SPAIS_av,0.874435109613532,0.49801531323242615,0.7057020003035461
240,SATIS_av,0.8699547551904349,0.29987371859250533,0.5476072667455257
241,SMORE_av,0.9000125769947322,0.3868622715656294,0.621982533167636
241,SPRIS_av,0.877684231820452,0.2784849168202859,0.5277167012898928
241,SMYTH_av,0.8788403714779542,0.4916011540739167,0.7011427487137813
241,SPAIS_av,0.8940564432354818,0.3462423779165367,0.5884236381354311
241,SATIS_av,0.8415222693103193,0.32945759346710285,0.5739839662108193
242,SMORE_av,0.9053478419315367,0.3863154633895424,0.6215428089758117
242,SPRIS_av,0.8346062239201139,0.3764035639822989,0.6135173705628055
242,SMYTH_av,0.8905424849071062,0.3948686667665973,0.6283857627020184
242,SPAIS_av,0.9060813212784408,0.35546480661319035,0.5962086938423411
242,SATIS_av,0.8761144942546232,0.3169087873279612,0.5629465226182334
243,SMORE_av,0.8814650477975502,0.46251184609194484,0.6800822348010165
243,SPRIS_av,0.8844108153296351,0.24588944768453633,0.49587241069103283
243,SMYTH_av,0.8722613850054971,0.5545734499992611,0.7446968846445251
243,SPAIS_av,0.8741887394595863,0.5310720078324923,0.7287468750070166
243,SATIS_av,0.8833671684704649,0.27338050724052143,0.522858018242545
244,SMORE_av,0.9350507981460178,0.3164266227049666,0.56251810877959
244,SPRIS_av,0.8378943054482427,0.35760135970192164,0.5979977923888362
244,SMYTH_av,0.8742823476202749,0.49025353005155914,0.7001810694752888
244,SPAIS_av,0.8640609646341493,0.5870668216088717,0.7662028593061185
244,SATIS_av,0.8571053296002922,0.339045601213834,0.582276224152965
245,SMORE_av,0.8954097925685535,0.40203271787149164,0.6340605001665784
245,SPRIS_av,0.8334772860101816,0.3684528853966153,0.6070032004830084
245,SMYTH_av,0.8631192670105452,0.5733490411353372,0.7571981518303761
245,SPAIS_av,0.8626967358232829,0.5299288980083496,0.7279621542417913
245,SATIS_av,0.8482897429459367,0.37659663214352884,0.6136746957008483
246,SMORE_av,0.9104078397572997,0.34369543605994124,0.5862554358468169
246,SPRIS_av,0.8435719338088832,0.31442891037119725,0.5607396101321872
246,SMYTH_av,0.893631291403391,0.5188821140032044,0.7203347235856428
246,SPAIS_av,0.8792453637438977,0.4772373795436989,0.690823696426012
246,SATIS_av,0.8786238824521249,0.32809852646130283,0.5727988534043192
247,SMORE_av,0.8930872645745913,0.4673010264124434,0.6835941971758124
247,SPRIS_av,0.8608369553212959,0.37193797700066855,0.6098671798028391
247,SMYTH_av,0.8901102266758913,0.4617318703193854,0.6795085505859256
247,SPAIS_av,0.8948678962485859,0.4163518150468704,0.6452532952623105
247,SATIS_av,0.8206198979835135,0.4826245643452025,0.6947118570639215
248,SMORE_av,0.8912669375915379,0.3739655732156182,0.6115272465030631
248,SPRIS_av,0.8535481055482053,0.32591874683803124,0.570892938157437
248,SMYTH_av,0.884403193702979,0.45331010157041635,0.6732830768483761
248,SPAIS_av,0.8593923021808172,0.6140301709916132,0.7836007727099388
248,SATIS_av,0.8175366652326752,0.42899161511674955,0.6549745148605017
249,SMORE_av,0.9264386489536425,0.32110742676678966,0.5666634157652933
249,SPRIS_av,0.8789611481173459,0.29948956925755915,0.547256401751098
249,SMYTH_av,0.9027838493553082,0.4251290784429896,0.6520192316511757
249,SPAIS_av,0.8885525087666815,0.4294685486369025,0.6553384992787334
249,SATIS_av,0.8352202229267209,0.38001956832482525,0.6164572720998798
250,SMORE_av,0.9117129870966946,0.3100497064396544,0.55682107219434
250,SPRIS_av,0.881675507834004,0.26830808996739386,0.5179846425980155
250,SMYTH_av,0.8956845951427553,0.39693675958419117,0.6300291735976924
250,SPAIS_av,0.8997951125148865,0.3512491817794692,0.5926627892650839
250,SATIS_av,0.8543974536589218,0.3246988289068693,0.5698235068044045
251,SMORE_av,0.9070156361199587,0.30002231533574236,0.5477429281476324
251,SPRIS_av,0.8346652296266663,0.32236708175292006,0.567773794528173
251,SMYTH_av,0.8683607594359986,0.48817353398602525,0.698694163412022
251,SPAIS_av,0.8761918699634981,0.4014898952677527,0.6336323028916319
251,SATIS_av,0.8508678777006289,0.31626023084249644,0.5623701902150365
252,SMORE_av,0.899762628753539,0.3955064175273904,0.6288930096028977
252,SPRIS_av,0.8600597598324937,0.30801036903169604,0.5549868187909476
252,SMYTH_av,0.8943309159666762,0.4198126569919547,0.647929515450527
252,SPAIS_av,0.874697101970987,0.46467094662675396,0.681667768510991
252,SATIS_av,0.8444323698443956,0.3220117306060152,0.5674607745087014
253,SMORE_av,0.9055642437495389,0.3827989475057051,0.6187074813720173
253,SPRIS_av,0.8636676041801861,0.3055308294165898,0.5527484323058636
253,SMYTH_av,0.9092769081584707,0.40435584444075723,0.6358898052656271
253,SPAIS_av,0.8575038301103218,0.49664242868008757,0.7047286205909957
253,SATIS_av,0.8850930864844913,0.31497303427667583,0.5612245845262623
254,SMORE_av,0.9112054765115416,0.32636529715187795,0.5712839024091944
254,SPRIS_av,0.8285824123355545,0.32045861971248635,0.5660906461976618
254,SMYTH_av,0.8770003047339725,0.44744889277059846,0.668916207585523
254,SPAIS_av,0.8636769216104925,0.44929545305720353,0.6702950492560746
254,SATIS_av,0.8370051364818949,0.3040164301416496,0.5513768494792374
255,SMORE_av,0.8989845438920991,0.4267537569086492,0.6532639259201821
255,SPRIS_av,0.8387461170686162,0.42520777587648423,0.6520795778710481
255,SMYTH_av,0.9160247790243248,0.43856279356236977,0.6622407368641481
255,SPAIS_av,0.8861840430261445,0.41246692037034544,0.6422358759601845
255,SATIS_av,0.8525925139747426,0.40172146578558876,0.6338150091198447
256,SMORE_av,0.9035484543741138,0.3634512434013274,0.6028691760252197
256,SPRIS_av,0.8478504590321053,0.3231733264123264,0.5684833563195376
256,SMYTH_av,0.8960241991612825,0.43125816477686374,0.6567024933536219
256,SPAIS_av,0.8567367580956625,0.47658356848756644,0.690350323015472
256,SATIS_av,0.857797674321161,0.3618728668998731,0.6015586978008656
257,SMORE_av,0.920885324310589,0.2657850848990927,0.5155434849739571
257,SPRIS_av,0.8496157516229373,0.3138017982801373,0.5601801480596553
257,SMYTH_av,0.8851842623170474,0.4806507753181743,0.6932898205787925
257,SPAIS_av,0.882375845520055,0.40202832367203145,0.634057035030786
257,SATIS_av,0.881066630423793,0.2529478140428936,0.5029391752914995
258,SMORE_av,0.8747003117045811,0.4646017214231033,0.6816169902688043
258,SPRIS_av,0.8721255548607962,0.3185374530173514,0.5643912233702358
258,SMYTH_av,0.8831724723913652,0.48978128825158584,0.6998437598861519
258,SPAIS_av,0.8788957220254974,0.5043291968917415,0.7101613879194936
258,SATIS_av,0.8677612473815826,0.3716981251932096,0.6096705054315893
259,SMORE_av,0.8812409648426378,0.36176773153086184,0.6014713056587669
259,SPRIS_av,0.835661700469768,0.29986180566233844,0.5475963893802975
259,SMYTH_av,0.8966557628971704,0.4326860612562433,0.6577887664412059
259,SPAIS_av,0.8511920573948828,0.6140631399868821,0.7836218092848629
259,SATIS_av,0.8487248318148644,0.327918050083864,0.5726412926814342
260,SMORE_av,0.9153411478388673,0.3243719347277972,0.5695365964780466
260,SPRIS_av,0.8533484289528992,0.3198273418595984,0.5655327946809083
260,SMYTH_av,0.8789404376400481,0.49054007221376705,0.7003856596288698
260,SPAIS_av,0.898094201908459,0.442366904843643,0.6651066868132082
260,SATIS_av,0.8488276710932955,0.3691765732454767,0.607599023407277
261,SMORE_av,0.8951886053198973,0.3778003117105312,0.6146546279908183
261,SPRIS_av,0.8693482009746276,0.3162780039162058,0.5623859919274358
261,SMYTH_av,0.9048515821902818,0.4725789750469245,0.6874437977368946
261,SPAIS_av,0.8620936308669094,0.590835321862881,0.7686581306815671
261,SATIS_av,0.868562276105357,0.32112578579002815,0.5666796147648406
262,SMORE_av,0.8791591557924462,0.4194533396809336,0.6476521749217967
262,SPRIS_av,0.857248852509374,0.2862946519678173,0.5350650913373225
262,SMYTH_av,0.8434284693039239,0.5569634860761674,0.7462998633767578
262,SPAIS_av,0.8309154692459694,0.584369706797657,0.764440780438653
262,SATIS_av,0.8629093170185617,0.29769098812335054,0.5456106561673356
263,SMORE_av,0.9196599283921418,0.3147688298897388,0.5610426275157163
263,SPRIS_av,0.8754420558568101,0.32308623805582976,0.5684067540554297
263,SMYTH_av,0.9200634201318848,0.3955439608718489,0.6289228576477793
263,SPAIS_av,0.8742232755985956,0.5322063521152759,0.7295247440048047
263,SATIS_av,0.884009357537869,0.305558699637798,0.552773642314644
264,SMORE_av,0.8992687275517394,0.3615912880733496,0.601324611232028
264,SPRIS_av,0.8198200262772518,0.3892519174541451,0.6239005669609101
264,SMYTH_av,0.9115644330886473,0.37941707795459667,0.6159684066204992
264,SPAIS_av,0.8736928343815338,0.4501250563533821,0.6709135982772909
264,SATIS_av,0.868408051583272,0.3149941534384251,0.561243399460898
265,SMORE_av,0.8945303735571514,0.38605633309245,0.621334316686637
265,SPRIS_av,0.8300875489274462,0.3804570524818405,0.6168120074073141
265,SMYTH_av,0.8774450584596374,0.5392545974292419,0.7343395654799229
265,SPAIS_av,0.8808809139192367,0.4131926386457464,0.6428006212238336
265,SATIS_av,0.8620006154823682,0.35146271545646374,0.5928429095944926
266,SMORE_av,0.9125154278466809,0.3349216201262069,0.5787241312803596
266,SPRIS_av,0.87790878533394,0.25461610336965007,0.5045949894416809
266,SMYTH_av,0.9013181428120931,0.47753777847406675,0.6910410830580673
266,SPAIS_av,0.848203742313681,0.44648714066377143,0.6681969325459161
266,SATIS_av,0.8441853454663796,0.3602569074877899,0.6002140513914931
267,SMORE_av,0.913754713104199,0.3131999893495333,0.5596427336699131
267,SPRIS_av,0.8415192280461058,0.32892958136414363,0.5735238280700669
267,SMYTH_av,0.8800619472019455,0.46079267033490773,0.6788171111093972
267,SPAIS_av,0.8807843721447255,0.43336146471564574,0.6583019555763493
267,SATIS_av,0.8503811783025607,0.33593126925371547,0.5795957809143503
268,SMORE_av,0.9092855093210319,0.3554046988914826,0.5961582834210077
268,SPRIS_av,0.8771979750302618,0.2707369246201967,0.520323865126516
268,SMYTH_av,0.9092349422760295,0.4172175624783899,0.6459238054742912
268,SPAIS_av,0.9052962163552272,0.39896307225388855,0.6316352367101511
268,SATIS_av,0.8629210039527195,0.3332727962593532,0.5772978401651553
269,SMORE_av,0.9011894832135174,0.36814532500125086,0.6067498042861249
269,SPRIS_av,0.8549422004404152,0.3545098007666228,0.5954072562260413
269,SMYTH_av,0.8894702859319108,0.49279962850730025,0.701996886394306
269,SPAIS_av,0.8665357780864854,0.4811007875206669,0.693614293048137
269,SATIS_av,0.8424615542341017,0.33653155591090456,0.5801133991823535
270,SMORE_av,0.9118811839282024,0.369863104057987,0.60816371484822
270,SPRIS_av,0.8679086770979088,0.28338709339707363,0.5323411438138833
270,SMYTH_av,0.8882294499134648,0.46240738336120635,0.6800054289203921
270,SPAIS_av,0.8573817389085322,0.5633387859446796,0.7505589823222952
270,SATIS_av,0.8444338160500696,0.36731807603667616,0.6060677157188594
271,SMORE_av,0.8785500834635069,0.41555303442126484,0.6446340313862314
271,SPRIS_av,0.861538937179237,0.3500714470089026,0.5916683589722392
271,SMYTH_av,0.8817883274777153,0.4917792614062233,0.7012697493876542
271,SPAIS_av,0.895090222262959,0.3810665055573804,0.6173058444218558
271,SATIS_av,0.8802735063435272,0.3268932093645249,0.5717457558780169
272,SMORE_av,0.8972603505956189,0.3978236302446057,0.630732613905929
272,SPRIS_av,0.8655158931889101,0.32964478613915965,0.5741470074285502
272,SMYTH_av,0.8786561523126462,0.5520552372491896,0.7430041973294562
272,SPAIS_av,0.8925188192106637,0.47402770164842045,0.6884966969045098
272,SATIS_av,0.8335708666083212,0.4294249409220787,0.6553052272964703
273,SMORE_av,0.8978349790960791,0.4113537892601743,0.641368684346355
273,SPRIS_av,0.861898371594796,0.3150040175337941,0.56125218710825
273,SMYTH_av,0.8904050193344722,0.49204463927471626,0.7014589362711949
273,SPAIS_av,0.8742839949208695,0.5308879803079948,0.7286206010730103
273,SATIS_av,0.8486929642894361,0.36836572748365026,0.6069314026178332
274,SMORE_av,0.8665274708564314,0.4589796383909934,0.6774803601514906
274,SPRIS_av,0.8447294723258856,0.3340470963179949,0.5779680755180124
274,SMYTH_av,0.9102967734293896,0.4129507969228397,0.6426124780323206
274,SPAIS_av,0.8913373369791696,0.3878162394127288,0.6227489377050184
274,SATIS_av,0.8908690193437223,0.23814975861256665,0.48800590018212553
275,SMORE_av,0.8974608968475273,0.454029476878729,0.6738170945284254
275,SPRIS_av,0.8637202644032694,0.3380080665836718,0.5813846115814141
275,SMYTH_av,0.8802885685844248,0.4632656286965877,0.6806361940835851
275,SPAIS_av,0.866342432860014,0.5528050575415075,0.7435086129571785
275,SATIS_av,0.8342316265944655,0.44496400064360814,0.6670562200021886
276,SMORE_av,0.9179159076082175,0.29108638954882604,0.539524225173278
276,SPRIS_av,0.8607824413281934,0.2943567935968496,0.5425465819603416
276,SMYTH_av,0.8912351714778197,0.3982960286094434,0.6311069866587149
276,SPAIS_av,0.839864657876187,0.5434694987772819,0.7372038380104121
276,SATIS_av,0.8445696010726436,0.36247711863918264,0.6020607267038622
277,SMORE_av,0.9043269811984909,0.3250754871313166,0.5701539152994712
277,SPRIS_av,0.8537031089151067,0.3769626574181073,0.613972847459973
277,SMYTH_av,0.8868838127091939,0.47789231286283834,0.6912975573968407
277,SPAIS_av,0.8546606300003294,0.5080303586387496,0.7127624840286907
277,SATIS_av,0.8379161381599833,0.3300996254862763,0.5745429709658594
278,SMORE_av,0.8948026417697283,0.3893637559653852,0.6239901889976999
278,SPRIS_av,0.8444808708993605,0.34921167643204226,0.5909413477089264
278,SMYTH_av,0.8950910957043939,0.5002250521721994,0.7072658992007174
278,SPAIS_av,0.8427237098676583,0.6120457314247526,0.7823335167463763
278,SATIS_av,0.8855935421999742,0.2864976633806148,0.5352547649303224
279,SMORE_av,0.9086330871890286,0.3529684951412775,0.5941115174285695
279,SPRIS_av,0.8212749011575152,0.35466142419821617,0.5955345701117746
279,SMYTH_av,0.9129341025346169,0.4153199640754666,0.6444532287726291
279,SPAIS_av,0.899498363209634,0.3565437011886305,0.5971128044085393
279,SATIS_av,0.8320512394927039,0.3610965378076594,0.6009130867335637
280,SMORE_av,0.8690379727671114,0.4423315226472609,0.6650800873934363
280,SPRIS_av,0.8385075907894288,0.2840434161068219,0.5329572366586478
280,SMYTH_av,0.8706555404666986,0.4821731505695641,0.694386888247153
280,SPAIS_av,0.89385429777734,0.378765082048267,0.6154389344591931
280,SATIS_av,0.8502704157387153,0.3399582709300258,0.5830594060042473
281,SMORE_av,0.8807637328179361,0.43666207624788095,0.6608041133708846
281,SPRIS_av,0.8370301467601264,0.39465363132881864,0.6282146379453591
281,SMYTH_av,0.8645931394512586,0.5531550194088549,0.7437439205861484
281,SPAIS_av,0.8363419897424101,0.5397125985090373,0.7346513448630155
281,SATIS_av,0.8312832764482123,0.42454441648555274,0.651570730224703
282,SMORE_av,0.8989784821187071,0.44500203118971454,0.6670847256456368
282,SPRIS_av,0.8527709701984357,0.31027809150165814,0.5570261138417643
282,SMYTH_av,0.9039779095251312,0.43563455641983223,0.6600261785867529
282,SPAIS_av,0.8577640939537117,0.5480921915585355,0.7403324871694714
282,SATIS_av,0.8685474253433958,0.315177638223408,0.5614068384188137
283,SMORE_av,0.8906897380462591,0.41926441653977664,0.647506306177613
283,SPRIS_av,0.8655802889572443,0.28538283760914274,0.5342123525426408
283,SMYTH_av,0.9219236833005877,0.3593627650876002,0.5994687357048741
283,SPAIS_av,0.8481281757773065,0.44135845829515524,0.6643481453990485
283,SATIS_av,0.861072216425989,0.3407902941476317,0.5837724677882914
284,SMORE_av,0.9099258077076069,0.3402660302546158,0.583323263940858
284,SPRIS_av,0.8295135466611641,0.4470230578301319,0.6685978296630434
284,SMYTH_av,0.8943236562972212,0.4856520760284737,0.6968874199097539
284,SPAIS_av,0.8826837960275328,0.4371678266571005,0.6611866806410278
284,SATIS_av,0.8760870606993172,0.32393092996789874,0.5691493037577211
285,SMORE_av,0.8759302379261608,0.39576401326441074,0.6290977771892147
285,SPRIS_av,0.8660445717034759,0.3129564288335859,0.559425087776358
285,SMYTH_av,0.8920424366543186,0.44309161869271907,0.6656512740863034
285,SPAIS_av,0.8872701400442367,0.35677692452932963,0.5973080650127952
285,SATIS_av,0.8635536773264543,0.3041025294337057,0.5514549205816426
286,SMORE_av,0.9149486760997274,0.367523780837858,0.6062373964362955
286,SPRIS_av,0.8588915579512749,0.29926156444126406,0.5470480458252859
286,SMYTH_av,0.894688378881624,0.4511896674983446,0.6717065337618391
286,SPAIS_av,0.8654440940281865,0.4776105073254155,0.6910937037228856
286,SATIS_av,0.8831544834838536,0.30751567309327676,0.5545409570926901
287,SMORE_av,0.9095442338798407,0.38288583033068585,0.6187776905567022
287,SPRIS_av,0.8768302947223786,0.30283264046378683,0.55030231733456
287,SMYTH_av,0.8789603624516407,0.5085429803923518,0.7131219954484308
287,SPAIS_av,0.864956117965882,0.5465109201331342,0.739263768984477
287,SATIS_av,0.8810290569622026,0.2867901143201617,0.5355278837933294
288,SMORE_av,0.8969993036355434,0.40599784485977874,0.6371796017291975
288,SPRIS_av,0.8562588110894613,0.37065777313851594,0.6088166991291516
288,SMYTH_av,0.9056639962135351,0.4321107192534223,0.6573512905999518
288,SPAIS_av,0.8785824003146543,0.4976893920257909,0.7054710426557499
288,SATIS_av,0.8058343042818988,0.571152879332094,0.7557465708371385
289,SMORE_av,0.9165407488934637,0.32006199939151064,0.565740222532843
289,SPRIS_av,0.8251346755181244,0.32882906149336777,0.5734361878128793
289,SMYTH_av,0.8718945709928388,0.45555366640550177,0.6749471582320365
289,SPAIS_av,0.8065582015696801,0.6591827802807027,0.8119007207046331
289,SATIS_av,0.8760193532124696,0.3034687504775296,0.5508799782870399
290,SMORE_av,0.90255329905607,0.37193582414249304,0.6098654147781238
290,SPRIS_av,0.8465796552663615,0.31612640848032225,0.5622511969576608
290,SMYTH_av,0.9103003070025311,0.38775797900860187,0.6227021591488197
290,SPAIS_av,0.8796438475059526,0.4300668566528684,0.6557948281687409
290,SATIS_av,0.852125628714414,0.3319368873218944,0.5761396422065526
291,SMORE_av,0.8869531837945019,0.3790254253380004,0.615650408379626
291,SPRIS_av,0.8376641347811027,0.3112351307492319,0.5578845138101899
291,SMYTH_av,0.9003842914635413,0.4838491692330564,0.695592674798302
291,SPAIS_av,0.8588594581990825,0.5739264065332045,0.7575793070914784
291,SATIS_av,0.860989661127439,0.30540930796755866,0.5526384966391309
292,SMORE_av,0.9097591540060466,0.31038455290044,0.5571216679509423
292,SPRIS_av,0.8084052962927488,0.31165977188377697,0.5582649656603725
292,SMYTH_av,0.8778175578139964,0.4541224879994048,0.6738861090714103
292,SPAIS_av,0.8579790090844828,0.3773592409285901,0.6142957275845161
292,SATIS_av,0.8270380336488312,0.2993026425885883,0.5470855898199004
293,SMORE_av,0.916958761788554,0.3630927946980379,0.6025718170459334
293,SPRIS_av,0.8504132987378265,0.3455395549924862,0.5878261264970163
293,SMYTH_av,0.8927793087470531,0.4534022786093546,0.6733515267743547
293,SPAIS_av,0.877762076805594,0.5227027906597295,0.7229818743645856
293,SATIS_av,0.8743910691953226,0.35193526081015447,0.5932413175177151
294,SMORE_av,0.9022965017123251,0.34560380537126323,0.5878807747930385
294,SPRIS_av,0.8638739734453407,0.3036511176739685,0.5510454769562749
294,SMYTH_av,0.8831528394472934,0.45200137719610417,0.6723104767859148
294,SPAIS_av,0.8270893088367315,0.5416290779896366,0.7359545352735022
294,SATIS_av,0.8537191126237071,0.35397404049196285,0.5949571753428669
295,SMORE_av,0.9030837408910901,0.3958921930605556,0.6291996448350521
295,SPRIS_av,0.8514546447400698,0.31562843729898965,0.5618081855037266
295,SMYTH_av,0.8850231066107415,0.5086140340337503,0.7131718124223294
295,SPAIS_av,0.886375254938557,0.38669741153805265,0.6218499911860196
295,SATIS_av,0.8689396668756281,0.2769552694513956,0.5262653983033614
296,SMORE_av,0.9027343951912782,0.332732622074172,0.5768298033858618
296,SPRIS_av,0.8553082194064925,0.39015977868394186,0.6246277120685103
296,SMYTH_av,0.9027620963623473,0.4063225826080556,0.637434375138379
296,SPAIS_av,0.8769723839096831,0.4180631799554215,0.6465780540317012
296,SATIS_av,0.8496617240205289,0.3312686525148519,0.5755594257023786
297,SMORE_av,0.9045999187011071,0.34538119673003137,0.5876914128435359
297,SPRIS_av,0.8815466756340742,0.24624896005752162,0.4962347831999704
297,SMYTH_av,0.8886394615967483,0.4324582077452044,0.6576155470677411
297,SPAIS_av,0.8752836659248999,0.4132460332500159,0.6428421526704794
297,SATIS_av,0.8544210385318363,0.3193994491946941,0.5651543587328104
298,SMORE_av,0.8995167656764033,0.3720157289951081,0.6099309214944821
298,SPRIS_av,0.8711773899863626,0.2862285715854119,0.5350033379198786
298,SMYTH_av,0.8805315614283161,0.45699831720447376,0.6760165066065131
298,SPAIS_av,0.8751341397322178,0.4510006883704568,0.6715658481269404
298,SATIS_av,0.8535619377955345,0.31155126090236424,0.5581677712859855
299,SMORE_av,0.8964130573147182,0.4026872878542125,0.6345764633629366
299,SPRIS_av,0.8690800215846305,0.3227137060538113,0.5680789611082347
299,SMYTH_av,0.8878689588345359,0.49174898660652083,0.7012481633534029
299,SPAIS_av,0.8819232019272077,0.5748410020704877,0.7581826970265727
299,SATIS_av,0.8565191635752056,0.36911665245418024,0.6075497119200867
300,SMORE_av,0.9100548760808008,0.3914452168330286,0.6256558293766858
300,SPRIS_av,0.8579752065361421,0.26500493882046844,0.5147863040334975
300,SMYTH_av,0.9145940822745495,0.34299050720907975,0.5856539141925714
300,SPAIS_av,0.8877919008811316,0.4639875548109099,0.6811663194924643
300,SATIS_av,0.8621546013786651,0.28932292572981977,0.5378874656745775
301,SMORE_av,0.8747225729253384,0.4070436766899401,0.6379997466221599
301,SPRIS_av,0.8286934779215733,0.3724576011563833,0.6102930453121543
301,SMYTH_av,0.8940716375298502,0.42267375123313644,0.6501336410563111
301,SPAIS_av,0.8965573142844767,0.37665512410630525,0.6137223509913137
301,SATIS_av,0.8843136002018234,0.3056403203375366,0.5528474657059907
302,SMORE_av,0.907757482703196,0.3405159583816592,0.5835374524241432
302,SPRIS_av,0.8180394376741996,0.36525123389793535,0.6043601855664678
302,SMYTH_av,0.902377592296409,0.42562571424409334,0.6523999649326273
302,SPAIS_av,0.8553965243572826,0.5326029859188282,0.729796537343682
302,SATIS_av,0.8541766667060664,0.2813758431461979,0.5304487186771195
303,SMORE_av,0.9146305927883859,0.36564897103651806,0.604689152405199
303,SPRIS_av,0.8205565224624658,0.39639839561092394,0.6296017754191326
303,SMYTH_av,0.9035312462571395,0.48120282204503523,0.6936878419325476
303,SPAIS_av,0.8629825059439297,0.5390058460989722,0.7341701751630695
303,SATIS_av,0.8782011526139202,0.3170539720174067,0.5630754585465493
304,SMORE_av,0.9156294024756713,0.3460109825735511,0.588226982187617
304,SPRIS_av,0.8392640222871932,0.39402638980986665,0.6277152139385078
304,SMYTH_av,0.881969074635348,0.5365751439813392,0.7325128968020558
304,SPAIS_av,0.8926619961333465,0.4996121598963716,0.7068324836171379
304,SATIS_av,0.8621691959307315,0.35862915756246366,0.5988565417213573
305,SMORE_av,0.8743036332282581,0.36608530517771615,0.6050498369371866
305,SPRIS_av,0.8734001373929949,0.29551158744304457,0.5436097749701017
305,SMYTH_av,0.8746409875622511,0.4775198344976555,0.6910280996440417
305,SPAIS_av,0.8900209072125589,0.41155547865303893,0.6415258986611834
305,SATIS_av,0.8443523462289645,0.30723915086134934,0.5542915756723615
306,SMORE_av,0.9143181366144996,0.34585194741263137,0.5880917848538877
306,SPRIS_av,0.8502971952241394,0.2929238477414815,0.5412243968461524
306,SMYTH_av,0.908968047167809,0.40617955666516914,0.6373221765050775
306,SPAIS_av,0.8493532554099238,0.6810207409720397,0.8252398081600522
306,SATIS_av,0.8747033563087709,0.34649781030227395,0.5886406461520254
307,SMORE_av,0.9190655600273158,0.3758667334055876,0.6130797121138389
307,SPRIS_av,0.8682039583523349,0.34493855273421936,0.5873146965079449
307,SMYTH_av,0.8954722489227602,0.50074757816326,0.7076352013313498
307,SPAIS_av,0.8789002438963948,0.47439648357200687,0.6887644616064383
307,SATIS_av,0.8451359020326936,0.43563520085889346,0.6600266667786184
308,SMORE_av,0.9209339953567749,0.2930440900315105,0.5413354690314597
308,SPRIS_av,0.8564976276817575,0.2943338182666497,0.5425254079457014
308,SMYTH_av,0.8833240811668637,0.4130586806512657,0.642696414064421
308,SPAIS_av,0.8520250469929804,0.5151325986295625,0.717727384617281
308,SATIS_av,0.8088696929742061,0.3795104179602887,0.6160441688388006
309,SMORE_av,0.924136300379266,0.33628958547758503,0.579904807255109
309,SPRIS_av,0.8565264351744785,0.2792838700107822,0.5284731497538756
309,SMYTH_av,0.9146785193702933,0.3982086223291612,0.6310377344732732
309,SPAIS_av,0.8819868687096848,0.46544145868542225,0.6822327012723901
309,SATIS_av,0.8888765339066247,0.27469982878157057,0.5241181439156353
310,SMORE_av,0.885436972296388,0.4009044559079813,0.6331701634694905
310,SPRIS_av,0.8251969671174437,0.38022896745157536,0.6166270894564845
310,SMYTH_av,0.8854092808577907,0.5603124059381547,0.7485401832488051
310,SPAIS_av,0.9060737035162642,0.4019001863987409,0.6339559814362042
310,SATIS_av,0.8169830889625617,0.4329569643771333,0.6579946537602972
311,SMORE_av,0.914063943476477,0.4311101058229546,0.6565897545826881
311,SPRIS_av,0.8143061330641724,0.38355389167957793,0.6193172786864403
311,SMYTH_av,0.9044961237446358,0.43435286014824576,0.659054519860266
311,SPAIS_av,0.858359449887725,0.5376725993076198,0.7332616172333172
311,SATIS_av,0.8561335880041411,0.41451602931198955,0.6438291926528259
312,SMORE_av,0.9101659517444868,0.3820838110163391,0.6181292834159688
312,SPRIS_av,0.827923170919066,0.3488307488643938,0.5906189540341503
312,SMYTH_av,0.8977840708851104,0.47476914035520207,0.6890349340600969
312,SPAIS_av,0.8684245896744542,0.5071007279662314,0.7121100532686162
312,SATIS_av,0.8963450778203692,0.2638743118881686,0.5136869785075038
313,SMORE_av,0.8882529276734124,0.3718905318004727,0.6098282805843566
313,SPRIS_av,0.8247614643776398,0.3875300697107774,0.6225191320038104
313,SMYTH_av,0.9004551560682988,0.44380989158419226,0.6661905820290409
313,SPAIS_av,0.8655915484596631,0.5484933453003671,0.7406033657095862
313,SATIS_av,0.8145804693813791,0.38256901187898906,0.6185216341236489
314,SMORE_av,0.870571087105316,0.45960862742060915,0.6779444132232444
314,SPRIS_av,0.865100056642223,0.28786332221744015,0.5365289574826695
314,SMYTH_av,0.8740572734961896,0.5061234601717879,0.7114235448534072
314,SPAIS_av,0.8379471337562046,0.5983680046239295,0.7735425034372252
314,SATIS_av,0.7993551854923768,0.39535964204389357,0.6287763052500417
315,SMORE_av,0.9146709591645285,0.3428378266461005,0.5855235491815001
315,SPRIS_av,0.8608782333699724,0.34611365772234565,0.5883142508237801
315,SMYTH_av,0.8744381849459735,0.49170475539266334,0.7012166251542125
315,SPAIS_av,0.8500077588598782,0.4891645111133012,0.6994029676183118
315,SATIS_av,0.8857167462148258,0.2756601227419269,0.5250334491648384
316,SMORE_av,0.910424841878433,0.3596781391734523,0.5997317226672709
316,SPRIS_av,0.8810720451173271,0.30215937402259324,0.5496902527993317
316,SMYTH_av,0.8862945947570935,0.5165035690288203,0.7186818273956983
316,SPAIS_av,0.8820118759702347,0.5037778261073563,0.7097730807147847
316,SATIS_av,0.8466754340683178,0.46897068597498703,0.6848143441656191
317,SMORE_av,0.9022243037019637,0.30570249359075374,0.5529036928713298
317,SPRIS_av,0.8770372186342735,0.3033166951660221,0.5507419497060507
317,SMYTH_av,0.906276113228925,0.35498780208796876,0.5958085280423306
317,SPAIS_av,0.8951286846102472,0.4126383299008981,0.6423693095882602
317,SATIS_av,0.8767923583593867,0.2864517880309086,0.5352119094628861
318,SMORE_av,0.9031873624071163,0.32949690687374167,0.5740182112735986
318,SPRIS_av,0.8632173076208771,0.3250066534816907,0.570093548009176
318,SMYTH_av,0.8470090444808267,0.5815611874120024,0.7626015915351884
318,SPAIS_av,0.8777750774576477,0.44156152498385787,0.6645009593551072
318,SATIS_av,0.817610443087855,0.3886603173413962,0.6234262725787197
319,SMORE_av,0.9138085233693845,0.30377174625134645,0.5511549203729805
319,SPRIS_av,0.8668301206650111,0.3188516014224159,0.5646694620947869
319,SMYTH_av,0.8909816470284867,0.4800517061903695,0.6928576377513418
319,SPAIS_av,0.8885100654551443,0.412204577614181,0.6420316017254766
319,SATIS_av,0.8715437558436065,0.28165942354331597,0.5307159537297856
320,SMORE_av,0.9092607539351523,0.33100160610833324,0.5753273903685912
320,SPRIS_av,0.8284856219736484,0.39827332546884536,0.6310889996417663
320,SMYTH_av,0.8576831232341524,0.47800057952068525,0.6913758598046978
320,SPAIS_av,0.8602918664579409,0.3927732044108414,0.6267162072348548
320,SATIS_av,0.8690503672293283,0.2787947078543937,0.528010139916265
321,SMORE_av,0.9044250921160595,0.40101315602170096,0.6332559956460744
321,SPRIS_av,0.8316962278546499,0.39376516757073904,0.6275071055938244
321,SMYTH_av,0.8842470409729424,0.5059451745147214,0.711298231766902
321,SPAIS_av,0.8865960788869827,0.44834100207190525,0.669582707417019
321,SATIS_av,0.8593569841032334,0.3674225757988652,0.606153920880551
322,SMORE_av,0.9002291510320134,0.3947459801552121,0.628288134660533
322,SPRIS_av,0.8757438465585216,0.26637466584947445,0.516114973479238
322,SMYTH_av,0.9141669179596884,0.38167190591468475,0.6177960067163633
322,SPAIS_av,0.9101734183753782,0.36453578610724113,0.6037679902969693
322,SATIS_av,0.8897529104904053,0.25970064398016385,0.5096083240883765
323,SMORE_av,0.9078700832749059,0.35837735052120345,0.5986462649354821
323,SPRIS_av,0.8655429536379547,0.2971316468648777,0.5450978323795442
323,SMYTH_av,0.8593230386962215,0.5314756215897637,0.7290237455596105
323,SPAIS_av,0.8523380673208658,0.4976754027333783,0.7054611277266652
323,SATIS_av,0.8505649449809873,0.3677288345967864,0.6064064928715609
324,SMORE_av,0.890359245205233,0.3593216986217172,0.599434482342914
324,SPRIS_av,0.8528008637709654,0.3242322662797782,0.5694139674084033
324,SMYTH_av,0.9051589031578849,0.3755871404666295,0.6128516463766982
324,SPAIS_av,0.898792457185654,0.3954192441990706,0.6288236988211168
324,SATIS_av,0.8867384320262682,0.241061426768625,0.49098006758790624
325,SMORE_av,0.9085188975014638,0.3702364632415158,0.6084705935717155
325,SPRIS_av,0.829457385546871,0.3952091383405534,0.6286566140116188
325,SMYTH_av,0.8828841763934739,0.5269171553265276,0.725890594598475
325,SPAIS_av,0.8503148540485248,0.5074141651278528,0.7123300956213017
325,SATIS_av,0.8314488032453131,0.40756734253521465,0.6384100113055987
326,SMORE_av,0.8962877324046202,0.4061787248105452,0.6373215238877039
326,SPRIS_av,0.8430729930192299,0.3442901038339834,0.5867623912913842
326,SMYTH_av,0.8959076426111635,0.4699078762852906,0.6854982686231167
326,SPAIS_av,0.8718176392772333,0.5196107784141145,0.7208403279604398
326,SATIS_av,0.857765462443375,0.3095423793606555,0.5563653290425774
327,SMORE_av,0.9241752334255271,0.29527323380530923,0.5433904984496042
327,SPRIS_av,0.8274110325374687,0.3672940392049895,0.6060478852409185
327,SMYTH_av,0.9025258975682723,0.478543084155128,0.6917680855280388
327,SPAIS_av,0.8669999253189827,0.453940091929434,0.67375076395462
327,SATIS_av,0.8649372427274998,0.33768800968043167,0.5811092923714365
328,SMORE_av,0.9109939885369023,0.3522252297249187,0.5934856609261244
328,SPRIS_av,0.8493682946354151,0.34766467072392276,0.5896309614699035
328,SMYTH_av,0.8705554908700315,0.5651053078244016,0.751734865377682
328,SPAIS_av,0.8373985920863595,0.5634578410236448,0.750638289073802
328,SATIS_av,0.8654359848055586,0.32852382386115586,0.5731699781575758
329,SMORE_av,0.9011263380561111,0.3741614906991433,0.6116874125720941
329,SPRIS_av,0.8595760717423893,0.3092273590532102,0.5560821513528466
329,SMYTH_av,0.8936108882638794,0.44548875437456775,0.6674494395642023
329,SPAIS_av,0.8474765812735596,0.6094739779044914,0.7806881438221612
329,SATIS_av,0.8807101678259713,0.3222633480576894,0.5676824359249539
330,SMORE_av,0.9185547185349157,0.3087934500418644,0.5556918660929494
330,SPRIS_av,0.857584093059012,0.31989496181506183,0.5655925758132455
330,SMYTH_av,0.9082065422915723,0.3878220959931985,0.6227536398875549
330,SPAIS_av,0.9004297755419448,0.3842182631312613,0.6198534206820684
330,SATIS_av,0.8605163166638437,0.29447263859516615,0.5426533318751172
331,SMORE_av,0.9060664952844549,0.3231750501087845,0.5684848723658216
331,SPRIS_av,0.8403655501172359,0.3522647493175921,0.5935189544720473
331,SMYTH_av,0.9022190337421698,0.4433100447634043,0.665815323316762
331,SPAIS_av,0.8792828208789712,0.42310641017503664,0.6504663021056791
331,SATIS_av,0.8884336395201252,0.296861362932122,0.5448498535671291
332,SMORE_av,0.8989704882805145,0.44076005881643765,0.6638976267591545
332,SPRIS_av,0.8603825628461566,0.32129178319137724,0.5668260607905896
332,SMYTH_av,0.9095517043713518,0.3768912542125941,0.6139146962018373
332,SPAIS_av,0.8571674436267541,0.5225246936532241,0.7228586954953395
332,SATIS_av,0.8685169584422155,0.3420923091923057,0.584886578057922
333,SMORE_av,0.8846690968213459,0.34389978682143457,0.5864296946961627
333,SPRIS_av,0.8538535262371789,0.38657889400436274,0.6217546895716692
333,SMYTH_av,0.8709240399487358,0.4482256794813253,0.6694965866091666
333,SPAIS_av,0.8891806449603313,0.38164325205009386,0.6177728158879232
333,SATIS_av,0.865685183156736,0.2565328940732536,0.5064907640552329
334,SMORE_av,0.9147634133753206,0.2937374379283371,0.5419754956899224
334,SPRIS_av,0.8368990340561211,0.32751499534321465,0.5722892584552104
334,SMYTH_av,0.8912239482125571,0.4505438315955694,0.6712256189952596
334,SPAIS_av,0.8664171512470529,0.48077357818510685,0.6933783802406207
334,SATIS_av,0.8459393594478588,0.29593351238925547,0.5439977135882609
335,SMORE_av,0.9170570283008185,0.3162907101514744,0.5623972885349594
335,SPRIS_av,0.8349163281884948,0.3011918983080555,0.5488095282591725
335,SMYTH_av,0.9039160300588839,0.4006590943219144,0.6329763773806368
335,SPAIS_av,0.9088432613038309,0.3386952259484717,0.5819752794994575
335,SATIS_av,0.8675805511025049,0.3153683578691193,0.561576671407493
336,SMORE_av,0.8979548674333467,0.3954581780856941,0.6288546557716609
336,SPRIS_av,0.86210724031226,0.33433052918952133,0.5782132212164656
336,SMYTH_av,0.8671198568853136,0.47680206502799366,0.6905085553619112
336,SPAIS_av,0.8737690100473432,0.5489036159137742,0.7408802979657201
336,SATIS_av,0.8434822090227518,0.3972803424215919,0.6303017867828012
337,SMORE_av,0.8992710199448171,0.39487770284389245,0.6283929525733818
337,SPRIS_av,0.8068772443114257,0.3273607142056161,0.5721544496074605
337,SMYTH_av,0.8964343298228484,0.42045158104164576,0.6484223785786898
337,SPAIS_av,0.8831437959255076,0.47802843481583995,0.6913960043389317
337,SATIS_av,0.8590910610479832,0.3600374843369296,0.6000312361343613
338,SMORE_av,0.9210949376741149,0.29218804089258005,0.5405442080834647
338,SPRIS_av,0.8733732019304418,0.32426715513156734,0.5694446023377229
338,SMYTH_av,0.8760288249389387,0.4993828362146678,0.7066702457403083
338,SPAIS_av,0.8796092676761744,0.40403783742224275,0.6356397072416439
338,SATIS_av,0.8455809992121023,0.3413368634096428,0.5842404157619043
339,SMORE_av,0.9148758578295539,0.36232727918510454,0.6019362750201258
339,SPRIS_av,0.8694757189781316,0.32967855128721063,0.5741764112946566
339,SMYTH_av,0.8696094348390122,0.5111384911568083,0.7149395017459927
339,SPAIS_av,0.8736315686728542,0.48966113428933095,0.6997579112016747
339,SATIS_av,0.8696896903504947,0.3432315640474793,0.5858596794860347
340,SMORE_av,0.9210751171922,0.32180305550166943,0.5672768772845139
340,SPRIS_av,0.8437265610116571,0.3360282162307996,0.5796794081479862
340,SMYTH_av,0.8965253033016513,0.4625146484588357,0.6800842951126248
340,SPAIS_av,0.8656910661417413,0.5027878152873718,0.7090753241281013
340,SATIS_av,0.8850411452800011,0.34098141406755195,0.5839361386894563
341,SMORE_av,0.9064424464424683,0.3218927050114565,0.5673558892013517
341,SPRIS_av,0.8086373694805817,0.4181554614541041,0.6466494115470176
341,SMYTH_av,0.8812140485465868,0.5129016890739526,0.716171550031103
341,SPAIS_av,0.8652602487973162,0.5111500509254759,0.7149475861386455
341,SATIS_av,0.8888676790000453,0.2476320684724073,0.49762643465998396
342,SMORE_av,0.8849454797845284,0.4715263550034551,0.686677766498563
342,SPRIS_av,0.8574538410116986,0.3477825348534466,0.5897309003718956
342,SMYTH_av,0.8644015432938036,0.540321641342392,0.7350657394698735
342,SPAIS_av,0.8507745413993274,0.603836396732552,0.7770691067933095
342,SATIS_av,0.8291120225296599,0.4019595618469642,0.6340028090213514
343,SMORE_av,0.9024981926262425,0.3601030351662688,0.6000858564957757
343,SPRIS_av,0.8453473861389156,0.3633001830956608,0.6027438785219315
343,SMYTH_av,0.8743305389628917,0.5422402102226347,0.7363696152222976
343,SPAIS_av,0.8943150929104948,0.41661721035769006,0.6454589145388652
343,SATIS_av,0.8909866494015288,0.2955679716363768,0.5436616334048016
344,SMORE_av,0.8775936818043449,0.4338004296950775,0.6586352782041648
344,SPRIS_av,0.8673529806015099,0.2891600215365585,0.5377360147289361
344,SMYTH_av,0.8934254048037796,0.46874348956502937,0.6846484423154918
344,SPAIS_av,0.8792337698768611,0.4311725659733102,0.6566373169210765
344,SATIS_av,0.831200385176633,0.33554592204183953,0.5792632579767506
345,SMORE_av,0.8777241391431265,0.36530723168913953,0.6044065119513021
345,SPRIS_av,0.8429719774683839,0.3453649125532057,0.5876775583202116
345,SMYTH_av,0.880459354846788,0.4490703722707283,0.6701271314241264
345,SPAIS_av,0.8571483062663989,0.5653322271085274,0.751885780626637
345,SATIS_av,0.8808172272039942,0.2844291197406543,0.5333189662300173
346,SMORE_av,0.9223054695161412,0.2772878427740142,0.5265812784119981
346,SPRIS_av,0.8818216144025501,0.26012682151579125,0.510026294925851
346,SMYTH_av,0.889221924177473,0.47861721817293185,0.6918216664523682
346,SPAIS_av,0.8833743694837983,0.3818733492541146,0.6179590190733643
346,SATIS_av,0.8891061727365981,0.25147964022553154,0.5014774573453243
347,SMORE_av,0.9120131444863318,0.36340620443246735,0.6028318210184889
347,SPRIS_av,0.8835114936515605,0.30769949987839573,0.5547066791362762
347,SMYTH_av,0.8876752990942282,0.4688287742527081,0.684710723044928
347,SPAIS_av,0.8844182210313972,0.42751003132310256,0.6538425126306048
347,SATIS_av,0.8654500781865895,0.3438595939596458,0.586395424572571
348,SMORE_av,0.9070243072968168,0.364854180242579,0.6040316053341737
348,SPRIS_av,0.8436934137928002,0.3675520428998192,0.6062607053898671
348,SMYTH_av,0.8684471241835209,0.5467981251005202,0.7394579941420069
348,SPAIS_av,0.8959545346596861,0.42001291815603925,0.6480840363379113
348,SATIS_av,0.868919470834144,0.34796527295506935,0.5898858134885677
349,SMORE_av,0.8770969870788826,0.482243510062641,0.6944375494330941
349,SPRIS_av,0.8149124602050974,0.43042244481185926,0.6560658845054049
349,SMYTH_av,0.8419238023945372,0.650382805916539,0.8064631460373989
349,SPAIS_av,0.8621291583176416,0.5405525919368419,0.7352228178836957
349,SATIS_av,0.8286697366131848,0.43432730708795847,0.6590351334245834
350,SMORE_av,0.8828973904160106,0.44082257284049337,0.6639447061619614
350,SPRIS_av,0.8471813657459958,0.30711055334120535,0.5541755618404743
350,SMYTH_av,0.9032237079696103,0.41941163209073856,0.6476199750553858
350,SPAIS_av,0.8767930084427822,0.42305082736591837,0.6504235753460343
350,SATIS_av,0.8667611831840987,0.3055350670307606,0.5527522655139105
351,SMORE_av,0.8889039508306961,0.44347908482062803,0.6659422533678337
351,SPRIS_av,0.872417669652465,0.29603573897642776,0.5440916641306204
351,SMYTH_av,0.9152569755737641,0.38757708081345704,0.6225568896201029
351,SPAIS_av,0.8757337543352062,0.4696756282088281,0.6853288467654255
351,SATIS_av,0.8499360707475492,0.364540469211538,0.6037718685161955
352,SMORE_av,0.9149877629008724,0.4133532624191298,0.6429255496705119
352,SPRIS_av,0.8610963056029723,0.3324812547970651,0.5766118753520995
352,SMYTH_av,0.918144787360065,0.4035596225697524,0.6352634276973234
352,SPAIS_av,0.8914755839231713,0.4194744681736241,0.6476684863212229
352,SATIS_av,0.8607384011120847,0.3861872556552999,0.6214396637287484
353,SMORE_av,0.8989728159889653,0.3875072307519149,0.6225007877520436
353,SPRIS_av,0.8426760438692239,0.30699555849908733,0.5540717990469172
353,SMYTH_av,0.9117012051936556,0.36293771504913036,0.6024431218373485
353,SPAIS_av,0.8540020395760132,0.6514661509388596,0.8071345308799888
353,SATIS_av,0.8671043704274888,0.28156768807389293,0.530629520545072
354,SMORE_av,0.898051243539329,0.3540707045108577,0.5950384059124736
354,SPRIS_av,0.8741921913619042,0.32385803331667856,0.5690852601470878
354,SMYTH_av,0.8931472531834449,0.43439626001133147,0.6590874448897744
354,SPAIS_av,0.8917583363662899,0.39212667395079126,0.6262001868019453
354,SATIS_av,0.8854752487976626,0.2510658860040676,0.5010647523065932
355,SMORE_av,0.9131297733221464,0.36805084977297886,0.6066719457606218
355,SPRIS_av,0.8463774617017323,0.3508475150870415,0.592323826202392
355,SMYTH_av,0.8433814936329659,0.60227013188595,0.7760606496182821
355,SPAIS_av,0.8702460252541478,0.4571658635941831,0.676140417068957
355,SATIS_av,0.8565738525768105,0.3648204723012286,0.60400370222477
356,SMORE_av,0.9099211950693166,0.3270710962902353,0.5719012994304483
356,SPRIS_av,0.8141213854780034,0.4191714214119892,0.6474344919850882
356,SMYTH_av,0.8981825299927327,0.3820066578576124,0.6180668716713528
356,SPAIS_av,0.8956403494502054,0.4032018844389901,0.6349817985099967
356,SATIS_av,0.854431416401025,0.30930135369617623,0.5561486794879371
357,SMORE_av,0.8890334215068892,0.38927075735383265,0.6239156652575992
357,SPRIS_av,0.870199605920654,0.31959485079696576,0.565327206843051
357,SMYTH_av,0.8997620871200112,0.4297136509406382,0.6555254769577138
357,SPAIS_av,0.8838655526826891,0.4210857273658195,0.6489111860384436
357,SATIS_av,0.8647092014573202,0.3114050586773649,0.5580367897167399
358,SMORE_av,0.9104681847802687,0.3548585935769653,0.5957000869371812
358,SPRIS_av,0.8595128062721573,0.31125648878421186,0.5579036554676908
358,SMYTH_av,0.910184638621406,0.4634489013490191,0.6807708141136921
358,SPAIS_av,0.8734019480355115,0.5151915539389428,0.7177684542656795
358,SATIS_av,0.8726131289292287,0.29274603525303095,0.541060103179888
359,SMORE_av,0.8986297344701031,0.43794211886827916,0.661771953824185
359,SPRIS_av,0.8676359724044547,0.30481899478884467,0.5521041521206345
359,SMYTH_av,0.8885275175704195,0.5254708285313571,0.7248936670514904
359,SPAIS_av,0.8549993868071766,0.4848535874334711,0.6963142878280404
359,SATIS_av,0.8483755827815253,0.3609728345652411,0.6008101485205132
360,SMORE_av,0.9147303801818985,0.36028047760087506,0.6002336858265079
360,SPRIS_av,0.8528803202690222,0.37249994553870064,0.6103277361702486
360,SMYTH_av,0.8806848111392647,0.46518902795271305,0.6820476727859374
360,SPAIS_av,0.8656988214485282,0.5899139474931605,0.7680585573334631
360,SATIS_av,0.870495761489776,0.32422237726208447,0.569405283837518
361,SMORE_av,0.917554947600724,0.3029085822095212,0.5503713130328662
361,SPRIS_av,0.8596729258625796,0.27173974095778514,0.5212866207354503
361,SMYTH_av,0.8668496546712946,0.5199787285776603,0.7210955058642788
361,SPAIS_av,0.8650156091005605,0.426460019058711,0.6530390639607335
361,SATIS_av,0.8591716541798463,0.3165228840836382,0.5626036651885928
362,SMORE_av,0.9216430220439709,0.267429092183515,0.5171354679225889
362,SPRIS_av,0.8738325473460508,0.2742271390153799,0.5236670115783311
362,SMYTH_av,0.8811871552333546,0.44150752784438774,0.664460328269783
362,SPAIS_av,0.9028650307031078,0.3413274853206721,0.5842323898250353
362,SATIS_av,0.8664718996664489,0.3384135266499097,0.5817332091688678
363,SMORE_av,0.9015531675684382,0.35677114571538887,0.5973032276117289
363,SPRIS_av,0.8223565324787144,0.32843776977365036,0.5730949046830293
363,SMYTH_av,0.8756152905023035,0.5267360201847858,0.7257658163517939
363,SPAIS_av,0.8629201106229898,0.5533959135102045,0.7439058498964801
363,SATIS_av,0.8308569205330745,0.42168562534181975,0.6493732557950164
364,SMORE_av,0.9216399588529127,0.30196508533608474,0.5495134987751299
364,SPRIS_av,0.858371651198695,0.32548922211627906,0.5705166273793245
364,SMYTH_av,0.8953721935230001,0.4906579576310535,0.7004698120769042
364,SPAIS_av,0.8816836595467554,0.4050853515224622,0.6364631580244549
364,SATIS_av,0.8754244470979589,0.27796947071505573,0.5272281012190604
365,SMORE_av,0.9083020391116562,0.3384999660206249,0.5818074991099933
365,SPRIS_av,0.8599803404301466,0.31649352394060676,0.5625775714873521
365,SMYTH_av,0.92908009494972,0.3123761777812983,0.5589062334428722
365,SPAIS_av,0.879705405305385,0.4202690671529082,0.6482816264193427
365,SATIS_av,0.8444753425407502,0.3260666136174985,0.5710224282963836
366,SMORE_av,0.8661639379352428,0.40651805663486795,0.6375876854479452
366,SPRIS_av,0.8308407092781929,0.3968343303610062,0.62994787908287
366,SMYTH_av,0.9008039928764849,0.42318339252319853,0.6505254741539324
366,SPAIS_av,0.8638573861035026,0.4393421316047622,0.6628288856143508
366,SATIS_av,0.8596020956034527,0.2512805399553574,0.5012789043589979
367,SMORE_av,0.905063902213881,0.39589601713920286,0.6292026836713293
367,SPRIS_av,0.8320642557891288,0.39673803662229884,0.6298714445204663
367,SMYTH_av,0.8991083613199716,0.4049390845727166,0.6363482415884534
367,SPAIS_av,0.8523493843899501,0.579154982612655,0.7610223272760498
367,SATIS_av,0.8797537466062826,0.297122657056913,0.5450895862671685
368,SMORE_av,0.9037259125389934,0.32945082584971447,0.5739780708787702
368,SPRIS_av,0.8605490784534986,0.32720850312486843,0.5720214184144405
368,SMYTH_av,0.9029286613880931,0.45510391423873614,0.6746139001226821
368,SPAIS_av,0.8406792285772103,0.49953178971897955,0.7067756289792253
368,SATIS_av,0.8319804361180795,0.3739025841325152,0.611475742881527
369,SMORE_av,0.9018760881365484,0.28243816709328673,0.5314491199477959
369,SPRIS_av,0.8892590129341009,0.23984365009093206,0.4897383486015079
369,SMYTH_av,0.8783839067333898,0.4063923372597046,0.6374890879534367
369,SPAIS_av,0.8702696254237218,0.37700303511787153,0.6140057288966215
369,SATIS_av,0.8774719320340638,0.2889797810199905,0.5375683965971125
370,SMORE_av,0.909344492755513,0.30523431278996555,0.5524801469645453
370,SPRIS_av,0.8753366344843072,0.32021940108159064,0.5658793167112495
370,SMYTH_av,0.8921547567715209,0.4895371194651138,0.6996692929271041
370,SPAIS_av,0.8843299080968563,0.3927499429150815,0.6266976487231155
370,SATIS_av,0.8170508991947092,0.42254206420376705,0.6500323562744912
371,SMORE_av,0.919336793344725,0.3270467845146545,0.5718800438157066
371,SPRIS_av,0.8669687482485184,0.2996620917925556,0.54741400401575
371,SMYTH_av,0.8823565127264443,0.5416287331116538,0.7359543009668833
371,SPAIS_av,0.8755290609162589,0.4134623407422861,0.6430103737439126
371,SATIS_av,0.8571487400870733,0.3048554725597028,0.5521371863583386
372,SMORE_av,0.904171923569724,0.3485477535634725,0.5903793302305498
372,SPRIS_av,0.8868622148894743,0.3065106526009896,0.5536340421261952
372,SMYTH_av,0.8838721877935471,0.5041083037825238,0.7100058477100902
372,SPAIS_av,0.8688463123082958,0.4454827685026945,0.6674449554103279
372,SATIS_av,0.8496277752145949,0.33693338380697146,0.580459631505044
373,SMORE_av,0.9268893697782864,0.31249137281684064,0.5590092779344906
373,SPRIS_av,0.8521633262942904,0.3713345143842936,0.6093722297449183
373,SMYTH_av,0.8880994386746746,0.4880875699873078,0.6986326430874152
373,SPAIS_av,0.8552176248871783,0.5938981964311595,0.7706479069141494
373,SATIS_av,0.8684650029527613,0.37947485747116055,0.6160153061987669
374,SMORE_av,0.9104008281047161,0.37401915937094304,0.6115710583169736
374,SPRIS_av,0.8642622881311067,0.35144739140312076,0.59282998524292
374,SMYTH_av,0.8915343290722326,0.5097608861487493,0.7139754100448763
374,SPAIS_av,0.8952891340377934,0.4573925752438015,0.6763080475965088
374,SATIS_av,0.8865914895167191,0.3314316401037312,0.5757009988733137
375,SMORE_av,0.8769167514556063,0.4361851513749233,0.6604431477234989
375,SPRIS_av,0.861082644031293,0.3554631024759964,0.5962072646957569
375,SMYTH_av,0.9047253273140609,0.43886461402351995,0.66246857587626
375,SPAIS_av,0.898160978145001,0.36011585690677417,0.6000965396557242
375,SATIS_av,0.8529055682164806,0.3867081258127075,0.6218586059649794
376,SMORE_av,0.9288805933429358,0.27665398615797665,0.5259790738783974
376,SPRIS_av,0.8640064016343775,0.29579866844507763,0.5438737614971673
376,SMYTH_av,0.9059946400045483,0.48354389336124426,0.6953732043739134
376,SPAIS_av,0.8869512588614442,0.4615025046749503,0.679339756436314
376,SATIS_av,0.8929250215307778,0.29291683622461295,0.5412179193491407
377,SMORE_av,0.8933382052977238,0.35766425565093396,0.5980503788569438
377,SPRIS_av,0.8831058795395175,0.26225051611580286,0.5121040090799943
377,SMYTH_av,0.8959542992541792,0.4286324491091911,0.654700274254709
377,SPAIS_av,0.9016016849847304,0.34828982547223936,0.5901608471190201
377,SATIS_av,0.8533445829947434,0.2834681271968781,0.5324172491541554
378,SMORE_av,0.9011931502644515,0.3410751412195078,0.584016387800469
378,SPRIS_av,0.862645723423458,0.30970998386158705,0.5565159331605763
378,SMYTH_av,0.906748495410843,0.36457977095683863,0.6038044144893598
378,SPAIS_av,0.8967665597835776,0.34709134524696394,0.5891445877261065
378,SATIS_av,0.8740099168992748,0.25619000626616495,0.5061521572276116
379,SMORE_av,0.9200217344998384,0.3271386895107847,0.5719603915576538
379,SPRIS_av,0.889020966979575,0.24861714792848238,0.4986152303414752
379,SMYTH_av,0.9064181559116432,0.45034365875481513,0.6710764924766887
379,SPAIS_av,0.8811422014302813,0.4338939153913083,0.6587062436255696
379,SATIS_av,0.8726825959396942,0.3387781587100762,0.5820465262417397
380,SMORE_av,0.9113141549483976,0.31540927654539813,0.5616131021845895
380,SPRIS_av,0.8623543977640643,0.32563618805313954,0.5706454135916099
380,SMYTH_av,0.8433755170583843,0.512202503141123,0.7156832421826873
380,SPAIS_av,0.8510703009259498,0.4679931929576008,0.6841002798987885
380,SATIS_av,0.8426213250774215,0.34820745562107686,0.5900910570590584
381,SMORE_av,0.8855309796094768,0.42042771960425396,0.6484039787079148
381,SPRIS_av,0.8859569640518873,0.31660374210946285,0.5626755211571434
381,SMYTH_av,0.9054541972572119,0.4080539698693522,0.6387910220638298
381,SPAIS_av,0.8911474034784999,0.37686179967920463,0.6138907066239109
381,SATIS_av,0.8750607648551793,0.2931369097777655,0.5414211944297762
382,SMORE_av,0.8840735961175697,0.4434725938387743,0.6659373798179332
382,SPRIS_av,0.8469367333703082,0.34748177133178054,0.5894758445702254
382,SMYTH_av,0.8930355501729714,0.561326423450594,0.7492172071239381
382,SPAIS_av,0.8802512647787295,0.45917593385418287,0.6776252163653467
382,SATIS_av,0.8732788038148631,0.3045334189707134,0.5518454665671482
383,SMORE_av,0.8729485353142945,0.34887903051080676,0.5906598263897814
383,SPRIS_av,0.8318901119287949,0.3136258071856403,0.5600230416560021
383,SMYTH_av,0.8728511699980124,0.43613721404178646,0.6604068549324624
383,SPAIS_av,0.8580671642258986,0.46178216093122587,0.6795455547137557
383,SATIS_av,0.8010148599119886,0.359723125305106,0.5997692267073278
384,SMORE_av,0.9157924706537948,0.37167122591800916,0.6096484445301318
384,SPRIS_av,0.8145896766743915,0.4207541646407743,0.6486556595303662
384,SMYTH_av,0.8917430661625543,0.5160562808689788,0.7183705734987889
384,SPAIS_av,0.8609338312428038,0.5560971088797638,0.7457191890247721
384,SATIS_av,0.8694920707079942,0.35960871003080475,0.5996738363734112
385,SMORE_av,0.9103161878041643,0.34627553654418325,0.5884518132729164
385,SPRIS_av,0.8484681130433048,0.3207799093390682,0.5663743544150531
385,SMYTH_av,0.8660996533577845,0.5417256313566857,0.7360201297224728
385,SPAIS_av,0.8729475366634067,0.47278088180773153,0.6875906353403394
385,SATIS_av,0.8810248965743351,0.3034844186448178,0.5508941991388344
386,SMORE_av,0.8851471478531692,0.4135919607061546,0.6431111573485214
386,SPRIS_av,0.8564571533676376,0.32394412922548826,0.5691608992415838
386,SMYTH_av,0.8859252515014505,0.44073965459798964,0.6638822595897481
386,SPAIS_av,0.8689354014308293,0.5151201174016306,0.7177186896003409
386,SATIS_av,0.8507703562678081,0.3808542188017567,0.6171338742945137
387,SMORE_av,0.9058830002618481,0.31688185714194095,0.5629226031542356
387,SPRIS_av,0.8780648749568766,0.30074380315018784,0.5484011334326251
387,SMYTH_av,0.9069538539269237,0.38741520455839995,0.6224268668352934
387,SPAIS_av,0.856977417716113,0.43942258180901433,0.6628895698447927
387,SATIS_av,0.8302648245655545,0.38148773546151027,0.6176469343091653
388,SMORE_av,0.9073472465361345,0.3460508690412698,0.5882608851872354
388,SPRIS_av,0.8606942757652203,0.2881635215926755,0.5368086452290756
388,SMYTH_av,0.9044416276823752,0.4278584074837831,0.6541088651622015
388,SPAIS_av,0.8776321665081627,0.45197677228565475,0.672292177766226
388,SATIS_av,0.8873861150868152,0.24931079813966306,0.4993103224845878
389,SMORE_av,0.916534552410655,0.3344033883728488,0.5782762215177525
389,SPRIS_av,0.8697380049965595,0.30431710782337085,0.5516494428741597
389,SMYTH_av,0.9225929206218997,0.3780040205127145,0.6148203156310911
389,SPAIS_av,0.883156999391413,0.4824676853611234,0.6945989384969742
389,SATIS_av,0.8822569601097302,0.28927411740094255,0.5378420933702963
390,SMORE_av,0.916813921574149,0.32459074704041596,0.5697286608907928
390,SPRIS_av,0.8628968143295158,0.294381866796745,0.5425696884242106
390,SMYTH_av,0.9129796395624328,0.39740260958477874,0.6303987702912964
390,SPAIS_av,0.8915225047734808,0.4748769757082894,0.6891131806229579
390,SATIS_av,0.862182036295135,0.33307570457289143,0.5771271130114157
391,SMORE_av,0.9175247485195839,0.35255967002271693,0.5937673534497472
391,SPRIS_av,0.8687223054610113,0.3004871875232652,0.5481671164191311
391,SMYTH_av,0.9182450897617925,0.38781771551366906,0.6227501228531946
391,SPAIS_av,0.8885613421495069,0.41241988937414154,0.6421992598673262
391,SATIS_av,0.8637893035172711,0.31966584138964776,0.56538999052835
392,SMORE_av,0.9110630753254253,0.45379508477140446,0.6736431434902344
392,SPRIS_av,0.8568717714372092,0.38504338377810304,0.6205186409594018
392,SMYTH_av,0.8939565187534263,0.5121655537246104,0.7156574276318317
392,SPAIS_av,0.889155261440026,0.49961090064743946,0.7068315928475746
392,SATIS_av,0.8780070910104071,0.3520484369133516,0.5933366977638848
393,SMORE_av,0.916904221097219,0.32560357106491844,0.5706168338429198
393,SPRIS_av,0.8527368894579973,0.3618629147014188,0.6015504257345503
393,SMYTH_av,0.8960870724603363,0.4946070616794592,0.7032830594287476
393,SPAIS_av,0.8792375408333601,0.45241732072802315,0.6726197445273393
393,SATIS_av,0.8669751088831057,0.30453421504202455,0.5518461878476869
394,SMORE_av,0.910670202836463,0.3872724224942517,0.6223121584014342
394,SPRIS_av,0.8581363100021835,0.3358638623330528,0.57953762805624
394,SMYTH_av,0.9150679029191251,0.4312261517323119,0.6566781188164502
394,SPAIS_av,0.8742359166305309,0.48445955189074275,0.6960312865746358
394,SATIS_av,0.8465515349165205,0.32388844224483326,0.5691119768945592
395,SMORE_av,0.9265811877976495,0.28155053985647355,0.5306133619279424
395,SPRIS_av,0.896628469962374,0.2413656312025209,0.49128976297346244
395,SMYTH_av,0.870304389140967,0.5540525019205684,0.7443470305714723
395,SPAIS_av,0.8911429029392234,0.43451036005789395,0.659173998317511
395,SATIS_av,0.8755797383984567,0.3286376695803209,0.5732692819088783
396,SMORE_av,0.8896571083750897,0.4193191227574791,0.6475485485718265
396,SPRIS_av,0.8363944573165838,0.3475151391602989,0.5895041468558969
396,SMYTH_av,0.8642910268429649,0.5820542779930439,0.7629248180476527
396,SPAIS_av,0.8794340331766167,0.44707289428087676,0.6686350980025478
396,SATIS_av,0.8518253568286661,0.3268074074389976,0.5716707159186988
397,SMORE_av,0.9276342732837471,0.31607754167416957,0.5622077388956591
397,SPRIS_av,0.8892065339835907,0.2492252512139811,0.4992246500464306
397,SMYTH_av,0.9113477771946266,0.40165686227023323,0.6337640430556417
397,SPAIS_av,0.8877173027979585,0.48384194499357347,0.6955874819126444
397,SATIS_av,0.8895858650031206,0.29076883942798154,0.5392298576933418
398,SMORE_av,0.9177541716667911,0.39038256571118723,0.6248060224671231
398,SPRIS_av,0.8427020713016439,0.42247291304275564,0.6499791635450752
398,SMYTH_av,0.9090775498481768,0.4596757826230377,0.6779939399604082
398,SPAIS_av,0.87384817825917,0.5668111928338252,0.7528686424827542
398,SATIS_av,0.8570063741473735,0.3756520046560241,0.6129045640685212
399,SMORE_av,0.8874534030709069,0.39841915486860824,0.6312045269709401
399,SPRIS_av,0.8288138106459582,0.35548059131116416,0.5962219312564443
399,SMYTH_av,0.8984290297510751,0.4729238722935639,0.6876946068521723
399,SPAIS_av,0.8704705463775454,0.40287242125671224,0.6347223182279887
399,SATIS_av,0.8474197046710659,0.33061541255315674,0.5749916630292623
400,SMORE_av,0.888467385710981,0.4566381182434221,0.6757500412455941
400,SPRIS_av,0.8354341707101818,0.3917123864401257,0.6258693045997109
400,SMYTH_av,0.8441199677857667,0.5772189789683183,0.7597492869153075
400,SPAIS_av,0.8513472326319401,0.5463235120169131,0.7391370049029564
400,SATIS_av,0.8171191263373514,0.46443265526962024,0.6814929605429687
401,SMORE_av,0.9102941701957976,0.31103459165539177,0.5577047531224669
401,SPRIS_av,0.8267106368553316,0.3108135132361602,0.5575065140750914
401,SMYTH_av,0.8992683719150969,0.42480725751376514,0.6517723970173677
401,SPAIS_av,0.8966833408312935,0.4399422327635992,0.6632814129489829
401,SATIS_av,0.880830002478455,0.25698642457138793,0.5069382847757584
402,SMORE_av,0.9023926738264748,0.4146206948422521,0.6439104711388471
402,SPRIS_av,0.8472373025376494,0.29796288701662377,0.5458597686371691
402,SMYTH_av,0.9198675997667556,0.3916625627896273,0.6258294997757994
402,SPAIS_av,0.9113273297883495,0.3296789668631368,0.5741767731832566
402,SATIS_av,0.8317375148223582,0.38408396116577925,0.6197450775647833
403,SMORE_av,0.9007053053327604,0.4383044787823341,0.6620456772627807
403,SPRIS_av,0.8519972553180699,0.35091268044647766,0.5923788318689972
403,SMYTH_av,0.8961242111062185,0.4386541142304434,0.6623096815164666
403,SPAIS_av,0.8949146058305197,0.43575007936942084,0.6601136867005719
403,SATIS_av,0.8742798446240587,0.339784690665737,0.5829105340150725
404,SMORE_av,0.8877923341377923,0.3942878136951282,0.6279234138771449
404,SPRIS_av,0.8734227562031976,0.2790207817657846,0.5282241775664804
404,SMYTH_av,0.8995372780877153,0.39935856379384005,0.6319482287290946
404,SPAIS_av,0.8518732485573519,0.5342255296165532,0.7309073331254471
404,SATIS_av,0.8598549226936189,0.3060110346749818,0.5531826413355555
405,SMORE_av,0.884835830252097,0.39406107843205784,0.6277428441902447
405,SPRIS_av,0.838872706412337,0.37037893347309797,0.6085876547163095
405,SMYTH_av,0.89744505943053,0.5065724079415762,0.7117390026839728
405,SPAIS_av,0.8638602840322464,0.5020276400866245,0.7085390886088251
405,SATIS_av,0.8828456427066742,0.2875993360674705,0.5362828880986885
406,SMORE_av,0.898276760439626,0.36139943204906044,0.6011650622325456
406,SPRIS_av,0.8480982832351825,0.3397617579485894,0.5828908628110321
406,SMYTH_av,0.9155879936617454,0.41938345827785267,0.6475982228804004
406,SPAIS_av,0.91485024035282,0.3617010412461722,0.6014158638131956
406,SATIS_av,0.8572948759697798,0.340996676781927,0.5839492073647562
407,SMORE_av,0.9080537434443532,0.34919455563711144,0.5909268614956604
407,SPRIS_av,0.8709826140506864,0.3087905300925337,0.5556892387769748
407,SMYTH_av,0.9237066293683046,0.3443137109772421,0.5867825073885913
407,SPAIS_av,0.899837960355659,0.42830883325144165,0.6544530794880881
407,SATIS_av,0.8816495386915869,0.3347713480406406,0.578594286214996
408,SMORE_av,0.9037676189278926,0.3971627984200517,0.6302085356610554
408,SPRIS_av,0.8766082647369858,0.3183354434310131,0.5642122326137684
408,SMYTH_av,0.9042517564991047,0.42224656223083123,0.6498050186254576
408,SPAIS_av,0.8908269286120943,0.40295928909002565,0.6347907443323553
408,SATIS_av,0.8684029725446052,0.3611643416174525,0.6009695014037338
409,SMORE_av,0.9196740897951964,0.33695826820801744,0.5804810661925309
409,SPRIS_av,0.8596947550532393,0.34522729098016897,0.5875604572979439
409,SMYTH_av,0.8625158325067206,0.5692375528628664,0.7544783316059291
409,SPAIS_av,0.8529020785216459,0.45952954824144543,0.677886087953902
409,SATIS_av,0.8690219301543408,0.31280402422335535,0.5592888558011463
410,SMORE_av,0.9067535512122666,0.41890217002012314,0.6472265214128073
410,SPRIS_av,0.8610734284463963,0.34146796325017403,0.5843526018168945
410,SMYTH_av,0.8911228950200814,0.509575288505589,0.7138454233975231
410,SPAIS_av,0.8779888606425243,0.4755459471975735,0.6895983955880216
410,SATIS_av,0.86666907619217,0.37248620880293004,0.6103164824932471
411,SMORE_av,0.9072367602024854,0.3485744060098983,0.5904019021055897
411,SPRIS_av,0.7905560833125742,0.49435202799375105,0.7031017195212589
411,SMYTH_av,0.883644054001136,0.5143723516445043,0.7171975680692904
411,SPAIS_av,0.8728841329895112,0.4407788199207755,0.6639117561248449
411,SATIS_av,0.8661499706152116,0.32124541238407534,0.5667851554020054
412,SMORE_av,0.8903485167490235,0.38903493412576734,0.6237266501647716
412,SPRIS_av,0.8633538649196554,0.2875677425022125,0.5362534312265167
412,SMYTH_av,0.8856294953840564,0.42612233773677793,0.652780466724287
412,SPAIS_av,0.8833103383317894,0.4658552381934333,0.6825358878428542
412,SATIS_av,0.8515499175671681,0.33805042672959407,0.5814210408383876
413,SMORE_av,0.9093575309887225,0.31498362723827567,0.5612340218111119
413,SPRIS_av,0.8604710516527192,0.27765933430983136,0.5269338993743251
413,SMYTH_av,0.890478326967955,0.47300127664111247,0.6877508826901733
413,SPAIS_av,0.854436871718454,0.6157140618743617,0.7846744942167814
413,SATIS_av,0.8820449705639152,0.25831458694742404,0.5082465808516807
414,SMORE_av,0.8844896905197841,0.4259087917088071,0.652616879730219
414,SPRIS_av,0.8443046293330778,0.3192185663647577,0.5649943064887979
414,SMYTH_av,0.9143924180498919,0.35987300579011666,0.5998941621570564
414,SPAIS_av,0.8445051174074991,0.49439693904781074,0.7031336566029326
414,SATIS_av,0.86616668635706,0.3712827458280774,0.6093297513071863
415,SMORE_av,0.9112014283613712,0.3260431362626998,0.5710018706297728
415,SPRIS_av,0.8641460580060469,0.28707179078101,0.5357908087873569
415,SMYTH_av,0.8899974430794856,0.4590230207301741,0.6775123768095858
415,SPAIS_av,0.8821217895344315,0.4351225285336587,0.6596381800151191
415,SATIS_av,0.8483928691514582,0.3019345737517988,0.5494857357127652
416,SMORE_av,0.9398180003425537,0.27617824564933696,0.5255266364793862
416,SPRIS_av,0.8193684003408483,0.3901921305106287,0.6246536084188009
416,SMYTH_av,0.8723316214284489,0.5239122144705598,0.723817804748239
416,SPAIS_av,0.8401953707178349,0.57004007956074,0.7550099863980211
416,SATIS_av,0.8920602276510421,0.2665446870803803,0.516279659758527
417,SMORE_av,0.9163562374396694,0.35340433926881465,0.5944782075642594
417,SPRIS_av,0.8613768611509731,0.32559477687471994,0.5706091279279714
417,SMYTH_av,0.9008808064070137,0.42678275415733763,0.6532861196729483
417,SPAIS_av,0.8760904302972757,0.469339466977547,0.685083547443337
417,SATIS_av,0.8666831441533157,0.3332793218509785,0.5773034919788538
418,SMORE_av,0.8793504456950932,0.4221051205334123,0.6496961755570155
418,SPRIS_av,0.8260680247903687,0.34618904991724414,0.5883783221000278
418,SMYTH_av,0.8804574248508489,0.4400739945777726,0.6633807312379314
418,SPAIS_av,0.8674898177152397,0.4240463251079142,0.6511883944818997
418,SATIS_av,0.8736609801390655,0.30914716976091805,0.556010044658294
419,SMORE_av,0.8850569419636645,0.3572785800962169,0.5977278478506893
419,SPRIS_av,0.8684007523720885,0.2989455624895653,0.5467591448613962
419,SMYTH_av,0.8978275524127705,0.46572090665290183,0.6824374745373395
419,SPAIS_av,0.900734378714998,0.4524889766613606,0.6726730087207012
419,SATIS_av,0.8380737686538404,0.3844186012185245,0.6200150008012101
420,SMORE_av,0.9021616670555777,0.41624792598391763,0.6451727876963795
420,SPRIS_av,0.8235736435733185,0.4086086689317922,0.6392250534293789
420,SMYTH_av,0.8455668980316838,0.6202145939619679,0.7875370429141526
420,SPAIS_av,0.8889531088530802,0.43043159667312275,0.6560728592718363
420,SATIS_av,0.8617202406332253,0.32964593360927125,0.5741480067101785
421,SMORE_av,0.8852409497346991,0.3796213571529229,0.6161342038492287
421,SPRIS_av,0.8783785784623146,0.2829160510807701,0.5318985345728733
421,SMYTH_av,0.8919343363882446,0.4456785983363583,0.667591640403292
421,SPAIS_av,0.8815954634980054,0.45570777880999,0.6750613148522067
421,SATIS_av,0.8230917152643858,0.35060799073057214,0.5921216013037965
422,SMORE_av,0.9092345126311853,0.32091917062796876,0.5664972821011314
422,SPRIS_av,0.8600690505979011,0.36941770642154126,0.6077974221906023
422,SMYTH_av,0.8901141367347541,0.4997343381705088,0.7069189049463233
422,SPAIS_av,0.8559033933307704,0.5331140377971036,0.7301465865133546
422,SATIS_av,0.8808403477666772,0.2914640770374388,0.539874130735525
423,SMORE_av,0.9125616806726509,0.3087635922218446,0.5556649999971607
423,SPRIS_av,0.8463007393929034,0.3054533716827324,0.5526783618730992
423,SMYTH_av,0.9102959648195724,0.4501503573663568,0.6709324536541341
423,SPAIS_av,0.8865172841161223,0.47395369788521485,0.688442951801538
423,SATIS_av,0.8696780577619396,0.32984480625306994,0.57432116995029
424,SMORE_av,0.8911520969804764,0.40070173700892636,0.6330100607485842
424,SPRIS_av,0.8582773589899774,0.3928278661489216,0.6267598153590589
424,SMYTH_av,0.8662948299150668,0.5806153547635426,0.7619812036812605
424,SPAIS_av,0.8802730474776991,0.47197680202658243,0.6870056783073794
424,SATIS_av,0.8072078230043789,0.382317859961098,0.6183185748148748
425,SMORE_av,0.9070492323730479,0.30484860832495303,0.5521309702642598
425,SPRIS_av,0.8691727883126562,0.2894711958507878,0.5380252743605897
425,SMYTH_av,0.9014902162862253,0.4067589370388519,0.6377765572979709
425,SPAIS_av,0.8629855570983588,0.4207508865613215,0.648653132699844
425,SATIS_av,0.8520947723170016,0.2913490165888306,0.5397675579254746
426,SMORE_av,0.905894356673181,0.3823511870121354,0.6183455239687075
426,SPRIS_av,0.8402947235275648,0.3315026083779295,0.575762631974262
426,SMYTH_av,0.9243766275567417,0.38040105777834327,0.6167666153240975
426,SPAIS_av,0.8670257787984057,0.5958991832934617,0.7719450649453378
426,SATIS_av,0.8394149609350192,0.4223921446734133,0.6499170290686445
427,SMORE_av,0.9180804262428299,0.2959932966560844,0.5440526598189594
427,SPRIS_av,0.8684339420958972,0.29362116909600955,0.5418682211534549
427,SMYTH_av,0.8870805389557543,0.43190920978446146,0.657197998920007
427,SPAIS_av,0.873126232746776,0.4379539908385981,0.6617809235982842
427,SATIS_av,0.8642630129852156,0.3683312402796366,0.6069029908310195
428,SMORE_av,0.9050260371317347,0.3672031089688444,0.6059728615778469
428,SPRIS_av,0.8853296478320724,0.27131925517115746,0.5208831492486174
428,SMYTH_av,0.9039772485225079,0.38701368240427236,0.6221042375713836
428,SPAIS_av,0.8933097104518976,0.43636012305797467,0.660575599805181
428,SATIS_av,0.8414520575946047,0.35448835644562887,0.5953892478418038
429,SMORE_av,0.9094482308084743,0.3312222736103006,0.5755191340088535
429,SPRIS_av,0.8304566387503013,0.33086679985787043,0.5752102223169112
429,SMYTH_av,0.8818691004740528,0.48552849757604527,0.6967987496946627
429,SPAIS_av,0.8546031152905531,0.5344114553170496,0.7310345103461597
429,SATIS_av,0.8315300548012066,0.3909245371635743,0.6252395838105376
430,SMORE_av,0.9149962264626723,0.33201098771521653,0.5762039462857024
430,SPRIS_av,0.877523006199185,0.28220453363223946,0.5312292665434007
430,SMYTH_av,0.8878758401695279,0.43691849924595394,0.6609981083527804
430,SPAIS_av,0.9017569577161142,0.3398971539117663,0.5830069930213241
430,SATIS_av,0.8735456671508213,0.3029737999127205,0.5504305586654147
431,SMORE_av,0.9137503653001929,0.3402260590125057,0.5832890012785306
431,SPRIS_av,0.8607278859502354,0.32623185965457613,0.5711671030920602
431,SMYTH_av,0.8881408762278895,0.4676407385999912,0.6838426270714566
431,SPAIS_av,0.8709815573726772,0.5224968182857687,0.7228394138989439
431,SATIS_av,0.8590603586834771,0.32378472876154746,0.5690208509022736
432,SMORE_av,0.9040885325118253,0.330437640603089,0.5748370556976029
432,SPRIS_av,0.86288045323477,0.2605609955321506,0.5104517563219375
432,SMYTH_av,0.8909854323255293,0.38792305791943665,0.6228346955006895
432,SPAIS_av,0.8525803361441966,0.4677105415331523,0.683893662445524
432,SATIS_av,0.8553249785011322,0.3228864675221017,0.5682309983819096
433,SMORE_av,0.9162899816390863,0.3521796178291243,0.5934472325566312
433,SPRIS_av,0.8489780038718142,0.34245002054392204,0.5851922936470729
433,SMYTH_av,0.9005603294376001,0.43609064226258437,0.660371594076081
433,SPAIS_av,0.878086447544941,0.462658168802984,0.6801898035129489
433,SATIS_av,0.8761878718492385,0.3307349301050658,0.575095583451191
434,SMORE_av,0.9167861523257527,0.2875159004764542,0.5362050918039236
434,SPRIS_av,0.8678349446307023,0.2769174453452732,0.526229460734833
434,SMYTH_av,0.9156179371580051,0.3882971882661039,0.6231349679372069
434,SPAIS_av,0.860303988391234,0.47520788936641223,0.6893532399041962
434,SATIS_av,0.8717862964549509,0.3055197073424435,0.5527383715126384
435,SMORE_av,0.8815165443452799,0.4266027889843234,0.6531483667470381
435,SPRIS_av,0.8456466902380755,0.33054113382734407,0.5749270682680927
435,SMYTH_av,0.9056768137376574,0.4436589161962997,0.6660772599303325
435,SPAIS_av,0.8891139141377147,0.4884304834205853,0.6988780175542691
435,SATIS_av,0.8405005778204505,0.3799091419526089,0.616367700283369
436,SMORE_av,0.9033542981871804,0.3784712690676607,0.6152001861732982
436,SPRIS_av,0.860371454768507,0.35639824170406514,0.5969909896339015
436,SMYTH_av,0.8614958191320784,0.5767991222891166,0.7594729240000044
436,SPAIS_av,0.8693442642269306,0.43152540892010127,0.6569059361279218
436,SATIS_av,0.8845005456776928,0.293210136155961,0.5414888144329123
437,SMORE_av,0.9181317601097978,0.294979236833081,0.5431199101792172
437,SPRIS_av,0.8624223358352646,0.27037509897113454,0.5199760561517565
437,SMYTH_av,0.925160810967392,0.33906014333925516,0.5822887113273407
437,SPAIS_av,0.8951983507625256,0.35813130100834895,0.5984407247241359
437,SATIS_av,0.8688219162349732,0.26405154758952565,0.513859462878252
438,SMORE_av,0.8773906182058651,0.3918827437639499,0.6260053863697579
438,SPRIS_av,0.8663838432010096,0.3113645754811596,0.5580005156638832
438,SMYTH_av,0.8482758071317049,0.6117741310936119,0.782159914016061
438,SPAIS_av,0.8604695778872015,0.5088948387504578,0.7133686555704966
438,SATIS_av,0.8543011555113049,0.31535758312811873,0.5615670780308607
439,SMORE_av,0.9073428725330783,0.3391460476302138,0.5823624710008483
439,SPRIS_av,0.8455896544595622,0.3310460587058312,0.5753660215079017
439,SMYTH_av,0.8983646429658569,0.3942830747965099,0.627919640397169
439,SPAIS_av,0.8536270380009416,0.5353681438795803,0.7316885566137961
439,SATIS_av,0.8451760853678728,0.2917274350963448,0.5401179825707942
440,SMORE_av,0.9159392849263143,0.34209961315599247,0.5848928219391929
440,SPRIS_av,0.8478979712354481,0.3143113312306495,0.5606347574229139
440,SMYTH_av,0.9195302355702099,0.37172113569847903,0.609689376402836
440,SPAIS_av,0.885469595637083,0.4232936284627095,0.6506101970171614
440,SATIS_av,0.8681154420860626,0.3115563340148652,0.5581723157008642
441,SMORE_av,0.9006069300081111,0.40074419996653254,0.6330436003677254
441,SPRIS_av,0.8396826600668561,0.334599309787674,0.578445597949949
441,SMYTH_av,0.9019735798339453,0.5290668443339966,0.7273698126359085
441,SPAIS_av,0.8530569801185585,0.5233123491598977,0.7234033101665334
441,SATIS_av,0.8859616684595263,0.28274268278953996,0.5317355383924794
442,SMORE_av,0.8953120935079638,0.41994348615156685,0.6480304669933096
442,SPRIS_av,0.8885038891433032,0.2689511939075632,0.51860504616477
442,SMYTH_av,0.9005058682984475,0.3784038643394243,0.6151454009739683
442,SPAIS_av,0.8715973343372467,0.4416989875293021,0.6646043842236539
442,SATIS_av,0.8479727302836628,0.3712595901795848,0.6093107500935666
443,SMORE_av,0.8816112201842037,0.39210342828097555,0.6261816256334704
443,SPRIS_av,0.8501600499052464,0.39078795448730586,0.6251303499969473
443,SMYTH_av,0.8758682139031211,0.5115048305282823,0.7151956589131973
443,SPAIS_av,0.8342977334286433,0.49543361596309826,0.7038704539637235
443,SATIS_av,0.8394569776348859,0.3325470327157377,0.5766689108281612
444,SMORE_av,0.882445331741589,0.46545985107646665,0.6822461806976032
444,SPRIS_av,0.8509392656010185,0.36474039151282833,0.6039374069494523
444,SMYTH_av,0.9244936312442018,0.3836470206885576,0.6193924609555379
444,SPAIS_av,0.9092336485275441,0.410443312271189,0.6406584989455685
444,SATIS_av,0.8734804847255441,0.35701121898290544,0.5975041581302221
445,SMORE_av,0.89687292346895,0.3690116427904712,0.607463285137852
445,SPRIS_av,0.8478134569852732,0.3137492801561288,0.5601332699957473
445,SMYTH_av,0.8859329635743175,0.4784186967650817,0.6916781742726033
445,SPAIS_av,0.8784362560682168,0.5428600074987457,0.736790341616084
445,SATIS_av,0.8645369120307027,0.2734155328801184,0.5228915115778018
446,SMORE_av,0.9097318727887992,0.32760866979757586,0.572371094481173
446,SPRIS_av,0.8330843506344381,0.3593599139237204,0.599466357624613
446,SMYTH_av,0.8856714228449745,0.5284742442986243,0.7269623403578925
446,SPAIS_av,0.868012012460668,0.5250377857509659,0.7245949114856975
446,SATIS_av,0.8754388664609368,0.2642965811683739,0.514097832293012
447,SMORE_av,0.9116180672842594,0.3665652050834444,0.6054462858779831
447,SPRIS_av,0.8434708493077768,0.3332138451093832,0.5772467800771028
447,SMYTH_av,0.91181036707259,0.3612057659007437,0.6010039649625813
447,SPAIS_av,0.8780383647644752,0.5282957948326011,0.726839593605495
447,SATIS_av,0.8789940141483175,0.34635326562234525,0.5885178549732755
448,SMORE_av,0.9146899854733416,0.34433021432616134,0.5867965697975418
448,SPRIS_av,0.835970220608578,0.3412971669915329,0.5842064421003357
448,SMYTH_av,0.8825853941221521,0.5002597486750464,0.7072904273882451
448,SPAIS_av,0.8586996197714032,0.6137392481923937,0.7834151186902086
448,SATIS_av,0.8837843436372786,0.2727755119498701,0.5222791513643543
449,SMORE_av,0.9264935674981769,0.28758947410790714,0.536273693283483
449,SPRIS_av,0.873883042986638,0.2875760892804351,0.5362612136640456
449,SMYTH_av,0.8815078338537825,0.48388245648925166,0.6956166016486752
449,SPAIS_av,0.8943645768571507,0.3952246329748618,0.6286689374979981
449,SATIS_av,0.8622600748058764,0.2820941465829034,0.5311253586328781
450,SMORE_av,0.9219604396562807,0.30093653412418975,0.5485768260911044
450,SPRIS_av,0.846176489926605,0.3035118264037676,0.5509190742783986
450,SMYTH_av,0.8998925970365752,0.3857144465085833,0.6210591328598133
450,SPAIS_av,0.84940355208909,0.5104817993652085,0.7144800902510919
450,SATIS_av,0.8929994033925965,0.2682269604161416,0.5179063239777456
451,SMORE_av,0.8910765707175626,0.3948498516694862,0.628370791547066
451,SPRIS_av,0.869023683811667,0.3265281604355649,0.5714264260913778
451,SMYTH_av,0.8990297652805369,0.5181579286418438,0.7198318752610527
451,SPAIS_av,0.8805365502130891,0.4377524263117657,0.6616286166058462
451,SATIS_av,0.8508511105804224,0.3681565820975469,0.6067590807705698
452,SMORE_av,0.9078411404536093,0.3824197821661426,0.6184009881671783
452,SPRIS_av,0.803275492373942,0.38468165969558127,0.6202271033223082
452,SMYTH_av,0.8863962655864269,0.5332521425461649,0.7302411536925079
452,SPAIS_av,0.8412785563000031,0.51901912089899,0.7204298167753678
452,SATIS_av,0.8634913186627453,0.33469641137466094,0.5785295250673563
453,SMORE_av,0.9025255025505233,0.34587850674972287,0.5881143653658895
453,SPRIS_av,0.850693121591796,0.3171066118488809,0.5631221997478708
453,SMYTH_av,0.9134033455740906,0.37629998869749426,0.6134329537100972
453,SPAIS_av,0.894890346175078,0.4373144243987957,0.6612975309184178
453,SATIS_av,0.892386790556867,0.25461687988702386,0.5045957588872739
454,SMORE_av,0.9087911513440633,0.40251352677991786,0.6344395375289262
454,SPRIS_av,0.8876771012568748,0.3157977711997314,0.5619588696690634
454,SMYTH_av,0.9006672184139799,0.47949571558770504,0.6924562914637321
454,SPAIS_av,0.8790648925189297,0.4203269865470682,0.6483262963562932
454,SATIS_av,0.8659146486364883,0.3621748412741407,0.6018096387348251
455,SMORE_av,0.899498672244045,0.32800332469267635,0.5727157451063104
455,SPRIS_av,0.8104318128140511,0.3390417666428738,0.582272931401481
455,SMYTH_av,0.8997533673469202,0.3954040852412523,0.628811645281202
455,SPAIS_av,0.867487101113209,0.5162205208268118,0.7184848786347642
455,SATIS_av,0.8507234594105986,0.28484076156732785,0.5337047513066825
456,SMORE_av,0.8886003820633769,0.4309878424782794,0.6564966431584243
456,SPRIS_av,0.8564785938480004,0.3437064809481781,0.5862648556311201
456,SMYTH_av,0.8877398277386339,0.4589158421987227,0.6774332750896745
456,SPAIS_av,0.8610666021054266,0.5056942412472178,0.7111218188518883
456,SATIS_av,0.8495139649491885,0.42139352051177537,0.6491483039427703
457,SMORE_av,0.889089144865982,0.37714467306393873,0.6141210573363681
457,SPRIS_av,0.8360261010672914,0.3691955333603963,0.6076146256965811
457,SMYTH_av,0.8423656737073688,0.6651390206275655,0.8155605560763501
457,SPAIS_av,0.8686358040499392,0.47760275335187213,0.6910880937708825
457,SATIS_av,0.8691974580769688,0.264396249924322,0.5141947587483968
458,SMORE_av,0.913848769534972,0.34805862896586576,0.5899649387598095
458,SPRIS_av,0.8382776132370583,0.3968869025002873,0.6299896050732007
458,SMYTH_av,0.8886325335187001,0.5047230997048564,0.7104386670957996
458,SPAIS_av,0.8674555078561141,0.5503208041372022,0.741836103285087
458,SATIS_av,0.8965027393509846,0.27298972556662504,0.5224841869058097
459,SMORE_av,0.9018759174582133,0.3946866777429962,0.628240939244647
459,SPRIS_av,0.817507016526871,0.3931991568912241,0.6270559439884325
459,SMYTH_av,0.9229410581210734,0.38320791900013296,0.6190378978706659
459,SPAIS_av,0.8619511456975643,0.4933020716574806,0.7023546623020883
459,SATIS_av,0.8858818907254086,0.28900411173790275,0.5375910264670558
460,SMORE_av,0.8811602000433919,0.3897932762331418,0.6243342664255598
460,SPRIS_av,0.8636650542944551,0.30384918854970455,0.5512251704609511
460,SMYTH_av,0.848184543662335,0.5012760141309925,0.7080084845049476
460,SPAIS_av,0.8381669621218792,0.5731209147761726,0.7570474983620067
460,SATIS_av,0.8315472256390138,0.3786691932559428,0.6153610267606674
461,SMORE_av,0.8864352703183066,0.3797917999209747,0.6162725045959577
461,SPRIS_av,0.8811030561953413,0.29420813886302183,0.5424095674515907
461,SMYTH_av,0.9059478194530621,0.4508973980027167,0.6714889410874291
461,SPAIS_av,0.8860859740406318,0.4638742273201412,0.6810831280542348
461,SATIS_av,0.8475483040730412,0.32732260638929866,0.5721211466020975
462,SMORE_av,0.9016892857004293,0.40555642709208184,0.6368331234256599
462,SPRIS_av,0.8474135461801694,0.3899825308344417,0.6244858131570658
462,SMYTH_av,0.9089332576947833,0.4601438163805375,0.6783390128693303
462,SPAIS_av,0.8681956034657787,0.6506737200046966,0.8066434900280895
462,SATIS_av,0.8566043400048503,0.30410948373090185,0.5514612259541933
463,SMORE_av,0.8706589898602266,0.4114380646216237,0.6414343806046131
463,SPRIS_av,0.8288366988876319,0.38404586071277785,0.6197143379919314
463,SMYTH_av,0.883675718800118,0.5186516604069987,0.7201747429665933
463,SPAIS_av,0.8494602630908502,0.5632158045104184,0.7504770512883245
463,SATIS_av,0.8231726014847325,0.4058940212126789,0.6370981252622542
464,SMORE_av,0.856700928689751,0.3822086204566951,0.618230232564451
464,SPRIS_av,0.8326062879884256,0.33119155909845555,0.5754924492106352
464,SMYTH_av,0.873176802148497,0.4121744911635334,0.6420081706361169
464,SPAIS_av,0.8845425462166346,0.421063498683352,0.6488940581353415
464,SATIS_av,0.8183717509486566,0.33353470315996675,0.5775246342451261
465,SMORE_av,0.8924020904043221,0.3537065603925788,0.5947323434895556
465,SPRIS_av,0.8636444166391026,0.3074028889126554,0.5544392562875173
465,SMYTH_av,0.9081921007474247,0.3941756241040117,0.6278340737042006
465,SPAIS_av,0.8681726039876516,0.4475777709431793,0.6690125342197852
465,SATIS_av,0.8875861377803342,0.26889469765891993,0.5185505738680847
466,SMORE_av,0.8949824710258258,0.3804423814434658,0.6168001146590893
466,SPRIS_av,0.8552304845498122,0.3566922472838121,0.5972371784172618
466,SMYTH_av,0.8996157268931414,0.4437438162085266,0.6661409882363692
466,SPAIS_av,0.8869641916392911,0.48340544927589046,0.6952736506411633
466,SATIS_av,0.8595472063133928,0.3462790057832324,0.5884547610337029
467,SMORE_av,0.9120773629669966,0.3378848965883639,0.5812786737773578
467,SPRIS_av,0.8681438812817399,0.29731047876858696,0.5452618442258609
467,SMYTH_av,0.8883997696169237,0.40405235410960716,0.6356511260979619
467,SPAIS_av,0.8536748606049095,0.5051152844334535,0.7107146293931578
467,SATIS_av,0.8711414008568819,0.35809100508620983,0.5984070563472742
468,SMORE_av,0.9214619138453022,0.29106130954972437,0.539500981972901
468,SPRIS_av,0.8561311233127215,0.3358894230905092,0.5795596803526873
468,SMYTH_av,0.8787956693583137,0.4706067881564,0.6860078630426913
468,SPAIS_av,0.887311465006976,0.4150137885650492,0.6442156382493747
468,SATIS_av,0.8462845703217365,0.3335595544888854,0.5775461492286875
469,SMORE_av,0.9129574051611983,0.3416413723447451,0.5845009600888138
469,SPRIS_av,0.8509855837192322,0.30257818750006304,0.5500710749531037
469,SMYTH_av,0.8882399472825447,0.49649025919107004,0.7046206491375838
469,SPAIS_av,0.8701544733812538,0.3877033533841251,0.622658295844619
469,SATIS_av,0.8525953066142492,0.32884018355939126,0.5734458854673136
470,SMORE_av,0.9003455096532109,0.39165543432826055,0.6258238045394731
470,SPRIS_av,0.8626524834369342,0.28797891188547353,0.5366366665496065
470,SMYTH_av,0.9133891535060639,0.40265116928435024,0.634548003924329
470,SPAIS_av,0.8814512023250071,0.467325361052976,0.6836119959838154
470,SATIS_av,0.8577866717318285,0.3240890508485693,0.5692881966531269
471,SMORE_av,0.8963563249312831,0.3202633780924714,0.56591817261197
471,SPRIS_av,0.8245067823832398,0.34711366823981715,0.589163532679864
471,SMYTH_av,0.8545417899424357,0.5269934788362214,0.7259431650179106
471,SPAIS_av,0.8889307575827463,0.3929542038308674,0.6268605936178054
471,SATIS_av,0.8525398918128088,0.35874616747373467,0.5989542281958903
472,SMORE_av,0.8894921226229935,0.3714265040988792,0.6094477041542442
472,SPRIS_av,0.8382361456681312,0.3825265810908887,0.6184873330076281
472,SMYTH_av,0.8782236087961846,0.493431225925634,0.7024466000527257
472,SPAIS_av,0.861100886504506,0.3526981163601435,0.5938839249888344
472,SATIS_av,0.8390433668905244,0.31745115416964675,0.5634280381465292
473,SMORE_av,0.9052474328615521,0.3534207164763495,0.5944919818436154
473,SPRIS_av,0.8398595209874736,0.2964607537369722,0.5444820968011457
473,SMYTH_av,0.9086902511425659,0.3465006522618774,0.5886430601492533
473,SPAIS_av,0.8748428180710472,0.3660498367432782,0.6050205258859225
473,SATIS_av,0.8565596353205843,0.2548261988845537,0.50480312883792
474,SMORE_av,0.9029096631828494,0.36358687074986157,0.6029816504255014
474,SPRIS_av,0.8608311870497732,0.2950454432418508,0.5431808568440633
474,SMYTH_av,0.8655661921081548,0.4665300649056413,0.6830300614948374
474,SPAIS_av,0.8581488883477056,0.4570451573678385,0.6760511499641417
474,SATIS_av,0.840830600712359,0.3308464454683745,0.5751925290442971
475,SMORE_av,0.9021027460598097,0.3678606358408473,0.6065151571402377
475,SPRIS_av,0.883046140693656,0.2958464825013279,0.5439177166643203
475,SMYTH_av,0.8981320865614408,0.45251651321106273,0.672693476414825
475,SPAIS_av,0.874594536159497,0.477350324532704,0.6909054381988203
475,SATIS_av,0.858303564944765,0.3051979272306843,0.5524472166919517
476,SMORE_av,0.8979133792000907,0.37062475086476715,0.6087895784791056
476,SPRIS_av,0.847697142445881,0.38288186276228714,0.618774484575994
476,SMYTH_av,0.9304532807680925,0.32234984729086896,0.5677586170996165
476,SPAIS_av,0.8907665466877644,0.5010870249475637,0.707875006584894
476,SATIS_av,0.8553520296272304,0.34723060167918834,0.5892627611509048
477,SMORE_av,0.9011954589825031,0.40235075410321713,0.6343112438726095
477,SPRIS_av,0.8545905952646645,0.3443346764289995,0.5868003718718995
477,SMYTH_av,0.9001303947033404,0.4715532056669565,0.6866973173582058
477,SPAIS_av,0.859065445844221,0.6365803279351687,0.7978598422875842
477,SATIS_av,0.8592801441767769,0.38338422715221243,0.6191802864693065
478,SMORE_av,0.9077207865639398,0.40197744063583807,0.6340169087933208
478,SPRIS_av,0.8587705371872072,0.3861778431153006,0.6214320905097359
478,SMYTH_av,0.8551806443913157,0.5791243001027406,0.7610021682641519
478,SPAIS_av,0.8650109110005921,0.508543728374684,0.7131225198902948
478,SATIS_av,0.8395960033974335,0.36183798974290093,0.6015297081133242
479,SMORE_av,0.8939324968983957,0.3927516531603191,0.6266990132115409
479,SPRIS_av,0.8638235817696197,0.3209062862022504,0.5664859099768064
479,SMYTH_av,0.9145155635095283,0.4514794025349215,0.6719221699980746
479,SPAIS_av,0.8749945394156851,0.4878115867372961,0.6984350984431524
479,SATIS_av,0.8252307395038667,0.3486361013027526,0.5904541483491775
480,SMORE_av,0.9137820502608155,0.36988971891119027,0.6081855957774652
480,SPRIS_av,0.8565042927806708,0.34901273927157017,0.5907730014748221
480,SMYTH_av,0.900141810394408,0.45178223821553315,0.6721474824884291
480,SPAIS_av,0.8689635271847593,0.5611675773934256,0.7491111916087128
480,SATIS_av,0.8352049750071638,0.4741197337542703,0.6885635292071969
481,SMORE_av,0.8988590012898559,0.3447211134815335,0.5871295542565828
481,SPRIS_av,0.8442784423327734,0.31887564760725906,0.5646907539594207
481,SMYTH_av,0.9129312051559594,0.36230277486762275,0.6019159200981669
481,SPAIS_av,0.8404813956685042,0.49065086806068875,0.7004647514762529
481,SATIS_av,0.8808016279315419,0.27684567916316405,0.5261612672585887
482,SMORE_av,0.8923887968981832,0.36496095613254165,0.6041199848809354
482,SPRIS_av,0.8217444230632028,0.36367746820368063,0.6030567702991823
482,SMYTH_av,0.8796931944922739,0.5017714003060083,0.7083582429152697
482,SPAIS_av,0.8979101677525054,0.37325920618450037,0.6109494301368161
482,SATIS_av,0.8564064496131047,0.2824580865143821,0.5314678602835566
483,SMORE_av,0.893319981869879,0.3291191877200156,0.5736891037138631
483,SPRIS_av,0.8488339641442211,0.3117321730202241,0.5583298066736399
483,SMYTH_av,0.8858057906365417,0.426675700642463,0.6532041799027797
483,SPAIS_av,0.86482834452455,0.47576350889835434,0.6897561227697471
483,SATIS_av,0.8236268374829303,0.33417159142274133,0.5780757661610988
484,SMORE_av,0.919667184969462,0.3344924172811817,0.5783531942344415
484,SPRIS_av,0.8625966787570784,0.32517089690192164,0.5702375793491005
484,SMYTH_av,0.9252323225248283,0.32834724014404787,0.5730159161350127
484,SPAIS_av,0.8711876384428954,0.5055565545626567,0.7110250027690002
484,SATIS_av,0.8366506251811238,0.3765701657054703,0.6136531314231765
485,SMORE_av,0.897238755580068,0.3597922818011484,0.5998268765245088
485,SPRIS_av,0.8240662454560926,0.34426565047635527,0.5867415533915723
485,SMYTH_av,0.8573597644425568,0.5502896093046117,0.7418150775662434
485,SPAIS_av,0.8698377973106286,0.4745302533216352,0.6888615632488397
485,SATIS_av,0.8112147335545881,0.3759799421062329,0.6131720330431198
486,SMORE_av,0.9070377102033745,0.3784332030322047,0.6151692474695112
486,SPRIS_av,0.847648516259768,0.3535314299309568,0.5945850905723729
486,SMYTH_av,0.8919002147948574,0.4537692672469028,0.673623980605577
486,SPAIS_av,0.8477914588027542,0.5379094944737688,0.7334231346731359
486,SATIS_av,0.8347156908922562,0.3196637516756344,0.5653881424964927
487,SMORE_av,0.9051326627892857,0.36529726490836206,0.6043982667979468
487,SPRIS_av,0.8504824423351405,0.3571108727495657,0.597587544004697
487,SMYTH_av,0.8811340716829884,0.538496677346212,0.7338233284287247
487,SPAIS_av,0.8888340099065571,0.40824666822897504,0.6389418347776071
487,SATIS_av,0.8616593627718119,0.32730544647720156,0.5721061496586115
488,SMORE_av,0.9146304455865651,0.30744634671427085,0.5544784456714894
488,SPRIS_av,0.8611673822201663,0.37134880044432494,0.6093839515808772
488,SMYTH_av,0.888956666881659,0.4456738486956442,0.6675880830988853
488,SPAIS_av,0.8961485313716324,0.3859388536661536,0.6212397714780933
488,SATIS_av,0.8568663659334348,0.3882070098587317,0.6230626050877486
489,SMORE_av,0.9257440828839713,0.3383734884430483,0.581698795291041
489,SPRIS_av,0.8636216271193342,0.33686619843219356,0.5804017560554013
489,SMYTH_av,0.8964538501414957,0.47810290141349526,0.6914498545906964
489,SPAIS_av,0.8854686354320326,0.4519126266326698,0.6722444693953754
489,SATIS_av,0.9045892466078608,0.24980285516962142,0.4998028162882052
490,SMORE_av,0.9068344032063052,0.33938881186656034,0.58257086424448
490,SPRIS_av,0.827558321188792,0.3175287850889211,0.563496925536352
490,SMYTH_av,0.8983371257802987,0.37999779561688174,0.6164396123034938
490,SPAIS_av,0.8857990495643205,0.45328880927936976,0.6732672643752775
490,SATIS_av,0.8658504138121053,0.25870309656870405,0.5086286430871781
491,SMORE_av,0.8778294229594682,0.38304787166125404,0.618908613335809
491,SPRIS_av,0.8297878110765543,0.3811006780909933,0.6173335225718698
491,SMYTH_av,0.9136479551363959,0.3222822958875249,0.5676991244378706
491,SPAIS_av,0.857427737550373,0.5110643559617938,0.714887652685227
491,SATIS_av,0.8349584853031229,0.31312694111420714,0.5595774665890391
492,SMORE_av,0.9145383197782542,0.31827148967882635,0.5641555545049843
492,SPRIS_av,0.867833504263832,0.36503146041628876,0.6041783349444837
492,SMYTH_av,0.8729370253918997,0.5393998901380986,0.7344384862860188
492,SPAIS_av,0.8857937686906605,0.4509579678410457,0.6715340407165118
492,SATIS_av,0.8286561720221356,0.3868934310906002,0.6220075812163387
493,SMORE_av,0.9034090833421419,0.35434888634561124,0.5952721111774104
493,SPRIS_av,0.851141117754375,0.3656159762114363,0.6046618693215542
493,SMYTH_av,0.8905416231053029,0.5309752890910494,0.7286805123585023
493,SPAIS_av,0.8539205241861161,0.6171796535825761,0.7856078242880324
493,SATIS_av,0.8914325002216903,0.2889398206163461,0.5375312275731952
494,SMORE_av,0.8883231129081333,0.39861421956347287,0.6313590258826375
494,SPRIS_av,0.8615257015797975,0.34083482563007134,0.5838106076717614
494,SMYTH_av,0.9056818905965579,0.39361671799439135,0.627388809267739
494,SPAIS_av,0.8564603668754134,0.4266593320126046,0.6531916502930856
494,SATIS_av,0.8412431362625163,0.3450055203710188,0.5873717054566203
495,SMORE_av,0.9099639958755918,0.36041516492605336,0.6003458710827062
495,SPRIS_av,0.83353480909401,0.3558450346342243,0.596527480200388
495,SMYTH_av,0.9034418275331683,0.3975857422975171,0.6305440050444672
495,SPAIS_av,0.874168885912035,0.508072483723446,0.712792033992697
495,SATIS_av,0.851146857618799,0.38089612059942396,0.6171678220706455
496,SMORE_av,0.8723264916182507,0.4189648167945417,0.6472749159318177
496,SPRIS_av,0.8737843469426835,0.3023517784039163,0.5498652365843073
496,SMYTH_av,0.8653082218672025,0.493564312337773,0.702541324291869
496,SPAIS_av,0.8915512159469989,0.356754191119854,0.5972890348230528
496,SATIS_av,0.8723033231416787,0.2704187064653462,0.5200179866748325
497,SMORE_av,0.9087845439852889,0.33011518120946465,0.5745565082822269
497,SPRIS_av,0.8972596719548602,0.23585741957571452,0.4856515413089044
497,SMYTH_av,0.897286182417455,0.389989528920606,0.6244914162105081
497,SPAIS_av,0.8959894564196679,0.40660418055200204,0.6376552207517806
497,SATIS_av,0.8909079633075753,0.25324543764282625,0.5032349725951349
498,SMORE_av,0.9120971375970066,0.32133477370496916,0.5668639816613587
498,SPRIS_av,0.8550704791465271,0.32593557795406297,0.5709076790112942
498,SMYTH_av,0.9003812497688448,0.45684809083506933,0.6759053860083298
498,SPAIS_av,0.8991848367281814,0.4219207930299007,0.6495543033726285
498,SATIS_av,0.8492949833287469,0.35943194318956323,0.5995264324361047
499,SMORE_av,0.8790997197063657,0.37552830688659977,0.6128036446420663
499,SPRIS_av,0.892523657268411,0.2746484960742173,0.5240691710778429
499,SMYTH_av,0.8890212514069853,0.44525186903955427,0.667271960327687
499,SPAIS_av,0.8862926053249234,0.44114664849490587,0.6641887145193796
499,SATIS_av,0.815398775962599,0.3703656869443655,0.6085767716109164
500,SMORE_av,0.8999823840149941,0.37165994891833426,0.6096391956873625
500,SPRIS_av,0.8465532987643045,0.3526538609450819,0.5938466645061516
500,SMYTH_av,0.871144438917719,0.4911916719318295,0.7008506773427772
500,SPAIS_av,0.8493426090513122,0.4740120471644037,0.6884853282128848
500,SATIS_av,0.86312022139393,0.30164532027204,0.5492224688339326
501,SMORE_av,0.8918663334975164,0.4044043414713123,0.6359279373256944
501,SPRIS_av,0.8813838059669165,0.2693759122516755,0.5190143661322637
501,SMYTH_av,0.8658679744906003,0.5466401664051685,0.7393511793492782
501,SPAIS_av,0.9015756903338173,0.4105903740367567,0.6407732625794843
501,SATIS_av,0.8431843525636844,0.342065243190378,0.5848634397792172
502,SMORE_av,0.8682823842024203,0.38573363287531043,0.621074579157214
502,SPRIS_av,0.8252771374393486,0.2883910857254793,0.5370205635964784
502,SMYTH_av,0.9007667480060506,0.4386907573478596,0.6623373440686096
502,SPAIS_av,0.8578570216902695,0.48305957491358015,0.6950248735934421
502,SATIS_av,0.8344578743450937,0.3530753027214154,0.5942013991244176
503,SMORE_av,0.9240425949359623,0.3016803970401521,0.549254401020285
503,SPRIS_av,0.8518316394895709,0.30309191779282085,0.5505378441059441
503,SMYTH_av,0.8800573701326546,0.47557967067398105,0.6896228466879422
503,SPAIS_av,0.8947264565392199,0.41288400715921825,0.6425605085587024
503,SATIS_av,0.8674061845679282,0.3249132071273409,0.5700115850816901
504,SMORE_av,0.8969382492742899,0.3509120235117277,0.5923782773800266
504,SPRIS_av,0.844190470203679,0.292350422050386,0.5406943887727946
504,SMYTH_av,0.894871869008814,0.4034642453890068,0.6351883542611647
504,SPAIS_av,0.8850638118961591,0.3603326121180814,0.6002771127721608
504,SATIS_av,0.8079814151236404,0.3155805413293527,0.561765557265086
505,SMORE_av,0.9136134339092287,0.34465586842788054,0.5870739888871593
505,SPRIS_av,0.8416446322201028,0.37242758296201617,0.6102684515539175
505,SMYTH_av,0.8730611084858586,0.580450591945173,0.7618730812577467
505,SPAIS_av,0.8844815154506023,0.492215563124789,0.7015807602299174
505,SATIS_av,0.8531530465935644,0.43274485202898283,0.6578334531087506
506,SMORE_av,0.9011748485106432,0.32464615685102044,0.5697772870613749
506,SPRIS_av,0.8198666817053349,0.37133616257875635,0.6093735821142531
506,SMYTH_av,0.8774974596670446,0.5278890901598144,0.7265597636532142
506,SPAIS_av,0.8789415623875998,0.43353925933308773,0.6584369820515003
506,SATIS_av,0.8412899440587607,0.29426949708982536,0.5424661252924696
507,SMORE_av,0.8834930432746668,0.4705897215180003,0.6859954238316757
507,SPRIS_av,0.8662361105045737,0.32884861388824677,0.5734532360081742
507,SMYTH_av,0.9152497862490209,0.37364161970573007,0.6112623166086145
507,SPAIS_av,0.8555661245429785,0.49667421814566354,0.7047511746323404
507,SATIS_av,0.8759301884786992,0.2817743300036559,0.5308241987736203
508,SMORE_av,0.886408257544867,0.40548718091161673,0.6367787535020438
508,SPRIS_av,0.8507084654801754,0.3901124186799986,0.6245898003329854
508,SMYTH_av,0.8906509801146932,0.4514013076098795,0.6718640544112175
508,SPAIS_av,0.8430816652185068,0.5053593716905836,0.7108863282484645
508,SATIS_av,0.8049231419170838,0.4065580432313429,0.637619042400196
509,SMORE_av,0.8900970028402627,0.49172769681743755,0.7012329832640772
509,SPRIS_av,0.8579277749419439,0.2937017013151102,0.5419425258411728
509,SMYTH_av,0.9078228294691236,0.41665183109239373,0.6454857326791923
509,SPAIS_av,0.8654216936387142,0.4734300333193371,0.688062521373848
509,SATIS_av,0.8601041863912973,0.39750234396827155,0.6304778695309389
510,SMORE_av,0.9360119586501945,0.25114620846777963,0.5011448976770886
510,SPRIS_av,0.8376468324345696,0.312914484265377,0.5593875975255235
510,SMYTH_av,0.8872721443106039,0.5063162119048079,0.7115590010004847
510,SPAIS_av,0.8878095479695253,0.3831738847975743,0.6190104076649877
510,SATIS_av,0.8895271395846778,0.29022908837180417,0.5387291419366547
511,SMORE_av,0.9191295968112336,0.33397046810624736,0.5779017806740583
511,SPRIS_av,0.83780152119899,0.38956390099348354,0.6241505435337564
511,SMYTH_av,0.8768345448226059,0.5762131599867479,0.7590870569221609
511,SPAIS_av,0.8539808282849254,0.547824453017422,0.7401516419068609
511,SATIS_av,0.8581320268391041,0.32199928282449,0.567449806436208
512,SMORE_av,0.9037534427311017,0.3589969209331394,0.5991635176920733
512,SPRIS_av,0.8514448473135552,0.3213075555270116,0.5668399734731238
512,SMYTH_av,0.895647817501616,0.41362000370887997,0.6431329595883576
512,SPAIS_av,0.8695446911493148,0.39278982208977037,0.6267294648329296
512,SATIS_av,0.8313725456558259,0.369041757394995,0.6074880718129329
513,SMORE_av,0.8964152470404921,0.36357884591210204,0.6029749960919624
513,SPRIS_av,0.836399037077437,0.3794564773555876,0.6160003874638291
513,SMYTH_av,0.8721158062299827,0.47919861374531575,0.692241730716457
513,SPAIS_av,0.8457759162799965,0.4508019471162577,0.6714178632686635
513,SATIS_av,0.8377139650880007,0.36923922175870283,0.6076505753792247
514,SMORE_av,0.9092422077108888,0.34362771788018454,0.5861976781600082
514,SPRIS_av,0.8287335359279514,0.39357456323914985,0.6273552129688171
514,SMYTH_av,0.9114877744509058,0.43959533876930607,0.6630198630277272
514,SPAIS_av,0.8524295643437553,0.6114169261682447,0.7819315354736914
514,SATIS_av,0.8522137878823883,0.3918839949284035,0.6260063856929924
515,SMORE_av,0.9108575224888683,0.3738824092680396,0.6114592457948769
515,SPRIS_av,0.8648500546857809,0.29710696570740563,0.5450751927095983
515,SMYTH_av,0.9075278343752147,0.4416592282510972,0.6645744715613874
515,SPAIS_av,0.8815150857360693,0.4823892404971322,0.6945424684618877
515,SATIS_av,0.8439790208810363,0.36380568591422113,0.6031630674322004
516,SMORE_av,0.895168391178667,0.4658692934188705,0.6825461840922346
516,SPRIS_av,0.8482288696313356,0.3302622240399126,0.5746844560625531
516,SMYTH_av,0.9025618505708928,0.40022745861512316,0.6326353283014814
516,SPAIS_av,0.8284246612914794,0.8110262468262922,0.9005699566531699
516,SATIS_av,0.8571960389379577,0.37010735737773676,0.6083644938503041
517,SMORE_av,0.9050912844749945,0.3965971586469075,0.629759603854445
517,SPRIS_av,0.8150351145498577,0.41058642283248853,0.6407701794188682
517,SMYTH_av,0.9004601936032752,0.46160616362365525,0.679416046045172
517,SPAIS_av,0.8495968497266783,0.5527001968440916,0.7434380921395484
517,SATIS_av,0.8897501541856385,0.3063241716022309,0.5534656011011262
518,SMORE_av,0.9190712425014315,0.3031105323668018,0.5505547496542027
518,SPRIS_av,0.8686673389934745,0.3304110863155838,0.5748139580034429
518,SMYTH_av,0.8943510719360922,0.3965226837313583,0.6297004714396824
518,SPAIS_av,0.8398496690779629,0.48945203451330355,0.6996084865932543
518,SATIS_av,0.8521625248036266,0.3466821981359591,0.5887972470519535
519,SMORE_av,0.886485575389273,0.41750585191483225,0.6461469274977885
519,SPRIS_av,0.8229944781187712,0.41487581287599967,0.6441085412226729
519,SMYTH_av,0.8790553184512852,0.5831040890146111,0.7636125254437692
519,SPAIS_av,0.8618922697656981,0.482167163901856,0.6943825774757428
519,SATIS_av,0.8746215388248135,0.3273293582757279,0.5721270473205474
520,SMORE_av,0.9113659382057688,0.35556424472207226,0.5962920800430543
520,SPRIS_av,0.860162152738068,0.3160224858956395,0.5621587728530433
520,SMYTH_av,0.904194413810176,0.4170837008211856,0.645820176845835
520,SPAIS_av,0.8820064216474184,0.43906663276321334,0.6626210325391229
520,SATIS_av,0.8571942162948092,0.32400802724798633,0.56921703000524
521,SMORE_av,0.8938290317147642,0.3277057063479102,0.5724558553704471
521,SPRIS_av,0.8683541379601382,0.2956052573348192,0.5436959235959188
521,SMYTH_av,0.9010810347598949,0.3972393961069977,0.6302693044302552
521,SPAIS_av,0.8045601872974829,0.5204878293940425,0.7214484246251027
521,SATIS_av,0.8544484061747665,0.3036001946884671,0.5509992692267995
522,SMORE_av,0.9076168683217642,0.3759962664926972,0.6131853443231476
522,SPRIS_av,0.7910735042827353,0.3658596984706982,0.6048633717383606
522,SMYTH_av,0.8667562964068837,0.5420102771810978,0.736213472561524
522,SPAIS_av,0.8868931662690351,0.5024032403127201,0.7088040916309104
522,SATIS_av,0.8678466914929295,0.2790153701511877,0.5282190550814952
523,SMORE_av,0.9000127785270973,0.3470632447612773,0.5891207386956236
523,SPRIS_av,0.8710909321566562,0.3073486599330391,0.5543903497834708
523,SMYTH_av,0.9098637245261684,0.375321882654239,0.612635195409339
523,SPAIS_av,0.8186003581233183,0.5041120682272251,0.7100084987007023
523,SATIS_av,0.8475260558984421,0.34047262302384435,0.5835003196433095
524,SMORE_av,0.9130535417009291,0.3393043414392556,0.5824983617481302
524,SPRIS_av,0.8792182130863293,0.24736766058515333,0.49736069465243565
524,SMYTH_av,0.9081565402284747,0.4148378859869783,0.6440790991694874
524,SPAIS_av,0.8766652994758578,0.4165752844903425,0.6454264361570128
524,SATIS_av,0.8860342274255807,0.24654205243992608,0.4965300116205727
525,SMORE_av,0.9176506025793898,0.30453539160785376,0.5518472538736183
525,SPRIS_av,0.8263171427599929,0.34472316197059955,0.5871312987489251
525,SMYTH_av,0.9160218735358947,0.4337716194472552,0.6586134066713607
525,SPAIS_av,0.8679527042353338,0.5146773212535307,0.7174101485576648
525,SATIS_av,0.8758562718396665,0.2657194033432821,0.515479779761808
526,SMORE_av,0.9019636304455985,0.4086548028505676,0.6392611382295718
526,SPRIS_av,0.8562814155297184,0.3651745512805386,0.6042967410805213
526,SMYTH_av,0.8992424780169607,0.46417870849564186,0.6813066185614535
526,SPAIS_av,0.8998335411060558,0.4338196968467228,0.6586499046130067
526,SATIS_av,0.8897571972830634,0.28737633842280513,0.5360749373201522
527,SMORE_av,0.9165174802082148,0.3452850375791403,0.587609596227921
527,SPRIS_av,0.8565477920975677,0.3704077689233792,0.6086113447212261
527,SMYTH_av,0.871401704815851,0.6179421855080107,0.7860929878252386
527,SPAIS_av,0.8893168839634412,0.45752095826111977,0.6764029555384273
527,SATIS_av,0.8182907663911199,0.3853396054553253,0.6207572838520103
528,SMORE_av,0.8981107006028421,0.3327795539418636,0.5768704828138319
528,SPRIS_av,0.8609719467959801,0.29066629411278816,0.5391347643333605
528,SMYTH_av,0.8994267811403728,0.3768838786289792,0.6139086891623047
528,SPAIS_av,0.8930543139911844,0.3938428044059534,0.627568963864493
528,SATIS_av,0.8594299747139311,0.3235265669881077,0.5687939582907924
529,SMORE_av,0.9019510015713542,0.33975782057096876,0.5828874853442719
529,SPRIS_av,0.8294339325473661,0.3490405043240964,0.5907964999253943
529,SMYTH_av,0.8955326330455234,0.4317752815380097,0.6570960976432668
529,SPAIS_av,0.8883146290109678,0.3393361445731094,0.582525660012595
529,SATIS_av,0.8555020900339266,0.30003208535905884,0.5477518465136004
530,SMORE_av,0.9319219152613231,0.2950077267340629,0.5431461375486922
530,SPRIS_av,0.831067770659323,0.32958469386058276,0.5740946732557121
530,SMYTH_av,0.9105569496628237,0.40032725682825937,0.6327141983773237
530,SPAIS_av,0.8685768953882882,0.4357243795490767,0.66009422020578
530,SATIS_av,0.8828172440119295,0.27997189800839695,0.5291237076605025
531,SMORE_av,0.8966640854490366,0.421482670396326,0.6492169671198728
531,SPRIS_av,0.8397526082626141,0.31792706631753787,0.5638502162077601
531,SMYTH_av,0.8623435393126753,0.5035397467937334,0.7096053458040839
531,SPAIS_av,0.8650655469957083,0.44785727808016673,0.669221396908502
531,SATIS_av,0.8679918143352545,0.3130798327418267,0.5595353721989582
532,SMORE_av,0.8914993406125015,0.4410377720821644,0.6641067475053724
532,SPRIS_av,0.864676466165299,0.279224407855337,0.5284168883138928
532,SMYTH_av,0.8822093748147064,0.49522534551930475,0.703722491838441
532,SPAIS_av,0.8554620248207533,0.6202106670747012,0.7875345497657237
532,SATIS_av,0.8129041214393293,0.4020415089622132,0.6340674325039989
533,SMORE_av,0.8955694784828518,0.38475917212126887,0.620289587306823
533,SPRIS_av,0.9022324202406035,0.2930952547478114,0.5413827248331917
533,SMYTH_av,0.9124338461487772,0.4505654566332612,0.6712417274225889
533,SPAIS_av,0.8606147545826719,0.6398452157994465,0.7999032540247892
533,SATIS_av,0.887296511045064,0.31273260568837374,0.5592250045271346
534,SMORE_av,0.8892878992017771,0.4465740376035753,0.6682619528325515
534,SPRIS_av,0.81575802720472,0.416768080179561,0.6455757741578916
534,SMYTH_av,0.8542026371502928,0.5918093154846434,0.7692914372880043
534,SPAIS_av,0.8526467427769087,0.5948831092521694,0.771286658287416
534,SATIS_av,0.8390978906146239,0.43895627841372364,0.6625377562175031
535,SMORE_av,0.9008415649346632,0.4188544404328399,0.6471896479648295
535,SPRIS_av,0.8468760793157435,0.33646353888269676,0.5800547723126642
535,SMYTH_av,0.9011872693229953,0.4684796759929021,0.6844557516690922
535,SPAIS_av,0.874010459745473,0.4676986824181397,0.6838849920989198
535,SATIS_av,0.8705397447986102,0.33502320769174526,0.578811893184431
536,SMORE_av,0.9141868258180312,0.3196796652233342,0.5654022154390043
536,SPRIS_av,0.8828372158911602,0.2629400469415455,0.5127768003152497
536,SMYTH_av,0.8989722316351392,0.40185366410186835,0.633919288318212
536,SPAIS_av,0.8888343621035719,0.3337005801172326,0.5776682266813994
536,SATIS_av,0.8784408043189513,0.25481111802221473,0.5047881912467989
537,SMORE_av,0.8888275353021989,0.37086462247399815,0.6089865536068906
537,SPRIS_av,0.8332017559229687,0.40764667157393963,0.6384721384476691
537,SMYTH_av,0.9024764942658743,0.38909715933277866,0.623776529963078
537,SPAIS_av,0.8786263650027901,0.4041156155391237,0.635700885274768
537,SATIS_av,0.8696220092275673,0.27095904972251145,0.5205372702530641
538,SMORE_av,0.8754785148222102,0.3912543097750201,0.6255032452154187
538,SPRIS_av,0.8553104283717625,0.30815752747551,0.55511938128254
538,SMYTH_av,0.9045303887932397,0.414229659159009,0.6436067581676012
538,SPAIS_av,0.8575417032640531,0.4754274806923989,0.6895124949501632
538,SATIS_av,0.8843860709137236,0.23990516855222124,0.4898011520527705
539,SMORE_av,0.901570505016862,0.40000998696985435,0.6324634273773103
539,SPRIS_av,0.8780124323963224,0.3262917434185755,0.5712195229669373
539,SMYTH_av,0.8499169874632775,0.5828413091622994,0.7634404424461017
539,SPAIS_av,0.8649588276777533,0.4806013625275773,0.6932541832023643
539,SATIS_av,0.8350029745765954,0.38080325730426723,0.6170925840619601
540,SMORE_av,0.9027404715850258,0.3591664272729206,0.5993049534860534
540,SPRIS_av,0.8487232258701697,0.33761334137512033,0.5810450424666924
540,SMYTH_av,0.8794484336915956,0.5049586856524004,0.710604450909506
540,SPAIS_av,0.9004357169391253,0.34374703937521756,0.5862994451431943
540,SATIS_av,0.8329327831951006,0.35804148714852163,0.5983656801225499
541,SMORE_av,0.8929905701087899,0.40122353442143405,0.6334220823601227
541,SPRIS_av,0.8684210846551564,0.34936378761667847,0.5910700361350408
541,SMYTH_av,0.8716596766294784,0.5731008049637345,0.7570342165079029
541,SPAIS_av,0.8403917963641925,0.5411774276058181,0.7356476246178044
541,SATIS_av,0.8832024632945198,0.3033540839868982,0.5507758927067326
542,SMORE_av,0.9162341564276462,0.36649831270923605,0.6053910411537621
542,SPRIS_av,0.874242194869124,0.3452092117545428,0.5875450721047218
542,SMYTH_av,0.8894505648093427,0.5074476532602457,0.7123536012825693
542,SPAIS_av,0.8632597892625765,0.5308979197498462,0.7286274217663279
542,SATIS_av,0.8644590467348883,0.3612151344409308,0.6010117589872355
543,SMORE_av,0.9094344914763651,0.38713096047309564,0.6221984896101047
543,SPRIS_av,0.8094820185425328,0.4048286011029734,0.6362614251256895
543,SMYTH_av,0.9069199545075122,0.4402504542283691,0.6635137181915451
543,SPAIS_av,0.8781065294877067,0.44380675233272254,0.6661882259037025
543,SATIS_av,0.8534202637848696,0.3749820760394595,0.6123578006684159
544,SMORE_av,0.9135771199379433,0.3390504020425692,0.5822803466051119
544,SPRIS_av,0.8246522216004628,0.3953077117624755,0.6287350091751496
544,SMYTH_av,0.8763842867741279,0.5340946549071898,0.7308177987071673
544,SPAIS_av,0.8517622815523618,0.4538857759433022,0.6737104540849149
544,SATIS_av,0.8654786597654732,0.3076268477670112,0.5546411883073697
545,SMORE_av,0.9079428679922532,0.40862221561324513,0.6392356495168625
545,SPRIS_av,0.8551055343609102,0.3532707743157919,0.5943658589755908
545,SMYTH_av,0.9015360540232878,0.49962833661850503,0.706843926633387
545,SPAIS_av,0.8840678854931391,0.4781549931062503,0.6914875220177514
545,SATIS_av,0.8544791884328443,0.37993589819779816,0.6163894046767824
546,SMORE_av,0.8863220706687278,0.44309883477632317,0.6656566943825647
546,SPRIS_av,0.8314389771204428,0.40531663311547705,0.6366448249341834
546,SMYTH_av,0.8848391423085245,0.5001308093032236,0.7071992712830123
546,SPAIS_av,0.8573648671895028,0.5156997879749445,0.7181224045905715
546,SATIS_av,0.8301211816802085,0.432361084388511,0.6575416978325489
547,SMORE_av,0.8855751499636144,0.4056958485784503,0.636942578713694
547,SPRIS_av,0.8654793133023477,0.33843146154192183,0.5817486240137761
547,SMYTH_av,0.8935119832448608,0.472786159381571,0.6875944730592087
547,SPAIS_av,0.8414315514660388,0.5015752985714077,0.7082198095022532
547,SATIS_av,0.872394925973635,0.29845802501927654,0.5463131199406404
548,SMORE_av,0.9135612739150761,0.3205197521431933,0.566144638889386
548,SPRIS_av,0.8645672674073597,0.27806329692031834,0.5273170743682764
548,SMYTH_av,0.8846834307308784,0.49828899477709343,0.7058958809747323
548,SPAIS_av,0.8591437359130789,0.5336715181637236,0.7305282459725453
548,SATIS_av,0.8752110103864418,0.2543096607888445,0.5042912459966408
549,SMORE_av,0.9204559146635694,0.28639763078357505,0.5351613128614353
549,SPRIS_av,0.8698884261834913,0.2760146769050263,0.5253709897824834
549,SMYTH_av,0.8991159950962369,0.4258015230333326,0.6525346910573664
549,SPAIS_av,0.8714840657121705,0.43750140060005055,0.6614388865194203
549,SATIS_av,0.8494336118255307,0.2967786080835695,0.5447739054723248
550,SMORE_av,0.8769692971637119,0.41935075210092426,0.6475729704835774
550,SPRIS_av,0.8400997637060045,0.34265416450838554,0.5853666923462468
550,SMYTH_av,0.8995645634015416,0.4513640387869354,0.6718363184488729
550,SPAIS_av,0.8446528695485522,0.5262318836605321,0.7254184197141207
550,SATIS_av,0.8267806835928315,0.4034654562398317,0.6351893074035737
551,SMORE_av,0.8962910106711971,0.40100445073352364,0.6332491221735121
551,SPRIS_av,0.8717891840042898,0.3088829653375367,0.555772404260536
551,SMYTH_av,0.8726937021971998,0.4952747407756626,0.7037575866558474
551,SPAIS_av,0.8694917478577933,0.5290604751434373,0.7273654343886828
551,SATIS_av,0.853096505191682,0.33547481680528746,0.5792018791451625
552,SMORE_av,0.8914944284115284,0.4199401439249437,0.6480278882308567
552,SPRIS_av,0.8671002279104589,0.3026997401580177,0.5501815519971728
552,SMYTH_av,0.8954646641240218,0.47815559089195414,0.6914879542638137
552,SPAIS_av,0.8570921491573871,0.5982369637495454,0.7734577970061103
552,SATIS_av,0.8958494793109633,0.29608637421941336,0.5441381940457896
553,SMORE_av,0.9117517399262423,0.3782695383812949,0.6150362090001652
553,SPRIS_av,0.8650475374141157,0.3113051751415265,0.5579472870635062
553,SMYTH_av,0.9006328295025203,0.44348689937972113,0.6659481206368264
553,SPAIS_av,0.8545393884022671,0.49961230558771963,0.7068325866764489
553,SATIS_av,0.8897332661403865,0.2595114829450796,0.5094226957498846
554,SMORE_av,0.877291719173782,0.4822415803145434,0.6944361599992784
554,SPRIS_av,0.8548847396596407,0.31856131921057423,0.5644123662806957
554,SMYTH_av,0.8995340261995708,0.4716140719455615,0.6867416340557498
554,SPAIS_av,0.8708978670228622,0.5776324292293453,0.760021334719852
554,SATIS_av,0.8628610633481877,0.3302743755033108,0.5746950282569971
555,SMORE_av,0.8957073459242552,0.3464111097637727,0.5885669968353413
555,SPRIS_av,0.8755678603886434,0.30431200873316094,0.5516448211785921
555,SMYTH_av,0.8952877016231621,0.4289172111880858,0.6549177132954077
555,SPAIS_av,0.8963478760765582,0.3275674564053602,0.5723350910134379
555,SATIS_av,0.8365814075806887,0.3548867818953672,0.5957237462913219
556,SMORE_av,0.9152286852271156,0.34660952331463885,0.5887355291764196
556,SPRIS_av,0.8891109692868926,0.3013958378780742,0.5489952985937805
556,SMYTH_av,0.9048613966359584,0.45434120806059913,0.674048372196387
556,SPAIS_av,0.8881756407057487,0.40972845604230884,0.6401003484160189
556,SATIS_av,0.8849040766251951,0.3097011806697274,0.5565080239041729
557,SMORE_av,0.8889135435855018,0.38729103169537193,0.6223271098830356
557,SPRIS_av,0.8787986145174548,0.28863885505658005,0.5372512029363732
557,SMYTH_av,0.9182223889959888,0.3897768454020478,0.6243211076057319
557,SPAIS_av,0.9064169824462857,0.4239514036060907,0.6511155071153587
557,SATIS_av,0.8681824943249523,0.3225493659273104,0.5679342971922988
558,SMORE_av,0.9123186711646762,0.3059058934769539,0.5530876001836905
558,SPRIS_av,0.875227106793742,0.2897178827660552,0.5382544777018164
558,SMYTH_av,0.9060738055143596,0.4073019254723091,0.638202103939112
558,SPAIS_av,0.8820096450806983,0.3836144662596737,0.619366181075197
558,SATIS_av,0.8178237137988023,0.3690546621477134,0.6074986931242843
559,SMORE_av,0.9096287930672458,0.3689036611805022,0.6073743995103039
559,SPRIS_av,0.8482283606073321,0.33539208888090133,0.5791304592929829
559,SMYTH_av,0.8890693855315052,0.4429003387645296,0.6655075797949483
559,SPAIS_av,0.8709240188040583,0.5401369282697494,0.7349400848162722
559,SATIS_av,0.8508201877252725,0.3397832050349892,0.5829092596922691
560,SMORE_av,0.9067686824101564,0.45768853239902646,0.6765268157279698
560,SPRIS_av,0.8528537665709932,0.3566223397044249,0.597178649739276
560,SMYTH_av,0.9060964888820306,0.4583605246873234,0.6770232822343139
560,SPAIS_av,0.8776404565305638,0.46526974706389457,0.6821068443168523
560,SATIS_av,0.8759481660402234,0.3517790739372405,0.593109664343147
561,SMORE_av,0.8624813292380739,0.37097800617352544,0.6090796386134784
561,SPRIS_av,0.8627363551400461,0.3072883935995998,0.5543359934187927
561,SMYTH_av,0.8675688942378343,0.47643302778285196,0.6902412822939903
561,SPAIS_av,0.8633017799823691,0.5347188832150405,0.7312447491880133
561,SATIS_av,0.8199977464189816,0.3555099202787427,0.5962465264290793
562,SMORE_av,0.9127140834680401,0.2755024780368591,0.5248832994455617
562,SPRIS_av,0.8705335016074605,0.29621119672778706,0.5442528793931981
562,SMYTH_av,0.871628597163512,0.5159049273307865,0.7182652207442503
562,SPAIS_av,0.8790133100850548,0.4706734742121243,0.686056465760745
562,SATIS_av,0.8419871726593768,0.32729612561711174,0.5720980035073638
563,SMORE_av,0.9063716480377683,0.3372170740022829,0.580703946949117
563,SPRIS_av,0.8412585628204887,0.35545852958235225,0.5962034296969049
563,SMYTH_av,0.8881192038564256,0.4928086025941522,0.7020032781933089
563,SPAIS_av,0.8927197268969004,0.412807206437739,0.6425007443090934
563,SATIS_av,0.8632772910911395,0.341733016416257,0.5845793499741989
564,SMORE_av,0.9073455615021704,0.40632784526189386,0.6374385031215904
564,SPRIS_av,0.846950756449467,0.35150234022232385,0.5928763279321615
564,SMYTH_av,0.8775539666871733,0.5560498040822975,0.7456874707826983
564,SPAIS_av,0.8392485465855766,0.5028869085183039,0.7091451956534035
564,SATIS_av,0.8744844259662565,0.32211852996242885,0.5675548695610221
565,SMORE_av,0.9047230379546229,0.3722280353188789,0.6101049379564788
565,SPRIS_av,0.8821168714997326,0.2919177750081023,0.5402941560003238
565,SMYTH_av,0.8828133218420299,0.5337640170756133,0.7305915528362023
565,SPAIS_av,0.8636078101550069,0.48281302897809536,0.6948474861277799
565,SATIS_av,0.8754133722733937,0.3052927227684746,0.5525330060444124
566,SMORE_av,0.9185433738893347,0.3844654642442621,0.6200527914978385
566,SPRIS_av,0.835837099690158,0.40966466698851206,0.6400505190908855
566,SMYTH_av,0.8947777821535268,0.5250776199913932,0.7246223982126092
566,SPAIS_av,0.8759496159929199,0.58260798869103,0.763287618588845
566,SATIS_av,0.8720512952837571,0.3305365909684791,0.5749231174413489
567,SMORE_av,0.9058897259054964,0.3062599279766064,0.5534075604620942
567,SPRIS_av,0.862356097911,0.3383586191455864,0.5816860142255325
567,SMYTH_av,0.8557981807069588,0.5515569618066763,0.7426688103095999
567,SPAIS_av,0.8851822630996001,0.4660607866108946,0.6826864482402552
567,SATIS_av,0.8727108556997821,0.27182622742687906,0.5213695689497797
568,SMORE_av,0.9241964026125171,0.2892909532342372,0.5378577444215498
568,SPRIS_av,0.860072770218389,0.32940528287388626,0.5739383964101776
568,SMYTH_av,0.9003945156178568,0.41100835214972536,0.6410993309540459
568,SPAIS_av,0.8587742776949961,0.6310899803293195,0.7944117196575838
568,SATIS_av,0.8503661751000764,0.3705388174194139,0.6087189970909516
569,SMORE_av,0.9086187764789497,0.3429104374814913,0.5855855509500651
569,SPRIS_av,0.8926370970371432,0.25795315923481665,0.5078908930418192
569,SMYTH_av,0.9264895742332152,0.3463288521325446,0.5884971131046818
569,SPAIS_av,0.8426121102861456,0.5027311176085074,0.7090353429896901
569,SATIS_av,0.860340188205221,0.31144736572286275,0.5580746954690409
570,SMORE_av,0.8869032438683382,0.447641434374138,0.6690601126760868
570,SPRIS_av,0.8653116146098369,0.3241872946640881,0.5693744766531847
570,SMYTH_av,0.9045486495554708,0.4308692625107913,0.6564063242464924
570,SPAIS_av,0.8691096202460998,0.49160956138705936,0.7011487441242831
570,SATIS_av,0.8698208925640704,0.289420006908739,0.5379777011259286
571,SMORE_av,0.9012767454982155,0.3606338987219207,0.6005280166003254
571,SPRIS_av,0.865790781001206,0.26538116738836964,0.5151515965115216
571,SMYTH_av,0.9001440089913334,0.403943002383314,0.6355651047558495
571,SPAIS_av,0.8921594281103032,0.3974024926516705,0.6303986775459404
571,SATIS_av,0.8670394812781683,0.28351270901321884,0.5324591148747656
572,SMORE_av,0.9127791835723125,0.31012683160793253,0.5568903227817238
572,SPRIS_av,0.8612517990835524,0.3122500854572621,0.5587934193038265
572,SMYTH_av,0.8848442433310804,0.5490801002920861,0.7409993929093911
572,SPAIS_av,0.8627620220670418,0.472715537271665,0.6875431166637224
572,SATIS_av,0.8515318562656038,0.30747718901147714,0.5545062569633251
573,SMORE_av,0.8875656724562847,0.3639174872018616,0.603255739468645
573,SPRIS_av,0.8615156939676405,0.3048243028024304,0.5521089591760221
573,SMYTH_av,0.8574441272724128,0.5102251454202527,0.7143004587848538
573,SPAIS_av,0.8586547255269961,0.4647949145675381,0.6817586923300194
573,SATIS_av,0.8659259998398467,0.30424838253485764,0.5515871486309826
574,SMORE_av,0.8716556097267758,0.3790666397626996,0.6156838797326917
574,SPRIS_av,0.865088564714395,0.3398903736667454,0.5830011781006497
574,SMYTH_av,0.8651416691417735,0.5061994956836,0.7114769818367984
574,SPAIS_av,0.8681544881880299,0.38652806876218004,0.6217138158044906
574,SATIS_av,0.8596209042884531,0.2875996828393759,0.5362832114092104
575,SMORE_av,0.8925339369079136,0.3471862636263852,0.5892251383184404
575,SPRIS_av,0.8621054595751143,0.34492361525291493,0.5873019796092254
575,SMYTH_av,0.9041994394048269,0.4289140120940154,0.6549152709274807
575,SPAIS_av,0.8599693771980972,0.4802089164249984,0.6929710790682382
575,SATIS_av,0.854902749759287,0.310920178545061,0.5576021687054857
576,SMORE_av,0.907775065136467,0.3991703814190802,0.631799320527555
576,SPRIS_av,0.8642618934473987,0.30502212657162997,0.5522880829527557
576,SMYTH_av,0.8761935372153484,0.4952667898089669,0.7037519376946446
576,SPAIS_av,0.8603957625581542,0.47810573428347664,0.6914519030876093
576,SATIS_av,0.8497669781440159,0.36334874922571236,0.602784164710481
577,SMORE_av,0.8994825167314813,0.4067062908212262,0.6377352827162899
577,SPRIS_av,0.8423151531961671,0.34065163603923,0.5836536953016146
577,SMYTH_av,0.8491855435420309,0.5408748670339546,0.7354419535449107
577,SPAIS_av,0.857700837704641,0.4866352022516033,0.6975924327654388
577,SATIS_av,0.8473524610880392,0.3663272675740445,0.6052497563601694
578,SMORE_av,0.902631000574593,0.32201719699571535,0.5674655910235574
578,SPRIS_av,0.835105904983459,0.3321178789508218,0.576296693510228
578,SMYTH_av,0.8380909944287542,0.6034635756276876,0.77682918046871
578,SPAIS_av,0.8403800284822365,0.4800077989163657,0.6928259513877679
578,SATIS_av,0.8448607593195427,0.33878399762471817,0.582051542068843
579,SMORE_av,0.8967360088801763,0.36748033315589973,0.6062015614924624
579,SPRIS_av,0.8668180999064968,0.30850008704510756,0.5554278414385685
579,SMYTH_av,0.9053217301081128,0.3572863351102383,0.5977343348932185
579,SPAIS_av,0.8856153542318682,0.4060074528603114,0.6371871411605161
579,SATIS_av,0.8112538637636737,0.44216346108044374,0.6649537285258604
580,SMORE_av,0.9061331439810008,0.40201781031608014,0.6340487444322244
580,SPRIS_av,0.8781604128953587,0.31776381035788137,0.563705428710671
580,SMYTH_av,0.8879072807226963,0.4803646301402745,0.6930834222085206
580,SPAIS_av,0.8738596225898956,0.5951503896439415,0.7714599079951864
580,SATIS_av,0.8709938501898778,0.3308057017035794,0.5751571104520742
581,SMORE_av,0.8895797077236013,0.3443996647179512,0.5868557443852375
581,SPRIS_av,0.8140857908629511,0.32462204628962127,0.5697561287863617
581,SMYTH_av,0.8997467716242786,0.39740896589224445,0.6304038117684921
581,SPAIS_av,0.849292814584089,0.462516444818105,0.6800856158000292
581,SATIS_av,0.8819075036340307,0.24769113829452938,0.49768578269278435
582,SMORE_av,0.9014161988593963,0.3315263694801679,0.5757832660647302
582,SPRIS_av,0.8569907871350588,0.32000518310827886,0.5656900061944518
582,SMYTH_av,0.9128254575741123,0.39212271510396635,0.6261970257865861
582,SPAIS_av,0.8545387992528382,0.521738977767815,0.7223150128356844
582,SATIS_av,0.8646762670975677,0.3406041281838302,0.5836129952150056
583,SMORE_av,0.9062293882437593,0.3831304243874677,0.6189753019204141
583,SPRIS_av,0.8378679630428771,0.3188774871901061,0.5646923827980205
583,SMYTH_av,0.8918073163771134,0.45657413468696206,0.6757026969658787
583,SPAIS_av,0.8912287555734496,0.3928328549514516,0.6267637951824049
583,SATIS_av,0.8468676798797936,0.3411527315923527,0.5840828122726714
584,SMORE_av,0.878085245837467,0.44019007123206755,0.6634682141836695
584,SPRIS_av,0.8708040502936149,0.2544771026354942,0.5044572356855378
584,SMYTH_av,0.9067157886341385,0.4260758841714692,0.6527448844468022
584,SPAIS_av,0.8918385984638064,0.44326531985190004,0.6657817358954059
584,SATIS_av,0.8437812800379918,0.3470124684161792,0.5890776420949781
585,SMORE_av,0.8968500389869762,0.34231341477339366,0.585075563302206
585,SPRIS_av,0.8481292049211554,0.3004109323752439,0.5480975573520137
585,SMYTH_av,0.8865641910423083,0.42018720939996834,0.6482184889371548
585,SPAIS_av,0.8218992743777667,0.5588336828629307,0.7475517927628363
585,SATIS_av,0.8371780675684967,0.35173321815198866,0.5930710059950568
586,SMORE_av,0.9066252279186319,0.35997427133822013,0.5999785590654221
586,SPRIS_av,0.8322151197911851,0.3250488198612273,0.5701305287925102
586,SMYTH_av,0.9209132372396984,0.34069877918658387,0.5836940801366619
586,SPAIS_av,0.9019549042151689,0.3136868109305979,0.5600775043961308
586,SATIS_av,0.8819113298906031,0.30021141696892445,0.547915519919745
587,SMORE_av,0.875210959403334,0.4918090828324946,0.7012910115155438
587,SPRIS_av,0.841899705151538,0.3398406826733022,0.5829585599965937
587,SMYTH_av,0.8792984174278012,0.46247852078405477,0.6800577334197846
587,SPAIS_av,0.8448523626025143,0.47569050941270746,0.6897032038585202
587,SATIS_av,0.8557853454975217,0.32488157408720447,0.5699838366894314
588,SMORE_av,0.9226708550538167,0.3268443818318327,0.5717030538940934
588,SPRIS_av,0.8375089385553994,0.37320405355724373,0.6109042916507001
588,SMYTH_av,0.9167623621587382,0.37646870520319287,0.613570456592552
588,SPAIS_av,0.8868604138402916,0.466178255634941,0.6827724772096053
588,SATIS_av,0.8423723315328547,0.39839127894534976,0.6311824450547954
589,SMORE_av,0.9069370227827038,0.2876483562809409,0.5363285898410981
589,SPRIS_av,0.8663641747523022,0.28653434730109956,0.535289031553141
589,SMYTH_av,0.9077656193316188,0.394778767615798,0.6283142268131432
589,SPAIS_av,0.8762736187884035,0.41591860308090295,0.6449175164940886
589,SATIS_av,0.8530776069134809,0.2702227304123821,0.5198295205280112
590,SMORE_av,0.8681557900563285,0.4188529992961445,0.6471885345833504
590,SPRIS_av,0.8742524045580807,0.2778866615321426,0.5271495627733581
590,SMYTH_av,0.9231500374828403,0.33158132265213247,0.5758309844495453
590,SPAIS_av,0.8882635292550594,0.38129725776060536,0.6174927187915703
590,SATIS_av,0.8401895426562419,0.33868206237935006,0.5819639700010216
591,SMORE_av,0.8843253638603567,0.36829241254000816,0.6068710015645896
591,SPRIS_av,0.8544499859682303,0.335160532990211,0.5789305079111058
591,SMYTH_av,0.8914756751384576,0.4519495508858932,0.6722719322460914
591,SPAIS_av,0.8868645441872968,0.46594502260296444,0.6826016573397434
591,SATIS_av,0.8349817275029567,0.4225319434854474,0.650024571447455
592,SMORE_av,0.8990467440475831,0.37159273777178026,0.6095840694865478
592,SPRIS_av,0.8503975575457529,0.32059784948507825,0.566213607647395
592,SMYTH_av,0.8988275323784567,0.4378223248038292,0.6616814375542276
592,SPAIS_av,0.890730393581608,0.4279397093560277,0.6541710092598324
592,SATIS_av,0.873554743193352,0.2848609495477251,0.533723664031983
593,SMORE_av,0.8986652257872322,0.3525679547943527,0.5937743298546618
593,SPRIS_av,0.8490469967246895,0.3279163271853516,0.5726397883358714
593,SMYTH_av,0.8946151484560712,0.48801148675844613,0.6985781894379799
593,SPAIS_av,0.8797616544204375,0.4768327696825177,0.6905307883668313
593,SATIS_av,0.8646122222036426,0.3194753681708265,0.5652215213266623
594,SMORE_av,0.9104344689398238,0.3638647069533863,0.6032119917188205
594,SPRIS_av,0.8487959451906393,0.3529543184397826,0.5940995862982759
594,SMYTH_av,0.8978067111274401,0.44125522422952307,0.6642704450971179
594,SPAIS_av,0.8913146184061744,0.42651847091160344,0.6530838161458324
594,SATIS_av,0.8884427639764965,0.272421859698081,0.5219404752441422
595,SMORE_av,0.9017074723084019,0.33155930595567024,0.5758118668069201
595,SPRIS_av,0.8594623772934824,0.2716290351283022,0.5211804247362924
595,SMYTH_av,0.8893266113905882,0.4082581444239875,0.6389508153402635
595,SPAIS_av,0.8685432125481054,0.49729550899129116,0.7051918242515941
595,SATIS_av,0.8181222776588902,0.38491780438205675,0.6204174436474661
596,SMORE_av,0.9048687815777561,0.380031417488884,0.6164668827186778
596,SPRIS_av,0.8587259326078771,0.3163006024333704,0.5624060832115619
596,SMYTH_av,0.8734286607534879,0.5284015327431271,0.7269123280995632
596,SPAIS_av,0.8433328335067987,0.5662988108190721,0.752528279082635
596,SATIS_av,0.8394655427253868,0.2994577003866498,0.5472272840298168
597,SMORE_av,0.894630280374258,0.3731738867025406,0.6108796008237144
597,SPRIS_av,0.849057476634153,0.31937742170185296,0.5651348703644582
597,SMYTH_av,0.8879458215445126,0.4361397634773028,0.6604087851303182
597,SPAIS_av,0.8955886390659897,0.3539752669355671,0.5949582060410353
597,SATIS_av,0.8086972378882922,0.3746725326993388,0.6121050013676892
598,SMORE_av,0.914044264547035,0.3400599907264745,0.5831466288391578
598,SPRIS_av,0.8484476643186739,0.3271554657303316,0.5719750569127395
598,SMYTH_av,0.8780862019800283,0.5444480034047028,0.7378671990302204
598,SPAIS_av,0.8770407757280546,0.4434692923045414,0.6659349009509423
598,SATIS_av,0.8605164155176575,0.3425738658848532,0.5852981000181473
599,SMORE_av,0.9096596697663584,0.3020920014613577,0.5496289670872139
599,SPRIS_av,0.8702178397183303,0.2795252974893279,0.528701520226042
599,SMYTH_av,0.8832277366336113,0.4633793803041476,0.6807197516630082
599,SPAIS_av,0.870169750162967,0.4682249421085653,0.6842696413757995
599,SATIS_av,0.8502131270078189,0.2923751790739109,0.540717282018904
600,SMORE_av,0.9170193060425815,0.38624116360772326,0.6214830356556189
600,SPRIS_av,0.8620797371372886,0.38709348008380523,0.6221683695622956
600,SMYTH_av,0.8903610797977991,0.5002031604896433,0.7072504227567795
600,SPAIS_av,0.8661341369761,0.6108165463917533,0.781547533034142
600,SATIS_av,0.8486113949132744,0.46156446131716466,0.6793853555362852
601,SMORE_av,0.9018254357858011,0.38917797878291205,0.6238413089744155
601,SPRIS_av,0.8510128762356062,0.33177482754291115,0.5759989822412113
601,SMYTH_av,0.8827496421263126,0.48418795840290046,0.695836157728887
601,SPAIS_av,0.8692925079550644,0.45463438309257886,0.6742658104135036
601,SATIS_av,0.8319905877196635,0.3978816807387957,0.6307786305343545
602,SMORE_av,0.9041994963650332,0.3612132016975439,0.6010101510769547
602,SPRIS_av,0.7978230771483342,0.39221848791058456,0.6262734929011322
602,SMYTH_av,0.8964686737713556,0.4168513537550619,0.6456402665223583
602,SPAIS_av,0.8848739267466615,0.4337091969219805,0.6585660156142135
602,SATIS_av,0.8523926003479465,0.33733197678723004,0.5808028725714346
603,SMORE_av,0.9149582721116101,0.26246356665179105,0.5123119817570062
603,SPRIS_av,0.8383905470003179,0.2898403689017902,0.5383682465578651
603,SMYTH_av,0.8507487426856901,0.5435441575617438,0.7372544727309179
603,SPAIS_av,0.8769638274201449,0.4287212142161079,0.6547680613897626
603,SATIS_av,0.8488402769420151,0.3023254787942596,0.5498413214685303
604,SMORE_av,0.897648023457751,0.37837023790465113,0.6151180682638505
604,SPRIS_av,0.8485267081994339,0.33015212182883374,0.574588654455371
604,SMYTH_av,0.8952786945413495,0.43768297542124457,0.6615761297244971
604,SPAIS_av,0.9036468266156061,0.3711929873731345,0.609256093423065
604,SATIS_av,0.8563528371672932,0.33381437791615387,0.5777667158258201
605,SMORE_av,0.8778541310817835,0.410486121439201,0.6406919083609539
605,SPRIS_av,0.8573022961123612,0.3358013457185308,0.5794836889149951
605,SMYTH_av,0.9004274967786484,0.4049768596572938,0.6363779220379143
605,SPAIS_av,0.8798729831848414,0.42853741216242097,0.6546276897309042
605,SATIS_av,0.8165338852042071,0.4057664729888058,0.6369980164716417
606,SMORE_av,0.9110553609561054,0.36517111005861375,0.6042938937790235
606,SPRIS_av,0.8611527095990367,0.3039797442060923,0.5513435809058561
606,SMYTH_av,0.8741373186077961,0.5152272771244129,0.7177933387294791
606,SPAIS_av,0.8520690069484188,0.5027980865116289,0.7090825667802226
606,SATIS_av,0.8515264536534735,0.35964067048608434,0.5997004839801985
607,SMORE_av,0.9140798827054891,0.3171330622699795,0.5631456847654783
607,SPRIS_av,0.8786097633220896,0.2667625383241942,0.5164905984857752
607,SMYTH_av,0.9055561558747516,0.3659552466957377,0.6049423498943827
607,SPAIS_av,0.8563340677629933,0.5397271894389104,0.7346612753091798
607,SATIS_av,0.8620875127774168,0.3165541595520447,0.5626314597958816
608,SMORE_av,0.9004378827669987,0.3726609605532943,0.6104596305680616
608,SPRIS_av,0.8618715329065233,0.30101774088074695,0.5486508369452715
608,SMYTH_av,0.8943102032292389,0.4777949644956179,0.6912271439227614
608,SPAIS_av,0.8841086422116954,0.4620747249102599,0.679760785063584
608,SATIS_av,0.8700822250780804,0.29611309995341406,0.5441627513468871
609,SMORE_av,0.89201263685425,0.38977026045964075,0.6243158339011119
609,SPRIS_av,0.8372473617164957,0.3173815087664651,0.5633662297000639
609,SMYTH_av,0.8641427961872127,0.5524849960763303,0.7432933445661479
609,SPAIS_av,0.8868902474433965,0.3758628698955745,0.6130765612022486
609,SATIS_av,0.8732638286459294,0.2980586450809984,0.5459474746539252
610,SMORE_av,0.8816440083237097,0.36238611010353633,0.6019851410986291
610,SPRIS_av,0.8558488226933434,0.3395746148438775,0.5827303105587331
610,SMYTH_av,0.8888294710626236,0.5103660616577411,0.7143990913052319
610,SPAIS_av,0.8729362475760939,0.5330402848597936,0.7300960791976585
610,SATIS_av,0.8806001181352923,0.2874007681601614,0.5360977225843824
611,SMORE_av,0.90813292793821,0.40637701467125353,0.6374770699180117
611,SPRIS_av,0.8033850269937436,0.3907115752162907,0.6250692563358805
611,SMYTH_av,0.8810014870599057,0.5647458400107266,0.7514957351913094
611,SPAIS_av,0.8955234767507709,0.41012633253234765,0.6404110652794404
611,SATIS_av,0.841383664368092,0.30922304985832727,0.5560782767365825
612,SMORE_av,0.9204865062180712,0.33398738376236653,0.5779164158962492
612,SPRIS_av,0.8582435844983742,0.2784698027698012,0.527702380864253
612,SMYTH_av,0.9010972587736537,0.44575175356006713,0.6676464285533678
612,SPAIS_av,0.8617271541242166,0.4791778898010593,0.6922267618353536
612,SATIS_av,0.8617620936565942,0.3454926077322623,0.5877861921925883
613,SMORE_av,0.8970141283446155,0.4462706915902125,0.6680349478808818
613,SPRIS_av,0.8670216555753426,0.2826464560993828,0.5316450470938132
613,SMYTH_av,0.9078930038839029,0.47964558575330946,0.6925644993452302
613,SPAIS_av,0.9040873381464584,0.40960023251607014,0.640000181653154
613,SATIS_av,0.8704629251248555,0.36543331149750174,0.6045108034580537
614,SMORE_av,0.8997729882819182,0.39347436532188207,0.6272753504816542
614,SPRIS_av,0.8724434371526368,0.2532928462997231,0.5032820742880906
614,SMYTH_av,0.8986050162266441,0.46961149824841925,0.6852820574394307
614,SPAIS_av,0.8789894838825791,0.5153890169935572,0.7179059945379738
614,SATIS_av,0.8876944537984518,0.27337268352941424,0.5228505365105923
615,SMORE_av,0.8990550507505919,0.3683378458584776,0.6069084328450854
615,SPRIS_av,0.8627450890433188,0.34475739369251385,0.5871604497005174
615,SMYTH_av,0.8741598418401263,0.5129160393868089,0.7161815687287748
615,SPAIS_av,0.8808575035324993,0.4607844876250698,0.6788110838996884
615,SATIS_av,0.8701456949939324,0.28219492938067026,0.5312202268180969
616,SMORE_av,0.8971616904890969,0.32297394914402694,0.5683079703330114
616,SPRIS_av,0.85593575953007,0.3121792055294234,0.5587299934041696
616,SMYTH_av,0.9046754832185486,0.4150777289234515,0.6442652628564196
616,SPAIS_av,0.8772940778643031,0.42896717872780443,0.6549558601370052
616,SATIS_av,0.865759454992719,0.30360353051399064,0.5510022962874026
617,SMORE_av,0.9008916758747052,0.41258491401166264,0.6423277310000423
617,SPRIS_av,0.8284009524359959,0.3728972295464654,0.6106531172003181
617,SMYTH_av,0.8830507958574179,0.5449232054022155,0.7381891393147257
617,SPAIS_av,0.885187462221022,0.4113159165931887,0.6413391587866663
617,SATIS_av,0.8421056164996565,0.28451855412831806,0.5334028066370836
618,SMORE_av,0.8860261581615979,0.441178254414781,0.6642125069695549
618,SPRIS_av,0.8469736107066776,0.340488628135817,0.5835140342235283
618,SMYTH_av,0.9257894432853999,0.35933529947493115,0.5994458269726558
618,SPAIS_av,0.8687684283136947,0.5231604930417534,0.7232983430381639
618,SATIS_av,0.8499504327588876,0.4108845747838434,0.6410027884368705
619,SMORE_av,0.8968765644572483,0.4071745895330738,0.6381023346870577
619,SPRIS_av,0.8282627819767727,0.33014444760899975,0.5745819764045856
619,SMYTH_av,0.8941451667028026,0.4506327760123884,0.671291870956582
619,SPAIS_av,0.895487247399607,0.5168247226033078,0.7189052250493856
619,SATIS_av,0.8460558446466312,0.375371563874403,0.6126757412158597
620,SMORE_av,0.8936397140944871,0.40301963901335897,0.6348382778419706
620,SPRIS_av,0.8040983255372137,0.4438019415298924,0.6661846152005406
620,SMYTH_av,0.8950222084396605,0.46333539301907917,0.680687441502397
620,SPAIS_av,0.8779978757175718,0.5008449280431023,0.7077039833455103
620,SATIS_av,0.8382263591157907,0.4066345171934709,0.637679007960487
621,SMORE_av,0.8928482186961642,0.37691691542231753,0.6139355955003077
621,SPRIS_av,0.8702948057050415,0.2804234307150478,0.5295502154801259
621,SMYTH_av,0.9050532914185637,0.426004191356811,0.6526899657240113
621,SPAIS_av,0.8792890119615108,0.4651718635051219,0.6820350896435768
621,SATIS_av,0.822900445739432,0.42614345315969027,0.6527966399727332
622,SMORE_av,0.9019063646422346,0.36620233117135553,0.6051465369407277
622,SPRIS_av,0.8642298858694841,0.3306624139724265,0.5750325329687239
622,SMYTH_av,0.8926325578814919,0.48041270890861143,0.6931181060314406
622,SPAIS_av,0.87662130896669,0.5065435539063575,0.711718732299746
622,SATIS_av,0.8517026517909757,0.38125227210792445,0.6174562916578991
623,SMORE_av,0.9212196533740263,0.30495084375448145,0.5522235450924575
623,SPRIS_av,0.875902128819702,0.2919143499266763,0.540290986345947
623,SMYTH_av,0.9158140224120964,0.4018867953131938,0.6339454198219227
623,SPAIS_av,0.8860562768162075,0.4384335020941763,0.6621431130006384
623,SATIS_av,0.9043974620499908,0.2652637878695033,0.5150376567490025
624,SMORE_av,0.8911872670947705,0.36083893315335275,0.6006987041382333
624,SPRIS_av,0.8559375969067691,0.30462635411410766,0.5519296641005154
624,SMYTH_av,0.8993720737317171,0.4555967824026105,0.6749790977523752
624,SPAIS_av,0.8700386392673194,0.5107231180840344,0.7146489474448516
624,SATIS_av,0.8685599601618289,0.2667895714190935,0.5165167678005173
625,SMORE_av,0.9097994847371991,0.3845011840748807,0.6200815946912799
625,SPRIS_av,0.8470096757845907,0.299936775116536,0.5476648383058164
625,SMYTH_av,0.907365779315335,0.40094598011896204,0.6332029533403662
625,SPAIS_av,0.8437976345430445,0.5645980781624017,0.7513974169255586
625,SATIS_av,0.8771397710701963,0.29485477076024674,0.5430053137495495
626,SMORE_av,0.9060418766594869,0.35152135093726866,0.5928923603296543
626,SPRIS_av,0.8476011453473693,0.31706958003948105,0.5630893179944733
626,SMYTH_av,0.8956651935625702,0.43972163850795243,0.6631151020056416
626,SPAIS_av,0.8802366731351388,0.4185802201906447,0.6469777586522157
626,SATIS_av,0.8738381832943435,0.3397308572828497,0.5828643558177578
627,SMORE_av,0.9112629846269149,0.3585991361301977,0.5988314755673734
627,SPRIS_av,0.866739673275133,0.33543252973975657,0.5791653733949886
627,SMYTH_av,0.9126398575013427,0.37461306502841246,0.6120564230758571
627,SPAIS_av,0.900892536993716,0.3380847991337662,0.5814505990484198
627,SATIS_av,0.8933011575234301,0.2752434309804141,0.5246364750762322
628,SMORE_av,0.9046593367125275,0.34187759287796626,0.5847029954412465
628,SPRIS_av,0.8302712765310862,0.3615693278564166,0.6013063510860471
628,SMYTH_av,0.8485888929846999,0.6233040101760852,0.7894960482333557
628,SPAIS_av,0.8900009256586897,0.44287650769574116,0.6654896751233194
628,SATIS_av,0.8525599698827924,0.37855699139492077,0.6152698524996335
629,SMORE_av,0.9116215977042104,0.3187954696974697,0.5646197567367526
629,SPRIS_av,0.8365454763599129,0.35260752892343517,0.593807653136464
629,SMYTH_av,0.8546672138361664,0.5143026301989837,0.7171489595606925
629,SPAIS_av,0.8609679136125512,0.5334712648051739,0.7303911724584121
629,SATIS_av,0.8143030715937494,0.3954918861686657,0.6288814563720779
630,SMORE_av,0.9104238848015751,0.37206335208817753,0.6099699599883404
630,SPRIS_av,0.842198259475192,0.34193279886466194,0.5847502021074144
630,SMYTH_av,0.8857452554703362,0.4634865075774448,0.680798433882926
630,SPAIS_av,0.8492308084118129,0.4498448251671498,0.6707047227857799
630,SATIS_av,0.8505313004639357,0.3676557523097863,0.6063462313808723
631,SMORE_av,0.9176200897494511,0.35820615641610887,0.5985032634966236
631,SPRIS_av,0.8738429254124345,0.285422749530102,0.5342497070940723
631,SMYTH_av,0.8927372956917918,0.47309316965566134,0.6878176863498505
631,SPAIS_av,0.8572350137728558,0.51640827440934,0.7186155261399102
631,SATIS_av,0.8921181152546684,0.2619383169972237,0.5117990982770717
632,SMORE_av,0.8861573242702565,0.402728028178729,0.6346085629572997
632,SPRIS_av,0.8616223505669305,0.29421292061665255,0.54241397531466
632,SMYTH_av,0.8824076149926271,0.5170574275704568,0.7190670535982419
632,SPAIS_av,0.8703729406805617,0.5211257436755665,0.7218903958881615
632,SATIS_av,0.8546158852440007,0.30344826277151893,0.5508613825378568
633,SMORE_av,0.914626290939481,0.3489506550578786,0.5907204542403104
633,SPRIS_av,0.8110767632288659,0.3864130927563014,0.6216213419408164
633,SMYTH_av,0.901155388257091,0.4221104670117126,0.649700290142857
633,SPAIS_av,0.8892830645983011,0.512579634825666,0.7159466703782245
633,SATIS_av,0.8639501459244474,0.3283885922325169,0.5730519978435786
634,SMORE_av,0.9037009457900176,0.34296505840836555,0.5856321869641093
634,SPRIS_av,0.7966556754438266,0.3886678231939018,0.6234322923893996
634,SMYTH_av,0.8781780841030915,0.4656209049138736,0.6823642025442671
634,SPAIS_av,0.849696857794319,0.5241638380582649,0.7239916008202477
634,SATIS_av,0.8533584729660361,0.34562646450030227,0.5879000463516756
635,SMORE_av,0.9040736590970107,0.4058378726904589,0.6370540579028273
635,SPRIS_av,0.8406681952009739,0.3158145208811274,0.5619737724139156
635,SMYTH_av,0.921073599913688,0.3840321848999684,0.6197033039285561
635,SPAIS_av,0.8816004357573796,0.545205290218308,0.7383801800009993
635,SATIS_av,0.8403296252762895,0.3939642378479997,0.6276657054897932
636,SMORE_av,0.9102250750687533,0.3343098504539722,0.5781953393568408
636,SPRIS_av,0.8235623802688699,0.4354360651642253,0.6598757952556111
636,SMYTH_av,0.8742860619678514,0.5852963825384553,0.765046653831291
636,SPAIS_av,0.8654148379744928,0.5825751354603504,0.763266097413183
636,SATIS_av,0.8271883609335144,0.3449243510594134,0.5873026060383296
637,SMORE_av,0.8813701706206186,0.3618168143819929,0.6015121065963618
637,SPRIS_av,0.8469920989211613,0.3239424723061746,0.569159443658958
637,SMYTH_av,0.877539193976132,0.4281691864035823,0.6543463810579091
637,SPAIS_av,0.886328215274347,0.43766780635398417,0.6615646652852495
637,SATIS_av,0.8595767990573872,0.33329386243937376,0.5773160853807676
638,SMORE_av,0.8929853137481947,0.3720614792857773,0.6099684248268735
638,SPRIS_av,0.8406605493407626,0.40120670427602934,0.6334087971255447
638,SMYTH_av,0.892062094382307,0.5102400377541485,0.7143108831273317
638,SPAIS_av,0.8511127979856435,0.5286811760850918,0.7271046527736511
638,SATIS_av,0.8764838977408642,0.3102781625449855,0.5570261776119553
639,SMORE_av,0.902598558929668,0.33573194498709336,0.5794238042979365
639,SPRIS_av,0.848972031963651,0.30370810746130295,0.5510971851328066
639,SMYTH_av,0.9066303918151539,0.35517533368852167,0.5959658829903954
639,SPAIS_av,0.8510034507633253,0.45865478989075636,0.6772405701748503
639,SATIS_av,0.8542961186644472,0.28765015538580546,0.5363302670797215
640,SMORE_av,0.9150564962659639,0.32574063081858357,0.5707369190954652
640,SPRIS_av,0.8955583165193705,0.21413123920528582,0.46274316764841145
640,SMYTH_av,0.9023355384383132,0.3950188465972545,0.6285052478677123
640,SPAIS_av,0.8849656403431033,0.4156871679320661,0.6447380614885909
640,SATIS_av,0.8377563134258257,0.35469814091715324,0.5955653960037917
641,SMORE_av,0.9163699337738757,0.3429548216948809,0.5856234470159822
641,SPRIS_av,0.832036850775443,0.3659946052270866,0.6049748798314576
641,SMYTH_av,0.900840268833839,0.47502574985529333,0.689221118259803
641,SPAIS_av,0.8973783847415303,0.36972920964048417,0.6080536239843359
641,SATIS_av,0.8814643579112802,0.2610692684190026,0.5109493795074054
642,SMORE_av,0.8998837708801979,0.3522113858251664,0.5934739975981815
642,SPRIS_av,0.8514761928700718,0.3181159913453239,0.5640177225454214
642,SMYTH_av,0.8776006287809068,0.420456800060734,0.6484264029639246
642,SPAIS_av,0.874753207897136,0.43347760121131973,0.6583901588050354
642,SATIS_av,0.8753827552285347,0.31367174966820727,0.5600640585399203
643,SMORE_av,0.883911253386353,0.4578075811455781,0.676614795245846
643,SPRIS_av,0.824705563781482,0.38647553896288256,0.6216715684047989
643,SMYTH_av,0.8792549241729475,0.4621499531357868,0.6798161171491793
643,SPAIS_av,0.8575904620183719,0.5313326234231212,0.728925663852715
643,SATIS_av,0.8867052700364465,0.2801591131969486,0.5293005886988494
644,SMORE_av,0.9098490758510516,0.3814515986437055,0.6176176799960519
644,SPRIS_av,0.7916088506655512,0.4291921202482759,0.6551275602875183
644,SMYTH_av,0.8895658096500575,0.5391175813684868,0.7342462675209774
644,SPAIS_av,0.8742574425819962,0.5287771043482206,0.7271706157073596
644,SATIS_av,0.8393743754827198,0.3949496729061907,0.6284502151373573
645,SMORE_av,0.8860025844030615,0.35400752372921507,0.5949853138769183
645,SPRIS_av,0.8510212073068038,0.354095921188591,0.5950595946529986
645,SMYTH_av,0.9010079017654997,0.4714746818610983,0.6866401400013681
645,SPAIS_av,0.8987744530399923,0.3958195069418748,0.62914188140822
645,SATIS_av,0.8595411010635723,0.35573697277697297,0.596436897565009
646,SMORE_av,0.9040266644749217,0.3573987724759965,0.5978283804537858
646,SPRIS_av,0.8281540061179865,0.3602189049534207,0.6001823930718233
646,SMYTH_av,0.9014333256913911,0.4098928006681604,0.6402287096562919
646,SPAIS_av,0.8096736998189529,0.604007327776041,0.7771790834653497
646,SATIS_av,0.8632965937940462,0.30230002276793244,0.5498181724606167
647,SMORE_av,0.9084904093032249,0.3826484109427241,0.618585815342321
647,SPRIS_av,0.8205723083877516,0.3574024619537747,0.597831466179035
647,SMYTH_av,0.9031511736817762,0.4497539401673675,0.6706369660012543
647,SPAIS_av,0.8484281402942638,0.5457337323674922,0.7387379321298536
647,SATIS_av,0.8899279218274669,0.24486879114879875,0.49484218812546565
648,SMORE_av,0.8769778050927124,0.4581294048877565,0.6768525724910532
648,SPRIS_av,0.8250886721131978,0.3291908929197568,0.5737515951348255
648,SMYTH_av,0.8753998498641035,0.5363378020779184,0.7323508736104015
648,SPAIS_av,0.8684690705105673,0.5092164724669775,0.7135940529930007
648,SATIS_av,0.8238992671163514,0.36981317627336,0.6081226654823515
649,SMORE_av,0.9266099653754746,0.30931596778039905,0.5561618179814208
649,SPRIS_av,0.8584178582124932,0.29949849291810104,0.5472645547795884
649,SMYTH_av,0.8898208665044414,0.46412955088153673,0.681270541621709
649,SPAIS_av,0.8811040533802592,0.4632796706401319,0.6806465093131177
649,SATIS_av,0.86887374637031,0.2875270183118918,0.5362154588520288
650,SMORE_av,0.9173325326741796,0.30666209781786935,0.5537707989934729
650,SPRIS_av,0.8317765165836513,0.380378010318595,0.6167479309398572
650,SMYTH_av,0.8574586331818478,0.544833902485747,0.7381286490075745
650,SPAIS_av,0.8523048262442473,0.5602934937242924,0.7485275504110002
650,SATIS_av,0.872888526009704,0.2914366046342557,0.5398486867949719
651,SMORE_av,0.8855508147313027,0.3714583612265712,0.6094738396572663
651,SPRIS_av,0.8664711617927464,0.279559272679057,0.5287336500347382
651,SMYTH_av,0.8856202499885726,0.4701514046496383,0.6856758743383337
651,SPAIS_av,0.8870199981006877,0.3838146860819573,0.6195277928244682
651,SATIS_av,0.8429211616708354,0.3185466588664375,0.5643993788678701
652,SMORE_av,0.9039206520771661,0.3668941919312795,0.6057179144876594
652,SPRIS_av,0.8523890042350947,0.3428782926304089,0.5855581035477256
652,SMYTH_av,0.8925692474871452,0.4750149081178178,0.6892132530050608
652,SPAIS_av,0.8815908068406647,0.44911057412931576,0.6701571264482052
652,SATIS_av,0.8579756639954063,0.38905856759514734,0.6237455952510986
653,SMORE_av,0.9230955943062409,0.3159523171857109,0.5620963593421602
653,SPRIS_av,0.8679687218815535,0.2987377189070892,0.5465690431291268
653,SMYTH_av,0.8798781995416739,0.5170469391461319,0.7190597604831825
653,SPAIS_av,0.8707783707477874,0.526493746311563,0.7255988880308204
653,SATIS_av,0.8865294937171991,0.2806932007146206,0.5298048704142126
654,SMORE_av,0.9043187295948177,0.40835422418645195,0.6390259964871945
654,SPRIS_av,0.8268022597747594,0.3664342451701709,0.6053381246627135
654,SMYTH_av,0.9071890938088839,0.43480915442609347,0.6594006023852977
654,SPAIS_av,0.850254229251249,0.5733968920423778,0.7572297485191517
654,SATIS_av,0.8473479145472171,0.35033165540120054,0.5918882119126893
655,SMORE_av,0.9011188134408459,0.3687872733910212,0.6072785797235246
655,SPRIS_av,0.8483327676100381,0.3927097179053673,0.6266655550653533
655,SMYTH_av,0.8965542177646817,0.40496260593343847,0.6363667228363206
655,SPAIS_av,0.8883025657338326,0.4526847415306503,0.6728185056392625
655,SATIS_av,0.8664576104682953,0.3393884442527182,0.5825705487344157
656,SMORE_av,0.9148744325763014,0.3234991375232427,0.5687698458280315
656,SPRIS_av,0.8462619547917579,0.3017904399445607,0.5493545666912769
656,SMYTH_av,0.8981913116123006,0.43193675398337594,0.6572189543701368
656,SPAIS_av,0.9117488897848732,0.28134671840558234,0.5304212650390088
656,SATIS_av,0.835858263409236,0.36664369478557696,0.6055111021158711
657,SMORE_av,0.8927307537666063,0.3843116691467782,0.6199287613482521
657,SPRIS_av,0.8342616410326155,0.3636217749641223,0.6030105927461991
657,SMYTH_av,0.8922967699771021,0.4200713179506413,0.6481290904986763
657,SPAIS_av,0.8437677512118384,0.47161231015791905,0.6867403513395139
657,SATIS_av,0.8572255937733774,0.31225342156925967,0.558796404399008
658,SMORE_av,0.8986068020641275,0.3735415539244597,0.6111804593771464
658,SPRIS_av,0.8418674034678958,0.28737182974723136,0.5360707320375095
658,SMYTH_av,0.9173458647761983,0.33791214589762764,0.5813021124145582
658,SPAIS_av,0.8435393164504936,0.51651901872988,0.7186925759529453
658,SATIS_av,0.891456210633271,0.27254090241673257,0.522054501385375
659,SMORE_av,0.9021066002784822,0.32365407045484074,0.5689060295469197
659,SPRIS_av,0.8650968799095083,0.2611318030121029,0.5110105703526131
659,SMYTH_av,0.8751100993937018,0.5147573711700398,0.7174659372890394
659,SPAIS_av,0.8563302969138676,0.44444116227692765,0.6666642050364844
659,SATIS_av,0.8387010458443784,0.2709969098477973,0.5205736353752438
660,SMORE_av,0.9112491647083546,0.3356710031063046,0.579371213563726
660,SPRIS_av,0.861410211549339,0.3093750113494361,0.556214896734559
660,SMYTH_av,0.9067480435464097,0.39857050801587335,0.6313244079044255
660,SPAIS_av,0.8663253535847845,0.5144864840315987,0.7172771319591882
660,SATIS_av,0.8630176451027638,0.2717127633664235,0.5212607441256473
661,SMORE_av,0.8976692050214538,0.3148331978486615,0.5610999891718601
661,SPRIS_av,0.8603913190918904,0.30440828325672015,0.55173207560982
661,SMYTH_av,0.8711896182974761,0.4403540333411749,0.6635917670836302
661,SPAIS_av,0.8239235120143017,0.5454730039687806,0.7385614422434877
661,SATIS_av,0.8451157396001605,0.3834126852319393,0.6192032664900431
662,SMORE_av,0.9091064563035857,0.33746247953820396,0.5809152085616316
662,SPRIS_av,0.8364815864426579,0.35257174145104797,0.5937775184789738
662,SMYTH_av,0.929287584612466,0.30906027114282114,0.5559318943385252
662,SPAIS_av,0.9022132598355023,0.41861477307271605,0.6470044614009366
662,SATIS_av,0.8680355559672183,0.3024828539820796,0.5499844124900992
663,SMORE_av,0.9169781065365407,0.32689136268712704,0.5717441409294257
663,SPRIS_av,0.8552060833093877,0.3586355833029316,0.5988619067054871
663,SMYTH_av,0.8657406361736173,0.49940879225380985,0.7066886105306989
663,SPAIS_av,0.8764812289381451,0.5352524302116932,0.7316094793068862
663,SATIS_av,0.8567796119244334,0.36463053430287506,0.6038464492757037
664,SMORE_av,0.926718909370663,0.30302639660754643,0.5504783343670725
664,SPRIS_av,0.8717465858178829,0.2925292539692817,0.5408597359475761
664,SMYTH_av,0.8860028069441521,0.4472413369441538,0.6687610462221568
664,SPAIS_av,0.8658022446960862,0.47744579164792433,0.6909745231540193
664,SATIS_av,0.8898544795818258,0.28469954553613525,0.5335724370093861
665,SMORE_av,0.917747975154266,0.3045708765754465,0.5518794040145424
665,SPRIS_av,0.8820252780532808,0.2509320879328669,0.5009312207607617
665,SMYTH_av,0.9026868597375761,0.4463299615849494,0.6680793078556987
665,SPAIS_av,0.8952573980621599,0.412977579178265,0.6426333162685117
665,SATIS_av,0.8598540420836875,0.3346745537594934,0.5785106340936987
666,SMORE_av,0.9306674820001628,0.31736494816193567,0.5633515316052098
666,SPRIS_av,0.8700662226995519,0.29666030879440214,0.5446653181490466
666,SMYTH_av,0.9164295965450132,0.40201821150032896,0.6340490607991853
666,SPAIS_av,0.8705453530309399,0.4446968497282497,0.666855943760157
666,SATIS_av,0.8631012495264273,0.4083600944217069,0.6390305895821474
667,SMORE_av,0.8999356218194856,0.3982128194548454,0.6310410600387627
667,SPRIS_av,0.8345439544308458,0.3804110247710803,0.6167746953070304
667,SMYTH_av,0.8669293456088902,0.5988815821040493,0.7738743968526477
667,SPAIS_av,0.882609275029651,0.5442471689611738,0.7377310952922981
667,SATIS_av,0.8626910124923867,0.38205914415745085,0.6181093302624147
668,SMORE_av,0.9068209756128365,0.3145984350449928,0.5608907514347092
668,SPRIS_av,0.8713777564786546,0.2926578429206617,0.5409785974700494
668,SMYTH_av,0.8914935876701897,0.4748881514761329,0.6891212893795495
668,SPAIS_av,0.8947490043774811,0.4260228957072608,0.6527042942307495
668,SATIS_av,0.8738233173824715,0.2794634698149149,0.5286430457453449
669,SMORE_av,0.9038473546946323,0.38469929806220593,0.6202413224400692
669,SPRIS_av,0.8554565203664832,0.3334473531665597,0.577449004819092
669,SMYTH_av,0.857602236366126,0.5915851802274344,0.7691457470645173
669,SPAIS_av,0.8610237419689748,0.5495471256826222,0.7413144580288599
669,SATIS_av,0.8547881592190745,0.33356246446595333,0.5775486684825386
670,SMORE_av,0.9005951307166463,0.3380441066945734,0.5814156058230406
670,SPRIS_av,0.8696423238660039,0.28639806756202635,0.5351617209423954
670,SMYTH_av,0.9007688346524513,0.3907553936864276,0.6251043062453078
670,SPAIS_av,0.8691649897181175,0.3909989745050693,0.6252991080315639
670,SATIS_av,0.8626387758651245,0.2803905766423515,0.5295191938375337
671,SMORE_av,0.8856539644667795,0.3861948414329109,0.6214457670890605
671,SPRIS_av,0.8457595489297739,0.3757952433936982,0.6130214053307586
671,SMYTH_av,0.8761036813838606,0.503178797234995,0.7093509690096962
671,SPAIS_av,0.8430131110403309,0.5719555654430608,0.7562774394645532
671,SATIS_av,0.8570825349627165,0.2982661245181468,0.5461374593617864
672,SMORE_av,0.9169129761375807,0.3040159372985183,0.5513764025586498
672,SPRIS_av,0.8751010051747814,0.26759547962787134,0.5172963170445652
672,SMYTH_av,0.9047485512182907,0.42843970426683436,0.6545530568768543
672,SPAIS_av,0.8319177225405604,0.537931558326113,0.7334381762126327
672,SATIS_av,0.8536841857054716,0.35184889009659254,0.5931685174523278
673,SMORE_av,0.9064297717499212,0.3688811206816913,0.6073558435395936
673,SPRIS_av,0.8534439053752032,0.37915852920591464,0.6157584990935283
673,SMYTH_av,0.8943951151121161,0.42740263511760757,0.6537603805046674
673,SPAIS_av,0.8741906838057097,0.44344662023603976,0.6659178779970093
673,SATIS_av,0.8620628313882055,0.33381495437291675,0.5777672146919698
674,SMORE_av,0.9044504305478779,0.39206901546412115,0.626154146727562
674,SPRIS_av,0.8274316505448058,0.39809515574270243,0.6309478233124372
674,SMYTH_av,0.8695144693955016,0.5888945961325768,0.7673946808081072
674,SPAIS_av,0.8457336348507996,0.6988740567492387,0.8359868759431806
674,SATIS_av,0.8615008269488211,0.3856730569795625,0.6210258102362273
675,SMORE_av,0.8954811910124172,0.3460735755701014,0.5882801845805291
675,SPRIS_av,0.8227972210564196,0.33283516677474345,0.5769186829829169
675,SMYTH_av,0.8842463460683847,0.40699442592364843,0.6379611476599876
675,SPAIS_av,0.8206362244939102,0.4051240881268876,0.6364935884413037
675,SATIS_av,0.8686363677170104,0.24826534994616253,0.49826233045069995
676,SMORE_av,0.9198848013170994,0.30318026683649557,0.5506180771065327
676,SPRIS_av,0.8477872429182942,0.29778001793941483,0.5456922373824048
676,SMYTH_av,0.8911862110393618,0.4549488073471728,0.6744989305752626
676,SPAIS_av,0.8951339327147074,0.33341570557668,0.5774216012383673
676,SATIS_av,0.8785925888124397,0.2811893649993654,0.5302729155815573
677,SMORE_av,0.9068085091114828,0.35183312519692833,0.5931552285843297
677,SPRIS_av,0.8561822591388136,0.3914924867450627,0.6256936045262591
677,SMYTH_av,0.9007403726178741,0.4709180678044793,0.6862347031478948
677,SPAIS_av,0.8873083054987599,0.4629602976010921,0.6804118588039836
677,SATIS_av,0.8740702961555167,0.2973832526281428,0.5453285730897867
678,SMORE_av,0.8958186332500234,0.376726350866898,0.6137803767365799
678,SPRIS_av,0.8810226189123184,0.33556380561969734,0.5792786942566569
678,SMYTH_av,0.8912243750618155,0.5238116325048261,0.7237483212449104
678,SPAIS_av,0.8804499617332953,0.4934005714508309,0.7024247799236805
678,SATIS_av,0.8341664314482093,0.4259248692493101,0.6526291973619553
679,SMORE_av,0.9157920612492705,0.32222074198590267,0.5676449083590045
679,SPRIS_av,0.8466060521217245,0.38943428237043437,0.6240466988699118
679,SMYTH_av,0.8903366043113569,0.5399757856099898,0.7348304468447057
679,SPAIS_av,0.8649013779939512,0.44455852776470456,0.6667522236668615
679,SATIS_av,0.8886439910228326,0.2544775441786625,0.5044576733271707
680,SMORE_av,0.8892116523775856,0.36276221414183474,0.6022974465675865
680,SPRIS_av,0.8811009030451713,0.2823316304905756,0.5313488783187329
680,SMYTH_av,0.9079563706075292,0.4417547676221406,0.664646347783647
680,SPAIS_av,0.889876968421829,0.3821492160912891,0.6181821868116948
680,SATIS_av,0.8996745412979344,0.22891039241540226,0.47844580927770936
681,SMORE_av,0.926008501560149,0.31333988818039954,0.5597677091262049
681,SPRIS_av,0.8467276375487299,0.36771440018087015,0.6063945911540357
681,SMYTH_av,0.8729823894424956,0.5024170859670526,0.7088138584755892
681,SPAIS_av,0.8690384149001922,0.5491047881407528,0.7410160512031793
681,SATIS_av,0.8520846527342774,0.3687715423893162,0.6072656275381607
682,SMORE_av,0.9080769494054475,0.36932267216762255,0.6077192379443179
682,SPRIS_av,0.8702978853413279,0.3411007090716271,0.5840382770603543
682,SMYTH_av,0.9082143051719757,0.4322830461379043,0.6574823542407083
682,SPAIS_av,0.8882789689492654,0.3859353363856048,0.6212369406157403
682,SATIS_av,0.8673057283959784,0.33346955082567975,0.5774682249489401
683,SMORE_av,0.9002198250753419,0.3676352207147618,0.606329300557677
683,SPRIS_av,0.8588086679533323,0.3428683335009819,0.5855495995225186
683,SMYTH_av,0.8830536542457389,0.5363396427551144,0.7323521303001135
683,SPAIS_av,0.881913319196182,0.49524402219518376,0.7037357616287407
683,SATIS_av,0.8384178287841819,0.4221574581072923,0.649736452807823
684,SMORE_av,0.9109413320833999,0.3227812673746616,0.5681384227234254
684,SPRIS_av,0.8742141592764807,0.2961737876559846,0.5442185109457273
684,SMYTH_av,0.9096820265436755,0.3956011132749023,0.6289682927420923
684,SPAIS_av,0.8567764938220761,0.49891360237735133,0.7063381643217017
684,SATIS_av,0.8784023639675347,0.32527505504484944,0.5703289007624017
685,SMORE_av,0.9053862305048468,0.40936648978934914,0.6398175441400065
685,SPRIS_av,0.8591530581492061,0.3103023319830717,0.5570478722543258
685,SMYTH_av,0.9248837160608709,0.3614845636913867,0.6012358636104359
685,SPAIS_av,0.8788043578079989,0.42525441143253523,0.6521153359893749
685,SATIS_av,0.8775320648684313,0.28341537879299683,0.5323677101336978
686,SMORE_av,0.9020205845702648,0.3852561065834834,0.6206900245561253
686,SPRIS_av,0.8468440210402408,0.32410622461572075,0.5693032799973321
686,SMYTH_av,0.894876651602724,0.47053794761222945,0.6859576864590333
686,SPAIS_av,0.8802637479093941,0.49949958381544396,0.7067528449291477
686,SATIS_av,0.8626571500366279,0.3232279574993768,0.5685314041452563
687,SMORE_av,0.9271109328304703,0.30636088049391524,0.5534987628657495
687,SPRIS_av,0.8347052073039123,0.30613187403486836,0.5532918524927585
687,SMYTH_av,0.919428417497979,0.3640903047309861,0.6033989598358503
687,SPAIS_av,0.8598443557180375,0.6008206001611939,0.7751261833799667
687,SATIS_av,0.8710668299295713,0.2974891405501043,0.5454256507995423
688,SMORE_av,0.9175785577307682,0.2862844691655557,0.5350555757727936
688,SPRIS_av,0.8066892987033945,0.3860906334577993,0.621361918255214
688,SMYTH_av,0.8882350165455863,0.5699825894269633,0.7549719130053537
688,SPAIS_av,0.8413573322561833,0.5871128148472767,0.766232872465856
688,SATIS_av,0.8807199750371335,0.29786166957444266,0.5457670469847393
689,SMORE_av,0.9120147905550893,0.35344515023392586,0.5945125316037719
689,SPRIS_av,0.8664798603066886,0.24150677800593853,0.49143339121994806
689,SMYTH_av,0.8972857220020363,0.41463243234315766,0.6439195853079464
689,SPAIS_av,0.8894224997171756,0.41583965877964396,0.6448563086297938
689,SATIS_av,0.89639659345302,0.23231886927079073,0.48199467763740994
690,SMORE_av,0.9039797540061654,0.36644419856951543,0.6053463459619752
690,SPRIS_av,0.8293613972163014,0.36603539217671993,0.6050085885148407
690,SMYTH_av,0.8944359311561885,0.5151755985487623,0.7177573395993678
690,SPAIS_av,0.8596682428885711,0.6102844472748213,0.7812070450750053
690,SATIS_av,0.8491301879762857,0.33305708383695437,0.5771109805201721
691,SMORE_av,0.9154697827547992,0.2993567765425865,0.5471350624321079
691,SPRIS_av,0.8349080610702491,0.35058781479075907,0.592104564068509
691,SMYTH_av,0.8715455962616507,0.5165801839056169,0.7187351277804758
691,SPAIS_av,0.8433212205271935,0.5209967884490215,0.7218010726294479
691,SATIS_av,0.8592398256104783,0.3390078253887447,0.5822437851868791
692,SMORE_av,0.899551762611153,0.36511175330600054,0.60424477929561
692,SPRIS_av,0.870694007062959,0.3079157224328627,0.5549015430081833
692,SMYTH_av,0.9117910099147888,0.3937347054597805,0.6274828328008508
692,SPAIS_av,0.8859831195981274,0.4844322469814426,0.6960116715842074
692,SATIS_av,0.8900442356449093,0.2944656260008364,0.542646870442313
693,SMORE_av,0.90439187002831,0.3215875059727767,0.5670868592841636
693,SPRIS_av,0.8282279757564877,0.3490271811522595,0.5907852242162625
693,SMYTH_av,0.8893475045473223,0.4336692601781346,0.6585356939286849
693,SPAIS_av,0.901288961517127,0.3080349856491021,0.5550089960073639
693,SATIS_av,0.853742049797978,0.3361070377621123,0.579747391337048
694,SMORE_av,0.9094657696240512,0.4233185863190465,0.6506293770796447
694,SPRIS_av,0.8549440991414321,0.3652034808830757,0.6043206771930576
694,SMYTH_av,0.8652302692142818,0.6270443842775318,0.7918613415728362
694,SPAIS_av,0.865142053111243,0.5635512146017283,0.7507004826172209
694,SATIS_av,0.8455607338683768,0.4348851792976203,0.6594582468190237
695,SMORE_av,0.9043017628802782,0.4212762294357655,0.6490579553751463
695,SPRIS_av,0.8772559159777384,0.25439605475460286,0.5043768975226788
695,SMYTH_av,0.9026498553030755,0.42565918101420475,0.652425613395278
695,SPAIS_av,0.8653068226193463,0.4713835511367205,0.686573776907275
695,SATIS_av,0.8664148325377357,0.3016061071997625,0.5491867689591242
696,SMORE_av,0.9177191069889178,0.3574693396866465,0.5978873971632506
696,SPRIS_av,0.8308594982129565,0.32205604432858914,0.5674998187916795
696,SMYTH_av,0.8961165028255379,0.44565674009520306,0.6675752692357642
696,SPAIS_av,0.867130646982682,0.5027259604024685,0.7090317062039387
696,SATIS_av,0.8918010742735253,0.25376048620524017,0.5037464503152753
697,SMORE_av,0.9138906626123054,0.34814230903662946,0.5900358540263714
697,SPRIS_av,0.8373438193766096,0.33135694605288535,0.5756361229569296
697,SMYTH_av,0.9067561150444993,0.3620815044879753,0.6017320869689229
697,SPAIS_av,0.8984815598262795,0.3653756446862756,0.6044631044871768
697,SATIS_av,0.890007910553765,0.24365968931832796,0.49361897179740566
698,SMORE_av,0.9154500476622313,0.3349970195787635,0.5787892704419835
698,SPRIS_av,0.8350231954046368,0.3776551246764701,0.6145365120775739
698,SMYTH_av,0.8846652238181856,0.576472121940605,0.7592576123692175
698,SPAIS_av,0.860646843385857,0.5644291439125614,0.7512849951333791
698,SATIS_av,0.8653779147458572,0.3428108358561325,0.5855005003039131
699,SMORE_av,0.9055073379356133,0.3493233708945946,0.5910358456934695
699,SPRIS_av,0.8371490519156328,0.31396557012623444,0.5603263068304347
699,SMYTH_av,0.8644960795421394,0.5321534656046608,0.7294884958686194
699,SPAIS_av,0.855559318887938,0.4290111131313908,0.6549893992511564
699,SATIS_av,0.8728163249230421,0.27903982952542083,0.5282422072547979
700,SMORE_av,0.8896194675649614,0.3832514617394672,0.619073066559568
700,SPRIS_av,0.8463367582332414,0.28230877981994773,0.5313273753722348
700,SMYTH_av,0.9007830627510188,0.38359477170925516,0.61935028191586
700,SPAIS_av,0.8505283859836893,0.45531637089363586,0.6747713471196268
700,SATIS_av,0.8448392307112224,0.27231369429751634,0.5218368464352784
701,SMORE_av,0.8909561006297264,0.373706334554031,0.6113152497312913
701,SPRIS_av,0.8422795092737517,0.3324740155843105,0.5766055979474276
701,SMYTH_av,0.9023265205248957,0.45321401754546636,0.67321171821758
701,SPAIS_av,0.8840056811980443,0.4365741186008802,0.6607375565236777
701,SATIS_av,0.8542555555919382,0.3444941272810976,0.5869362207949834
702,SMORE_av,0.914159920081824,0.32725611026170837,0.5720630299728416
702,SPRIS_av,0.826679037839347,0.4332812217284796,0.6582410058090271
702,SMYTH_av,0.8867345382512603,0.48436338660178857,0.695962201992169
702,SPAIS_av,0.8701101016882865,0.5419237472939461,0.7361547033701178
702,SATIS_av,0.8877012301914532,0.2788443134363295,0.5280571119077268
703,SMORE_av,0.9163416736611516,0.31128426647422086,0.5579285496138559
703,SPRIS_av,0.8367969809501031,0.33756046073883245,0.580999535919636
703,SMYTH_av,0.8923701657538412,0.46547674178007753,0.6822585593307552
703,SPAIS_av,0.8008833743192663,0.6344664451840633,0.7965340201046427
703,SATIS_av,0.8355820051892306,0.3103421715426408,0.5570836306539987
704,SMORE_av,0.9042134784110106,0.4032698128189071,0.6350352847038557
704,SPRIS_av,0.8447507306469585,0.30832140728561236,0.5552669693810468
704,SMYTH_av,0.895523854674828,0.43356397673429076,0.6584557515386215
704,SPAIS_av,0.8554502638065277,0.5546335901886003,0.7447372625218912
704,SATIS_av,0.8732416636874737,0.29231150697599845,0.540658401373731
705,SMORE_av,0.8852386027028509,0.3356123616660856,0.5793206035228555
705,SPRIS_av,0.8524350898921603,0.34641390966629315,0.5885693754064113
705,SMYTH_av,0.8735294793906607,0.5451862535776061,0.7383672890761116
705,SPAIS_av,0.8658346919184738,0.4577688840866936,0.6765861985635634
705,SATIS_av,0.8498342962821901,0.3249614431444592,0.5700538949471876
706,SMORE_av,0.9015557111395921,0.37569267705987125,0.6129377432169365
706,SPRIS_av,0.8396139037312605,0.3818228630708853,0.6179181685877875
706,SMYTH_av,0.9050906481455249,0.4920934315154941,0.7014937145231553
706,SPAIS_av,0.8596232212343422,0.4747384950609264,0.6890126958633828
706,SATIS_av,0.855240566009876,0.28358369836138453,0.5325257724855995
707,SMORE_av,0.9002833995941333,0.39331440290531344,0.6271478317791694
707,SPRIS_av,0.8628137884332383,0.302542172070365,0.5500383369096785
707,SMYTH_av,0.8895937634059896,0.5015401537814403,0.708194997003961
707,SPAIS_av,0.8448081675406071,0.5106441634986608,0.7145937051910413
707,SATIS_av,0.8427594645579222,0.43604961198371145,0.6603405272915721
708,SMORE_av,0.9168664442123761,0.3810552523048069,0.6172967295432618
708,SPRIS_av,0.8258830748275934,0.3852818477973307,0.6207107601752452
708,SMYTH_av,0.9018933180840689,0.48621710800208234,0.6972926989450573
708,SPAIS_av,0.8807016866499091,0.5231605136347052,0.7232983572736117
708,SATIS_av,0.8661490230499167,0.36848551744601116,0.6070300795232565
709,SMORE_av,0.9042221018153973,0.3350834038661263,0.5788638906220755
709,SPRIS_av,0.8732153181369444,0.3013092747980025,0.5489164552078963
709,SMYTH_av,0.8920952845625681,0.4679460152912419,0.6840657974867929
709,SPAIS_av,0.8674380535354774,0.5549149455875535,0.7449261343163854
709,SATIS_av,0.8791471903188288,0.290856374846879,0.5393110186588802
710,SMORE_av,0.896310402568257,0.42448788420171835,0.6515273472400973
710,SPRIS_av,0.8476904086799322,0.34447615821367505,0.5869209130825678
710,SMYTH_av,0.8997666699788918,0.45950259499344676,0.6778662072956925
710,SPAIS_av,0.8623863445752397,0.6834881209057819,0.8267334037679752
710,SATIS_av,0.863497604752588,0.3193535752190629,0.5651137719247894
711,SMORE_av,0.89977108963506,0.328646409745494,0.5732769049468973
711,SPRIS_av,0.8335960750539688,0.32109157551725126,0.5666494291157905
711,SMYTH_av,0.8683626990973015,0.5015963878844811,0.7082346983059226
711,SPAIS_av,0.8530905949225094,0.4823215324633555,0.6944937238473473
711,SATIS_av,0.8259594330744385,0.38044340502870433,0.6168009444129479
712,SMORE_av,0.932190838830301,0.34002614549457955,0.5831176086301798
712,SPRIS_av,0.8617831260423932,0.30418701365343714,0.5515315164643242
712,SMYTH_av,0.9037951989256837,0.4718477348989772,0.6869117373425622
712,SPAIS_av,0.8499265427910396,0.6498262218532146,0.8061179949940421
712,SATIS_av,0.8844764008338143,0.31850953895288614,0.5643664934711186
713,SMORE_av,0.8998486644589433,0.37737116706449997,0.6143054346695136
713,SPRIS_av,0.8403951160782746,0.30405715602421546,0.5514137793202265
713,SMYTH_av,0.9137827971831645,0.34165907892212016,0.5845161066404587
713,SPAIS_av,0.8785369631865323,0.4581261847172501,0.6768501937040796
713,SATIS_av,0.8759012299823139,0.2969652893584607,0.5449452168415287
714,SMORE_av,0.913758859449997,0.3334839882524122,0.5774807254380117
714,SPRIS_av,0.8508083658189092,0.3414093989111975,0.5843024892221472
714,SMYTH_av,0.8959062498995163,0.4739443496102856,0.6884361623348134
714,SPAIS_av,0.8010242529871944,0.6004746592638637,0.7749029999063519
714,SATIS_av,0.816006610071812,0.33288455430336217,0.5769614842460129
715,SMORE_av,0.8696006000586121,0.41962086440943275,0.6477814943400535
715,SPRIS_av,0.8825329372671316,0.2439086090585281,0.49387104496875306
715,SMYTH_av,0.896671084858683,0.4318424891261441,0.657147235500648
715,SPAIS_av,0.8317270285255443,0.5721748455052259,0.7564223988653601
715,SATIS_av,0.8116835560217637,0.3911911155445181,0.625452728465164
716,SMORE_av,0.9093085386164097,0.3354900459110591,0.5792150256261133
716,SPRIS_av,0.8641740111598691,0.3534031250670468,0.5944771863301793
716,SMYTH_av,0.8932274583993371,0.4822244697996058,0.6944238401722724
716,SPAIS_av,0.8713540652803519,0.4878986014641968,0.6984973883016291
716,SATIS_av,0.8633403950038866,0.3337760867338873,0.5777335776410155
717,SMORE_av,0.904615062028796,0.39496253232265244,0.6284604461083072
717,SPRIS_av,0.8820377738032972,0.3300285998932583,0.5744811571263746
717,SMYTH_av,0.8817593211447863,0.5306408338749048,0.7284509824791953
717,SPAIS_av,0.8832572317331047,0.44220157255945747,0.6649823851497553
717,SATIS_av,0.8592123128268728,0.3527055279593398,0.5938901648952775
718,SMORE_av,0.9094232827267925,0.341153944847714,0.5840838508705013
718,SPRIS_av,0.8223307130802774,0.3891431168307045,0.6238133669862361
718,SMYTH_av,0.8806005276387721,0.5540310106122784,0.7443325940816232
718,SPAIS_av,0.8456668656363904,0.49914022192937685,0.7064985647043996
718,SATIS_av,0.8539663959566167,0.3483891902034904,0.5902450255643756
719,SMORE_av,0.8971702524612295,0.3402359391271212,0.5832974705303643
719,SPRIS_av,0.8376671556764004,0.3044851107558299,0.5518016951367855
719,SMYTH_av,0.8061684873400213,0.6420758450094313,0.8012963527992819
719,SPAIS_av,0.8410592963432306,0.49636593082736286,0.7045324199973787
719,SATIS_av,0.8359665087022593,0.3185708940856597,0.5644208483796994
720,SMORE_av,0.9104615051126044,0.3587722329080583,0.5989759869210604
720,SPRIS_av,0.8767689518207418,0.2854549863330746,0.5342798764066213
720,SMYTH_av,0.8849443113166227,0.4914514254352598,0.7010359658642771
720,SPAIS_av,0.8665708290324098,0.5668336393771453,0.7528835496789296
720,SATIS_av,0.8628820908300026,0.37129493244720424,0.6093397512449062
721,SMORE_av,0.9144688183778067,0.3296341708771116,0.5741377629777644
721,SPRIS_av,0.8719741569434141,0.28629186441292653,0.5350624864564199
721,SMYTH_av,0.904573933514874,0.4087581495512284,0.6393419660488653
721,SPAIS_av,0.9026927628799831,0.3718987698137754,0.6098350349182764
721,SATIS_av,0.8598715188393392,0.29014336030644705,0.5386495709702618
722,SMORE_av,0.8781797046447372,0.42787164321278265,0.6541189824586828
722,SPRIS_av,0.8484880820466986,0.32393790508492465,0.5691554313936789
722,SMYTH_av,0.9095101313921218,0.37485363722462545,0.6122529193271564
722,SPAIS_av,0.8724441651205036,0.44176538274887484,0.6646543332807474
722,SATIS_av,0.8403964537884254,0.3370622777167448,0.5805706483424259
723,SMORE_av,0.8967903142502002,0.43859754114280575,0.66226697120029
723,SPRIS_av,0.8651029182446568,0.32578477941950923,0.5707755946249885
723,SMYTH_av,0.9168769562011879,0.3738602605358408,0.6114411341542543
723,SPAIS_av,0.8883793869819531,0.40315449957277877,0.6349444854259141
723,SATIS_av,0.883324601374968,0.2779743485059639,0.5272327270816598
724,SMORE_av,0.8970421943368453,0.3715444739229728,0.6095444806763267
724,SPRIS_av,0.8428406568830237,0.29974923903148737,0.5474935972515911
724,SMYTH_av,0.9121100116358243,0.3871131724875622,0.6221841949837381
724,SPAIS_av,0.908523849358832,0.3585762335631211,0.5988123525472075
724,SATIS_av,0.8772065401813313,0.25864468148376,0.5085712157444225
725,SMORE_av,0.9070082124990658,0.40725873192115786,0.6381682630162345
725,SPRIS_av,0.8550101434896731,0.3221683561650606,0.5675987633575857
725,SMYTH_av,0.8749164797887979,0.4747319303353038,0.6890079319828646
725,SPAIS_av,0.8691941227862903,0.4171893579881343,0.6459019724293573
725,SATIS_av,0.8623589128890708,0.35044868974914656,0.5919870689036599
726,SMORE_av,0.8921782666577321,0.3779607000965043,0.6147850844779046
726,SPRIS_av,0.8896043500390197,0.2648950435360015,0.5146795542237923
726,SMYTH_av,0.9207100580333302,0.3057710892021999,0.552965721543569
726,SPAIS_av,0.8915943972736861,0.39214843481332984,0.6262175618851086
726,SATIS_av,0.8769747421539602,0.2935149713226235,0.5417702200404001
727,SMORE_av,0.905752288768271,0.36781007065615423,0.6064734706944355
727,SPRIS_av,0.8458225541492679,0.3667870016237372,0.6056294259889765
727,SMYTH_av,0.8621967290852424,0.6203063575318282,0.7875953006029354
727,SPAIS_av,0.834754547934474,0.5952965370593264,0.7715546235097852
727,SATIS_av,0.8437683242865268,0.36128925732910666,0.6010734209138736
728,SMORE_av,0.8794089604735238,0.36881783272449503,0.6073037400876887
728,SPRIS_av,0.853199674985789,0.29801209041258375,0.5459048364070278
728,SMYTH_av,0.8704535276584595,0.5095100757491341,0.7137997448508469
728,SPAIS_av,0.902760427256572,0.3568572270828567,0.5973752816135404
728,SATIS_av,0.8356382332291864,0.3136145129082968,0.5600129578039216
729,SMORE_av,0.9160336858808837,0.3878058854315044,0.6227406245231673
729,SPRIS_av,0.8552314114942967,0.3569065801224292,0.5974165884225422
729,SMYTH_av,0.8841202461632977,0.47862891121331036,0.6918301173072118
729,SPAIS_av,0.864077319659409,0.593002295149483,0.7700664225568357
729,SATIS_av,0.8692240717922051,0.32702581829540633,0.5718617125629293
730,SMORE_av,0.8894360464506954,0.3817613612569025,0.6178684012448787
730,SPRIS_av,0.8577945191714638,0.29530021467977624,0.5434153242960454
730,SMYTH_av,0.873272942084418,0.49788757438734943,0.7056114896934073
730,SPAIS_av,0.8594182691487393,0.5408099349309489,0.7353978072655295
730,SATIS_av,0.8585817816761698,0.3087799134415875,0.5556796860076743
731,SMORE_av,0.9077304718063718,0.4401634184771472,0.663448127947579
731,SPRIS_av,0.855178396939071,0.3364445420522789,0.580038397049953
731,SMYTH_av,0.8966540018529505,0.49451331109536095,0.7032164041711206
731,SPAIS_av,0.8942370616054669,0.4873712887054745,0.6981198240312866
731,SATIS_av,0.8529803673059059,0.36603784659472366,0.6050106169272764
732,SMORE_av,0.8933557276777191,0.383051817355506,0.6189118009502694
732,SPRIS_av,0.8752089682111158,0.3056301837812204,0.5528382980413173
732,SMYTH_av,0.8682678037186362,0.4617568278377117,0.6795269147264968
732,SPAIS_av,0.8593627724089723,0.4558097689039003,0.675136851981804
732,SATIS_av,0.8850073620561193,0.24869064069158686,0.49868892176544977
733,SMORE_av,0.9059207643913126,0.38872122693026456,0.6234751213402702
733,SPRIS_av,0.882174962435497,0.28660576730042,0.5353557390188509
733,SMYTH_av,0.906932583644134,0.46515214648220665,0.682020634938714
733,SPAIS_av,0.8968908422787631,0.43766973309395024,0.6615661214829174
733,SATIS_av,0.8013103374722175,0.5428237623735216,0.7367657445711775
734,SMORE_av,0.8963937864256095,0.32803587524775757,0.5727441621245541
734,SPRIS_av,0.8363036860065596,0.28637255473648765,0.5351378838547012
734,SMYTH_av,0.8749688937175162,0.4861465587107401,0.6972421091061125
734,SPAIS_av,0.8746207271270976,0.4810081382341184,0.6935475025073037
734,SATIS_av,0.8738153084706659,0.3062757407997784,0.5534218470568165
735,SMORE_av,0.9107049524393651,0.3630515975831219,0.6025376316738416
735,SPRIS_av,0.8574816927780486,0.3440717441113659,0.5865762901033129
735,SMYTH_av,0.8911170968220414,0.44040767947055165,0.6636321868855908
735,SPAIS_av,0.8829046381299998,0.39495831872225656,0.6284570937798829
735,SATIS_av,0.8359412861046054,0.35896214007163263,0.5991344924736287
736,SMORE_av,0.9110320057767165,0.30346551829056667,0.550877044621181
736,SPRIS_av,0.8391256614986604,0.3378283650513297,0.5812300448629008
736,SMYTH_av,0.9130534972902291,0.37406862474998404,0.6116114982159705
736,SPAIS_av,0.8836145084271876,0.4114063325295966,0.6414096448679242
736,SATIS_av,0.8559665327775758,0.29288193079524877,0.5411856712767336
737,SMORE_av,0.9189858355229696,0.2708195139518201,0.5204032224648691
737,SPRIS_av,0.8361862877125382,0.3296718601521013,0.5741705845409545
737,SMYTH_av,0.88217925102985,0.45742565249361355,0.6763325014322568
737,SPAIS_av,0.8738877494051951,0.391808809724807,0.6259463313454333
737,SATIS_av,0.8687831953389188,0.2825683965589319,0.5315716288130246
738,SMORE_av,0.8876438006713374,0.4770941842583011,0.6907200476736585
738,SPRIS_av,0.8545250274278606,0.33982612355261776,0.5829460725938702
738,SMYTH_av,0.8813319167328455,0.5170755509608226,0.7190796555047448
738,SPAIS_av,0.8649115885631947,0.5399882399330752,0.7348389210793582
738,SATIS_av,0.8434472451710461,0.39928268926455873,0.6318881936423236
739,SMORE_av,0.8813265219828511,0.42728997587783357,0.6536742123396284
739,SPRIS_av,0.8574341821362741,0.3358437051990395,0.5795202370918893
739,SMYTH_av,0.9003830288431764,0.41802398001745106,0.6465477399368519
739,SPAIS_av,0.8803495369446727,0.40627743108637465,0.6373989575504299
739,SATIS_av,0.8596606948209036,0.3200241825103648,0.5657067990667646
740,SMORE_av,0.8986552165652316,0.3743809624773217,0.6118667849109982
740,SPRIS_av,0.8326782093794818,0.38916259801822195,0.6238289813869038
740,SMYTH_av,0.869342778354517,0.5497731276233481,0.741466875607635
740,SPAIS_av,0.884634301142528,0.48060623767400407,0.6932576993254413
740,SATIS_av,0.8357664818017252,0.4409813714503554,0.6640642826190514
741,SMORE_av,0.8869238208798722,0.35600401673384935,0.5966607216281706
741,SPRIS_av,0.8719872392979788,0.30474243691387226,0.5520348149472751
741,SMYTH_av,0.902319223057316,0.38290760368703375,0.6187952841506097
741,SPAIS_av,0.8586753504947447,0.49498941041728034,0.7035548382445255
741,SATIS_av,0.8299257057173717,0.3406798682654919,0.5836778805689761
742,SMORE_av,0.9075966155987039,0.3987990849660775,0.631505411668085
742,SPRIS_av,0.822080811535327,0.4284996948850422,0.6545988809072638
742,SMYTH_av,0.8787864533309615,0.47731874452489514,0.6908825837469744
742,SPAIS_av,0.848377259678916,0.5896718812342253,0.7679009579589189
742,SATIS_av,0.8651340356345848,0.3461047506035879,0.5883066807402308
743,SMORE_av,0.928555737224669,0.2884964102605873,0.5371186184266817
743,SPRIS_av,0.845513607638874,0.38842837862057944,0.6232402254512938
743,SMYTH_av,0.8958710974206603,0.4801540585479908,0.6929314962880464
743,SPAIS_av,0.8906056673623536,0.3895682095978723,0.6241539950988636
743,SATIS_av,0.8839307846976636,0.28065494148825,0.5297687622805349
744,SMORE_av,0.8764101336333798,0.44918951153383146,0.6702160185595623
744,SPRIS_av,0.8293120074779889,0.41340737151789425,0.6429676286702887
744,SMYTH_av,0.8775388930498182,0.5253793209809925,0.7248305463906668
744,SPAIS_av,0.8767374875270998,0.46098794863798614,0.6789609330719891
744,SATIS_av,0.8860606945242157,0.26978835536563195,0.5194115472008992
745,SMORE_av,0.9063290224283611,0.3674608371271424,0.6061854807953935
745,SPRIS_av,0.8343776915261275,0.3076054062008648,0.5546218587478001
745,SMYTH_av,0.870623134611789,0.48491374910849394,0.6963574865745998
745,SPAIS_av,0.817486112043873,0.5939337649515896,0.7706709835926026
745,SATIS_av,0.8362250502259702,0.3574899286371238,0.5979046149990179
746,SMORE_av,0.919238112588485,0.3428882686851886,0.5855666219015464
746,SPRIS_av,0.8649755953250852,0.33149324831671056,0.5757545035140503
746,SMYTH_av,0.8921870065045875,0.5082496660086595,0.7129163106625206
746,SPAIS_av,0.8734423182980868,0.5658228330197962,0.7522119601680075
746,SATIS_av,0.8629338754830032,0.38786281923084087,0.622786335134965
747,SMORE_av,0.9033664199892097,0.36818785507663243,0.6067848507309922
747,SPRIS_av,0.8354478940290799,0.3259342476682967,0.5709065139480339
747,SMYTH_av,0.8901778777848327,0.47497335710578414,0.6891831085464764
747,SPAIS_av,0.8783506165124441,0.47452706160420133,0.6888592465839457
747,SATIS_av,0.8943240002157115,0.27296815250946965,0.5224635417993008
748,SMORE_av,0.8566725953638891,0.42397679565407964,0.6511350057047153
748,SPRIS_av,0.8611794756988355,0.2946532467803918,0.5428197184889213
748,SMYTH_av,0.8872210986088143,0.4442149903943313,0.6664945539119815
748,SPAIS_av,0.8590715416045415,0.45667588565846545,0.6757779854793033
748,SATIS_av,0.835120913597506,0.29099102434903673,0.5394358389549555
749,SMORE_av,0.887675251938267,0.36141216551672223,0.6011756527976846
749,SPRIS_av,0.8249858346632395,0.36965498094824945,0.6079925829714121
749,SMYTH_av,0.8770556768587342,0.5556668673801816,0.7454306590020171
749,SPAIS_av,0.874973106603947,0.49076621239725415,0.7005470807856201
749,SATIS_av,0.8424700859234804,0.33116377906314054,0.5754683128228179
750,SMORE_av,0.9041054456431507,0.3214225637784329,0.5669414112396738
750,SPRIS_av,0.8901826943799352,0.26270522965816007,0.5125477828048426
750,SMYTH_av,0.8958113288672381,0.4160425433873359,0.6450135993816998
750,SPAIS_av,0.8606049958042399,0.4834667907189147,0.6953177624071707
750,SATIS_av,0.8400073330203425,0.3755207114823193,0.6127974473529727
751,SMORE_av,0.9028548544676326,0.4005834045552466,0.6329165857798693
751,SPRIS_av,0.8579009630052246,0.3781134327103163,0.6149092881964918
751,SMYTH_av,0.8891165459686462,0.4910797048648924,0.7007707933874616
751,SPAIS_av,0.8769549621697783,0.5068970973826521,0.7119670620068403
751,SATIS_av,0.8307950050689569,0.3698348873209019,0.6081405160987894
752,SMORE_av,0.9058379402652391,0.3079293536418755,0.5549138254196552
752,SPRIS_av,0.820308404404771,0.31192775000113815,0.5585049238826263
752,SMYTH_av,0.8933738362021915,0.4299961170774418,0.655740891722822
752,SPAIS_av,0.8791186608477055,0.42780428252771124,0.6540674908048184
752,SATIS_av,0.873645870072489,0.30762013157290047,0.5546351337346928
753,SMORE_av,0.8970164113946754,0.35054556263076186,0.5920688833495321
753,SPRIS_av,0.8782222974092592,0.2874436381666566,0.5361377044814668
753,SMYTH_av,0.8913177088667338,0.41028695198635795,0.6405364564069386
753,SPAIS_av,0.8768637186275325,0.5212436320747783,0.7219720438318774
753,SATIS_av,0.8704727798781835,0.30699607707467985,0.5540722670145835
754,SMORE_av,0.914923199336125,0.32322986879993026,0.5685330850530427
754,SPRIS_av,0.8555831496433017,0.3544410277835898,0.5953495005319059
754,SMYTH_av,0.876351390166338,0.5294392220900888,0.7276257431469071
754,SPAIS_av,0.8698072879960296,0.4671283967671248,0.6834679193401288
754,SATIS_av,0.8620056935023177,0.3239084970950143,0.5691295960455881
755,SMORE_av,0.8983976499811317,0.3860604362570942,0.6213376185755166
755,SPRIS_av,0.8512246035753906,0.3787593838042695,0.6154343050271649
755,SMYTH_av,0.8929335309085441,0.4158414074414775,0.6448576644822309
755,SPAIS_av,0.8850867243629007,0.38519341411456104,0.6206395202648322
755,SATIS_av,0.848563853722096,0.30431800983346025,0.5516502604308823
756,SMORE_av,0.9156042266000372,0.3539026480383532,0.5948971743405352
756,SPRIS_av,0.8780713450675844,0.2626447092394729,0.512488740597755
756,SMYTH_av,0.8964559480940427,0.3996434087724095,0.6321735590582775
756,SPAIS_av,0.8619217615476534,0.44350815424374246,0.6659640787938509
756,SATIS_av,0.8526224677767964,0.3086986499417996,0.5556065603840541
757,SMORE_av,0.8884280922797418,0.392785727528238,0.6267261982143701
757,SPRIS_av,0.8346449174796053,0.3838828477432643,0.6195828013617424
757,SMYTH_av,0.8532336992574262,0.579540592575424,0.7612756350858892
757,SPAIS_av,0.8899537131438059,0.4365181605994239,0.6606952100624189
757,SATIS_av,0.8933917467776064,0.27926065775495934,0.5284511876748498
758,SMORE_av,0.8859649795907779,0.36080254726734995,0.6006684170716402
758,SPRIS_av,0.8726954976895505,0.294956830716752,0.5430992825595998
758,SMYTH_av,0.9116750844713153,0.3303940673542998,0.5747991539262213
758,SPAIS_av,0.8458031326654525,0.5104847200972616,0.7144821342043912
758,SATIS_av,0.8635603669501761,0.3053573439753509,0.5525914801870826
759,SMORE_av,0.9155800582407019,0.35431195884276473,0.5952410930394211
759,SPRIS_av,0.8463137054955876,0.34787291207022475,0.589807521205202
759,SMYTH_av,0.8829547959229331,0.4958294945158056,0.7041516133019974
759,SPAIS_av,0.8486675309172816,0.575743631304367,0.7587777219346697
759,SATIS_av,0.8834849623282358,0.33616400824445525,0.5797965231393297
760,SMORE_av,0.8904619553119713,0.4160880034359684,0.6450488380238882
760,SPRIS_av,0.8507127765678004,0.36844529075580734,0.6069969446017066
760,SMYTH_av,0.9023808110333369,0.42255728485730765,0.6500440637813006
760,SPAIS_av,0.8851005564412491,0.4471757258746538,0.6687119902279709
760,SATIS_av,0.8605336493760956,0.3087369133763198,0.5556409932468265
761,SMORE_av,0.8879431807668852,0.452098167696048,0.6723824564160251
761,SPRIS_av,0.8051589608947043,0.3691455921444006,0.60757352817943
761,SMYTH_av,0.8816577674570842,0.4846416852782232,0.696162111349234
761,SPAIS_av,0.8584052725188498,0.5422022220362637,0.7363438205324084
761,SATIS_av,0.838832155544435,0.4345123094358365,0.6591754769678834
762,SMORE_av,0.8963307587301025,0.37708534631466667,0.614072753274941
762,SPRIS_av,0.8657576631416805,0.3426533990995807,0.5853660385601309
762,SMYTH_av,0.8832528194727562,0.5159437206116526,0.7182922250808876
762,SPAIS_av,0.8672778215895213,0.4027821538038372,0.63465120641486
762,SATIS_av,0.8491287282726996,0.3876818646248437,0.6226410399458453
763,SMORE_av,0.91761346591664,0.3355278014865033,0.579247616729239
763,SPRIS_av,0.8501752018588933,0.34595637207212454,0.5881805607737512
763,SMYTH_av,0.8913040415049679,0.467327935356005,0.6836138788497531
763,SPAIS_av,0.875503308995444,0.49689995401563947,0.7049113093259601
763,SATIS_av,0.8396768394832489,0.32698584780313306,0.5718267638045049
764,SMORE_av,0.8865855654095376,0.3914078820385595,0.6256259921379221
764,SPRIS_av,0.8594123996556191,0.29214884393786483,0.5405079499303085
764,SMYTH_av,0.9007641795280907,0.34827732985126736,0.5901502604009147
764,SPAIS_av,0.8894279180070995,0.42027984235774585,0.6482899369554843
764,SATIS_av,0.8325495194159024,0.326471822928888,0.5713771284614813
765,SMORE_av,0.9052839096169405,0.39243258881575166,0.626444402014857
765,SPRIS_av,0.8460663481975188,0.3512250921544492,0.5926424657029306
765,SMYTH_av,0.8869635002182803,0.5136340871248083,0.7166826962643986
765,SPAIS_av,0.8599396916954776,0.4347617217499508,0.6593646348947985
765,SATIS_av,0.8720501684911989,0.3333069609814809,0.577327429611205
766,SMORE_av,0.8964808426267065,0.4257079960071232,0.652463022712493
766,SPRIS_av,0.814163751400605,0.4114921578693574,0.6414765450656457
766,SMYTH_av,0.8874395229593555,0.5198142883494336,0.7209814757325139
766,SPAIS_av,0.8549685633220738,0.6053685577910759,0.7780543411556007
766,SATIS_av,0.8305614923771645,0.40564961896397606,0.6369062874269464
767,SMORE_av,0.9025667741342319,0.33781718964393975,0.5812204311996781
767,SPRIS_av,0.8504564045796498,0.3180775658635802,0.5639836574437066
767,SMYTH_av,0.8772812115125281,0.42541727942077273,0.6522402007088897
767,SPAIS_av,0.8576063335851921,0.531027118008894,0.7287160750312113
767,SATIS_av,0.8448792738614062,0.3549514313477026,0.5957780050888943
768,SMORE_av,0.8913495355943535,0.43372782499781193,0.6585801583693605
768,SPRIS_av,0.8325547704277256,0.3502170724355586,0.5917914095655314
768,SMYTH_av,0.8716416396372206,0.5326005393502492,0.7297948611426701
768,SPAIS_av,0.8748821331368621,0.5220765426627741,0.722548643803844
768,SATIS_av,0.824719461325406,0.40289837558972763,0.6347427633220624
769,SMORE_av,0.9086751437581898,0.3329962403503376,0.5770582642596306
769,SPRIS_av,0.8695220209382017,0.31764606268315154,0.5636009782489306
769,SMYTH_av,0.9100299743457393,0.4067520467955504,0.6377711555060721
769,SPAIS_av,0.8830281404243399,0.4640433964136965,0.6812073079567603
769,SATIS_av,0.8501740432083338,0.39459363267790354,0.6281668828248617
770,SMORE_av,0.9036535243168139,0.4091352661679936,0.6396368236491655
770,SPRIS_av,0.8560461947682172,0.3431931582232053,0.5858269012457564
770,SMYTH_av,0.8953379159255146,0.47923256512048035,0.6922662530562069
770,SPAIS_av,0.8417358812663642,0.5912319576604648,0.7689160927308419
770,SATIS_av,0.8590408535539328,0.31177622093611007,0.5583692514242793
771,SMORE_av,0.9019841580275966,0.3580216382832658,0.5983490939938538
771,SPRIS_av,0.8307371045699301,0.3856646713712639,0.6210190587826302
771,SMYTH_av,0.8867031296597698,0.5230855575069268,0.7232465399204664
771,SPAIS_av,0.8549511091272403,0.5503649160377703,0.7418658342569566
771,SATIS_av,0.8439476999852513,0.42111477496775934,0.6489335674533714
772,SMORE_av,0.8953309692030873,0.4307070607048634,0.6562827597193632
772,SPRIS_av,0.84914661394821,0.3984669274984212,0.6312423682694478
772,SMYTH_av,0.892689948125552,0.52048852004788,0.7214489032827481
772,SPAIS_av,0.8751445897955435,0.5134769688722494,0.7165730729466809
772,SATIS_av,0.8681642061311616,0.4050557608722083,0.6364399114387849
773,SMORE_av,0.8937242535779533,0.36039758789993714,0.6003312318211815
773,SPRIS_av,0.8129610532001528,0.3980456646145548,0.6309086024255454
773,SMYTH_av,0.8970966847368528,0.4247304152513926,0.6517134456579767
773,SPAIS_av,0.8696539198457129,0.4718729252943455,0.6869300730746511
773,SATIS_av,0.8861827097525331,0.26395545862764597,0.5137659570540325
774,SMORE_av,0.8994989177979832,0.4013811774312672,0.633546507709787
774,SPRIS_av,0.8735824505524616,0.23384374940498512,0.48357393375262187
774,SMYTH_av,0.894120321678937,0.49876297724935964,0.7062315323244635
774,SPAIS_av,0.8714728713928249,0.5801532108540357,0.7616778917981246
774,SATIS_av,0.8543067942127583,0.3937053294075141,0.6274594245108716
775,SMORE_av,0.8786300330931569,0.4298384805765241,0.6556206834569239
775,SPRIS_av,0.8276940887083214,0.4219156997059589,0.6495503827309771
775,SMYTH_av,0.8903887256260421,0.5140914916504458,0.7170017375505068
775,SPAIS_av,0.8339669599926888,0.5977632195036559,0.7731514854824091
775,SATIS_av,0.8183108677277247,0.3676883757150261,0.6063731324152036
776,SMORE_av,0.890735543822683,0.4467735715905742,0.6684112294019111
776,SPRIS_av,0.8714423521229001,0.29904349968701555,0.5468486990813963
776,SMYTH_av,0.8830924601853176,0.43663152754944073,0.6607809981752205
776,SPAIS_av,0.8479869660288808,0.5191721792960989,0.7205360360843162
776,SATIS_av,0.8449559054949709,0.44088549657796344,0.6639920907495536
777,SMORE_av,0.9209148087283174,0.3169243786493415,0.5629603704074928
777,SPRIS_av,0.8142779890113179,0.390246426655285,0.6246970679099471
777,SMYTH_av,0.909644833172879,0.43207138014320606,0.6573213674780443
777,SPAIS_av,0.8658926650562412,0.5606772704497553,0.7487838609704107
777,SATIS_av,0.9095959647944254,0.2338099267738361,0.48353896096781707
778,SMORE_av,0.8999704285831723,0.3546620031299173,0.5955350561721092
778,SPRIS_av,0.8562347195467921,0.30110555314120985,0.548730856742365
778,SMYTH_av,0.8977756867886382,0.47623213535960274,0.6900957436179438
778,SPAIS_av,0.870585293016875,0.4547127926258535,0.6743239522854378
778,SATIS_av,0.8599333332481476,0.31634818953480043,0.5624483883298097
779,SMORE_av,0.9066946549151907,0.3060189727191849,0.553189816174507
779,SPRIS_av,0.811333068014656,0.36449729200939873,0.6037361112351974
779,SMYTH_av,0.9044023379156775,0.37637305168010593,0.6134925033609668
779,SPAIS_av,0.8979004405793409,0.3553343235772662,0.5960992564810547
779,SATIS_av,0.8711075240092137,0.257905047034599,0.5078435261324092
780,SMORE_av,0.8988540404497596,0.3141919418389019,0.5605282703297862
780,SPRIS_av,0.8684516103683747,0.3081358621701524,0.5550998668439332
780,SMYTH_av,0.8677556822300588,0.4551496766127322,0.6746478167256841
780,SPAIS_av,0.8487440207742395,0.4662605611466684,0.6828327475646349
780,SATIS_av,0.8945786785130219,0.22956307916388738,0.4791274143313941
781,SMORE_av,0.892515401374369,0.3723373980990485,0.6101945575790139
781,SPRIS_av,0.8637773263548678,0.31358392202653307,0.5599856444825466
781,SMYTH_av,0.8846582662350558,0.4904320779716798,0.7003085591163939
781,SPAIS_av,0.8728302049391834,0.5847180827035503,0.7646686097281294
781,SATIS_av,0.8464175012099565,0.36801278160638373,0.6066405703597343
782,SMORE_av,0.9131518979275064,0.33289846363214354,0.5769735380692459
782,SPRIS_av,0.8673032692588863,0.3193910376832739,0.5651469169015026
782,SMYTH_av,0.8924587946978546,0.5118277410316397,0.7154213730604082
782,SPAIS_av,0.8795503479895665,0.4673868815303225,0.6836569911368731
782,SATIS_av,0.8948401784379101,0.28229608030335385,0.5313154244922256
783,SMORE_av,0.9061340930364775,0.3046770946311304,0.5519756286568551
783,SPRIS_av,0.835083724861936,0.34210232114639977,0.5848951368804495
783,SMYTH_av,0.8793627114991329,0.5030233929083993,0.7092414207506491
783,SPAIS_av,0.8485378140108139,0.4152936067926902,0.6444327791109715
783,SATIS_av,0.868369892518745,0.313389974371657,0.5598124457098619
784,SMORE_av,0.8807142418666586,0.47158569461755706,0.6867209728976952
784,SPRIS_av,0.8771300904106716,0.2900998005128111,0.5386091351924984
784,SMYTH_av,0.886696132811165,0.4694821272880837,0.6851876584470007
784,SPAIS_av,0.8588585269381169,0.4435342911172528,0.6659837018405577
784,SATIS_av,0.8727384187021943,0.30667804636410506,0.5537851987586027
785,SMORE_av,0.9016586469161151,0.3542211830813498,0.5951648368992827
785,SPRIS_av,0.8592519418564191,0.31294739933907095,0.5594170173842328
785,SMYTH_av,0.8856421128639922,0.4194730654342058,0.6476674034056414
785,SPAIS_av,0.8989502453608508,0.30339328036198365,0.5508114744283961
785,SATIS_av,0.8561118435877373,0.3400133908219535,0.5831066719065676
786,SMORE_av,0.875792609699957,0.42934404263337644,0.6552434987341549
786,SPRIS_av,0.8441250067520908,0.39893779799685175,0.63161522938958
786,SMYTH_av,0.9062039339332202,0.38848350425687694,0.6232844489130761
786,SPAIS_av,0.8811877045823693,0.45138756565896937,0.6718538275986595
786,SATIS_av,0.8314224194248595,0.38377798600605284,0.6194981727221258
787,SMORE_av,0.8721393546889962,0.40715466546426904,0.6380867225262323
787,SPRIS_av,0.8439341588372731,0.3286825611177001,0.5733084345426117
787,SMYTH_av,0.868073612647036,0.5357384005529032,0.7319415280969535
787,SPAIS_av,0.8592130702629006,0.39561631308095596,0.6289803757518639
787,SATIS_av,0.8368270305667371,0.35547542196692383,0.596217596156742
788,SMORE_av,0.9038589702748272,0.3461220640710609,0.5883213952178358
788,SPRIS_av,0.833748846604601,0.3732492329979852,0.6109412680429971
788,SMYTH_av,0.8997839723504752,0.4102576929231146,0.6405136165009411
788,SPAIS_av,0.8613267942288929,0.5395978166325216,0.7345732207428485
788,SATIS_av,0.8534849781180576,0.306122074611463,0.5532829968573614
789,SMORE_av,0.9143077769320209,0.2741931766084276,0.5236345830905629
789,SPRIS_av,0.8574492810706421,0.34352963376556384,0.586114010893413
789,SMYTH_av,0.8795525724349872,0.48469843533746104,0.696202869383243
789,SPAIS_av,0.8727868589937788,0.44335648574468045,0.6658501976756337
789,SATIS_av,0.8826893060493463,0.23906472329240525,0.48894245396815894
790,SMORE_av,0.8935917583418922,0.39037618005950425,0.6248009123388859
790,SPRIS_av,0.843593974826885,0.358542275698975,0.5987839975308082
790,SMYTH_av,0.905580917402103,0.3834985887009049,0.6192726287354423
790,SPAIS_av,0.8784517286949886,0.4368985085241246,0.6609829865617757
790,SATIS_av,0.8443902734853522,0.3291863425951991,0.5737476297076957
791,SMORE_av,0.9098047717168852,0.32112563897873664,0.5666794852284108
791,SPRIS_av,0.8548532187218427,0.30124658954254413,0.5488593531521023
791,SMYTH_av,0.8610107759385308,0.5489766103215559,0.7409295582722799
791,SPAIS_av,0.8325446447600223,0.5892187496977089,0.7676058556952968
791,SATIS_av,0.8846165393314039,0.27235857731641505,0.5218798495021771
792,SMORE_av,0.8955969904871038,0.3924118892340878,0.6264278803135185
792,SPRIS_av,0.8373170020128978,0.3944409960763205,0.6280453774022388
792,SMYTH_av,0.8753459148194647,0.5242452206352596,0.7240478027280102
792,SPAIS_av,0.8927304890690465,0.4404671522917918,0.6636769939449398
792,SATIS_av,0.8604560697795122,0.37341212125560325,0.6110745627626822
793,SMORE_av,0.903297297755321,0.3388419707674777,0.5821013406336372
793,SPRIS_av,0.8649875643662189,0.276780326827811,0.5260991606416142
793,SMYTH_av,0.8776656326555189,0.5116471801693128,0.7152951699608441
793,SPAIS_av,0.850121232515185,0.50864949434971,0.7131966729799782
793,SATIS_av,0.8335372495677154,0.351218134030894,0.5926365952511657
794,SMORE_av,0.88711257215788,0.41935025334488557,0.6475725853870634
794,SPRIS_av,0.8425884157387545,0.3515012336670963,0.5928753947222775
794,SMYTH_av,0.9073922756979756,0.3913530400773535,0.6255821609328015
794,SPAIS_av,0.8707186803930743,0.4295274483933981,0.6553834361603885
794,SATIS_av,0.8307679771233638,0.35678792124615083,0.5973172701723523
795,SMORE_av,0.90247447246454,0.3876592473834528,0.6226228773370385
795,SPRIS_av,0.8454709825896531,0.337106768469754,0.5806089634769291
795,SMYTH_av,0.8580891523861766,0.5465941643934065,0.7393200689778456
795,SPAIS_av,0.8811042724157923,0.46967115054861625,0.6853255799608068
795,SATIS_av,0.8743843030553169,0.29632261524833897,0.5443552289161361
796,SMORE_av,0.9076049263905481,0.3750952537203628,0.6124502050945553
796,SPRIS_av,0.8470004526209689,0.351388960480508,0.5927807018455543
796,SMYTH_av,0.8739882318466428,0.5755805370750422,0.7586702426450125
796,SPAIS_av,0.8783040957534145,0.45090345764245,0.6714934531642509
796,SATIS_av,0.8902275802233445,0.31446749032129123,0.5607740100265803
797,SMORE_av,0.9129021737802878,0.3460402055129463,0.5882518215126463
797,SPRIS_av,0.8311958136212974,0.343907061311862,0.5864358970184738
797,SMYTH_av,0.8906032907314172,0.4323543195388752,0.6575365537663098
797,SPAIS_av,0.8608029682880485,0.47892732199469606,0.6920457513739219
797,SATIS_av,0.8991183799651739,0.2702769351271775,0.5198816549246352
798,SMORE_av,0.9084955493698336,0.3596612933502236,0.5997176780371107
798,SPRIS_av,0.8705660558662778,0.33161551749033574,0.5758606754157951
798,SMYTH_av,0.8839052644842913,0.4983353622596739,0.7059287232147973
798,SPAIS_av,0.878139661583241,0.5341845723659093,0.730879314501313
798,SATIS_av,0.8708345485364716,0.36186489107472203,0.6015520684651678
799,SMORE_av,0.8906263855422513,0.4116377576052581,0.6415900229938571
799,SPRIS_av,0.87857381995611,0.3179304670266459,0.563853231813604
799,SMYTH_av,0.8949832110619873,0.4445629051984473,0.6667555063128068
799,SPAIS_av,0.8877795684647023,0.3502685068326472,0.5918348644957031
799,SATIS_av,0.8244709740261911,0.33319966516104216,0.5772344975493428
800,SMORE_av,0.9118917096464239,0.3258322895755562,0.5708172120526467
800,SPRIS_av,0.8496356468040847,0.32175446947872227,0.5672340517623411
800,SMYTH_av,0.9017488244168497,0.42704436795324785,0.6534863181071566
800,SPAIS_av,0.8765699041246393,0.45859614016900974,0.6771972682823002
800,SATIS_av,0.8533183064555128,0.40300266448983396,0.6348249085297725
801,SMORE_av,0.9225501428606934,0.308618748512836,0.5555346510460315
801,SPRIS_av,0.830520767794399,0.35338909794945894,0.5944653883528115
801,SMYTH_av,0.8917232954149568,0.47512376198482864,0.6892922181374375
801,SPAIS_av,0.8767362333212396,0.51693536711294,0.718982174405555
801,SATIS_av,0.8907518901134739,0.2787761311154272,0.5279925483521781
802,SMORE_av,0.9122543449941302,0.30570991783961526,0.5529104067022208
802,SPRIS_av,0.8612969365268669,0.28550981062009656,0.5343311806549348
802,SMYTH_av,0.9151868039801949,0.36598952216102637,0.6049706787613978
802,SPAIS_av,0.9048688867544957,0.36561306204114996,0.604659459564762
802,SATIS_av,0.8805390484897558,0.27297775522880563,0.5224727315648211
803,SMORE_av,0.8979576682664099,0.3561916389259686,0.5968179277853244
803,SPRIS_av,0.8405518429342974,0.41009691983103114,0.6403881009442877
803,SMYTH_av,0.9012130665029623,0.35954531830355235,0.5996209788721142
803,SPAIS_av,0.8808828978398218,0.37388784848153445,0.611463693510526
803,SATIS_av,0.8457724202491793,0.3369499813473765,0.580473928223634
804,SMORE_av,0.8823943004670632,0.3163239977645403,0.562426882149618
804,SPRIS_av,0.852105006400828,0.3601882146581318,0.600156825053362
804,SMYTH_av,0.8486877061832331,0.5313834899189408,0.7289605544327764
804,SPAIS_av,0.8742076835052799,0.3924914398580474,0.6264913725328126
804,SATIS_av,0.8300816170607999,0.3292526615428297,0.5738054213257572
805,SMORE_av,0.9166616931099244,0.29654321595642114,0.5445578169087476
805,SPRIS_av,0.8937669230940202,0.2677966682788384,0.5174907422155863
805,SMYTH_av,0.885388646873377,0.46647656111953895,0.6829908938774653
805,SPAIS_av,0.8538746660330833,0.495387432353707,0.7038376463032558
805,SATIS_av,0.8608161317019737,0.28033284869938785,0.5294646812577661
806,SMORE_av,0.9173941026869481,0.30720953313436533,0.5542648582892166
806,SPRIS_av,0.871887369401612,0.32839237132277976,0.5730552951703525
806,SMYTH_av,0.8925062779895995,0.5065688946977808,0.7117365346093881
806,SPAIS_av,0.8570520111460025,0.5043268579208526,0.7101597411293128
806,SATIS_av,0.8765991972787047,0.2812733818354323,0.5303521300376122
807,SMORE_av,0.9105573334291485,0.3434851220924873,0.5860760378077978
807,SPRIS_av,0.7981284510470124,0.36095131401063213,0.6007922386404739
807,SMYTH_av,0.9044669297855401,0.43253128278875674,0.657671105332108
807,SPAIS_av,0.8574547493164557,0.5431855719815786,0.7370112427782758
807,SATIS_av,0.8549765655353286,0.3189964732252865,0.5647977277090326
808,SMORE_av,0.8974355483680552,0.35392558061865437,0.5949164484351179
808,SPRIS_av,0.818959007014968,0.3486780237598104,0.5904896474620113
808,SMYTH_av,0.9083514698710039,0.41276823856949485,0.6424704184392421
808,SPAIS_av,0.8890441560941267,0.5051160687097141,0.7107151811448199
808,SATIS_av,0.8784335579993685,0.28869877063784843,0.5373069612780468
809,SMORE_av,0.9126637468555745,0.32021057011542176,0.5658715137868505
809,SPRIS_av,0.8567325579892596,0.3223207916817562,0.5677330285281597
809,SMYTH_av,0.8818756606428233,0.4296418471099231,0.6554707065231238
809,SPAIS_av,0.865871483124347,0.4432270216525488,0.6657529734462692
809,SATIS_av,0.8346660366462497,0.34724256280697746,0.5892729102945234
810,SMORE_av,0.8968319593705334,0.37776692958576774,0.6146274722022826
810,SPRIS_av,0.8368936400022027,0.30194188953029294,0.5494923926045682
810,SMYTH_av,0.9079585359748741,0.41487121297614415,0.6441049704637779
810,SPAIS_av,0.8560936611174339,0.45608289280695696,0.6753390946827801
810,SATIS_av,0.8593901236273549,0.31046724471731446,0.557195876436029
811,SMORE_av,0.9106537749265073,0.3101736004859031,0.5569323123018659
811,SPRIS_av,0.8729829390398262,0.280733421756549,0.5298428274087977
811,SMYTH_av,0.9023358242598452,0.48969442766838367,0.6997817000096413
811,SPAIS_av,0.8374470341534803,0.547482402624556,0.7399205380475365
811,SATIS_av,0.8592524937768813,0.2945421147799147,0.5427173433564794
812,SMORE_av,0.8953128371737907,0.4662723892137952,0.682841408537733
812,SPRIS_av,0.8572432816572376,0.3362341937412596,0.5798570459529311
812,SMYTH_av,0.8821116235045043,0.5209136835896504,0.7217435026307133
812,SPAIS_av,0.8796926500751259,0.5845215771551809,0.7645401082710971
812,SATIS_av,0.8517823394146501,0.4277067289530112,0.6539929120051771
813,SMORE_av,0.9107418186823729,0.32877461649322054,0.5733887132593565
813,SPRIS_av,0.8537588458679324,0.368132135118115,0.6067389348954911
813,SMYTH_av,0.8798169317364812,0.4963360414169554,0.7045112074459535
813,SPAIS_av,0.8734778638900261,0.40951560374866475,0.6399340620319134
813,SATIS_av,0.8614948382313333,0.31029553225443823,0.5570417688597851
814,SMORE_av,0.882402814891324,0.3971434120878886,0.6301931545866621
814,SPRIS_av,0.8717315039218336,0.336533619187581,0.5801151775187243
814,SMYTH_av,0.8985939063328245,0.43622652533808226,0.6604744698609344
814,SPAIS_av,0.9108986691703156,0.31022894362200437,0.5569819957790416
814,SATIS_av,0.8571705336944658,0.30810113395795324,0.5550685849135701
815,SMORE_av,0.8972966568337181,0.41620456784647286,0.645139184863602
815,SPRIS_av,0.8296258267533565,0.3359233919746392,0.5795889853807086
815,SMYTH_av,0.87592464178244,0.5013626597380471,0.7080696715281958
815,SPAIS_av,0.886247370904619,0.4394066048118734,0.6628775187105634
815,SATIS_av,0.8664405611555258,0.3278058941385013,0.5725433556845292
816,SMORE_av,0.89631332293401,0.3572371923685981,0.5976932259684713
816,SPRIS_av,0.8490657082107067,0.3004078750436035,0.5480947683052663
816,SMYTH_av,0.9127430812923519,0.3924661467867502,0.6264711859189935
816,SPAIS_av,0.8718532847179903,0.5103618544567718,0.7143961467258707
816,SATIS_av,0.8510651976380821,0.3061310958865987,0.5532911492935693
817,SMORE_av,0.9059819669133098,0.3676579780292195,0.6063480667316583
817,SPRIS_av,0.8323112784988601,0.39993242520239447,0.6324021072090087
817,SMYTH_av,0.9138040748772617,0.4178075091201354,0.6463803130666461
817,SPAIS_av,0.8866785400723711,0.43050808636202514,0.6561311502756328
817,SATIS_av,0.8480601701127318,0.333663863035676,0.5776364453838383
818,SMORE_av,0.9098929799805869,0.3577559463870855,0.5981270319815729
818,SPRIS_av,0.8791317108980223,0.26430701516248467,0.5141079800610808
818,SMYTH_av,0.9040976139519612,0.49894405531079183,0.7063597209006129
818,SPAIS_av,0.8923576195014356,0.40758468435394785,0.6384235931996466
818,SATIS_av,0.8841322875134717,0.30812666625527446,0.5550915836646008
819,SMORE_av,0.8897287493041296,0.4346412899967073,0.6592733044775189
819,SPRIS_av,0.818635446419747,0.3731015922773028,0.6108204255567284
819,SMYTH_av,0.8883440375376621,0.5206574101973127,0.7215659430691783
819,SPAIS_av,0.8934239940535351,0.4636640453074191,0.6809288107485386
819,SATIS_av,0.8665152687588872,0.3361540235802101,0.5797879125854644
820,SMORE_av,0.9099890348626682,0.37088262092730406,0.6090013308091404
820,SPRIS_av,0.8383460572422565,0.3422124160435453,0.584989244382788
820,SMYTH_av,0.8903197426453678,0.4350496168572303,0.6595829112835098
820,SPAIS_av,0.8751378430909373,0.4008531523181468,0.633129648901508
820,SATIS_av,0.8785696313067229,0.31877801262527505,0.5646042973847039
821,SMORE_av,0.8829810340315927,0.4258902145914426,0.652602646785502
821,SPRIS_av,0.8489005130780155,0.2829291256970048,0.5319108249481344
821,SMYTH_av,0.8721121964891252,0.49594441173229387,0.7042332083424452
821,SPAIS_av,0.847191898371259,0.4883565822156337,0.6988251442354043
821,SATIS_av,0.827320355264787,0.3264361455722785,0.5713459071108137
822,SMORE_av,0.8819018963248038,0.39701034263686114,0.6300875674355598
822,SPRIS_av,0.8830892176672572,0.2327702336302859,0.48246267589346836
822,SMYTH_av,0.8784994414713394,0.4790709782521957,0.6921495346037557
822,SPAIS_av,0.8760881815541081,0.4606186265293432,0.678688902612488
822,SATIS_av,0.8720661990621809,0.27890000852434127,0.5281098451310496
823,SMORE_av,0.9071293119386471,0.3323888980197772,0.5765317840499145
823,SPRIS_av,0.8609096638550184,0.3560087557381197,0.5966646928871522
823,SMYTH_av,0.9055755854926557,0.3922161881384003,0.6262716568218621
823,SPAIS_av,0.8815701898193533,0.46868802072490023,0.6846079321223939
823,SATIS_av,0.8741647978537455,0.3270375296371147,0.5718719521336176
824,SMORE_av,0.8793595598772905,0.48887795775592896,0.6991980819166547
824,SPRIS_av,0.8463911363649891,0.28351189715911945,0.5324583525113673
824,SMYTH_av,0.8902553202452824,0.4600699881036773,0.6782845922646904
824,SPAIS_av,0.8848406021916019,0.4418913473355381,0.6647490859982721
824,SATIS_av,0.8371306505693729,0.342361011709573,0.5851162377763696
825,SMORE_av,0.8943939662155573,0.3798085333686068,0.6162860807844087
825,SPRIS_av,0.8677174133108547,0.33338478082372974,0.5773948223042269
825,SMYTH_av,0.8854549468959706,0.5092304480478715,0.7136038453146616
825,SPAIS_av,0.8927176014415377,0.3855863176070818,0.6209559707475899
825,SATIS_av,0.8652129497836544,0.31003943464045364,0.5568118485093988
826,SMORE_av,0.8929029198167115,0.4334052715546643,0.6583352273383708
826,SPRIS_av,0.8257784292105307,0.3556486016054166,0.5963628103809095
826,SMYTH_av,0.8993073410650161,0.4467380181354569,0.6683846333777108
826,SPAIS_av,0.8729484189748298,0.48708376347454085,0.6979138653691735
826,SATIS_av,0.8561155004270321,0.3568014541002393,0.5973285980934107
827,SMORE_av,0.9230018722350661,0.3207160581269045,0.5663179832275367
827,SPRIS_av,0.8102739068845358,0.38379105801965785,0.619508723118293
827,SMYTH_av,0.8859271385155545,0.5039396294807854,0.7098870540309813
827,SPAIS_av,0.8830959096036805,0.4393037784777022,0.6627999535890917
827,SATIS_av,0.8674111406667526,0.31611661462327156,0.562242487387134
828,SMORE_av,0.8953737015053432,0.3486459354702822,0.5904624759205975
828,SPRIS_av,0.8368324720320328,0.32190354674115984,0.5673654437319564
828,SMYTH_av,0.8749035806262986,0.47380746984103467,0.6883367416032902
828,SPAIS_av,0.8904250171168381,0.4130285585358744,0.6426729794661312
828,SATIS_av,0.87212948016179,0.30561950204838534,0.5528286371457121
829,SMORE_av,0.9128660911670267,0.32757795522229627,0.5723442628543561
829,SPRIS_av,0.8522879699999268,0.3083213261849922,0.5552668963525488
829,SMYTH_av,0.8969514174066079,0.4992600320073554,0.7065833510686162
829,SPAIS_av,0.8596216708491033,0.5410543016226084,0.7355639344221605
829,SATIS_av,0.8397042755829265,0.39731167230968367,0.6303266393780955
830,SMORE_av,0.9157981901544642,0.30670056417614594,0.5538055292032988
830,SPRIS_av,0.843077478775628,0.32157492960535183,0.5670757706033223
830,SMYTH_av,0.8778400576716949,0.4372451270166252,0.6612451338320949
830,SPAIS_av,0.8713126739050678,0.3858135005341638,0.6211388737908486
830,SATIS_av,0.8907862704312473,0.2569504600688223,0.5069028112654558
831,SMORE_av,0.9136976208361197,0.34079850616492274,0.5837795013229933
831,SPRIS_av,0.8301836927689894,0.31530401747891573,0.5615193829948488
831,SMYTH_av,0.9131068596943084,0.39687858685105254,0.6299830052081187
831,SPAIS_av,0.8912250658264551,0.429658438474701,0.6554833624697891
831,SATIS_av,0.8832544488386966,0.2406558376850784,0.49056685343088396
832,SMORE_av,0.9202197851630787,0.3454917306807406,0.5877854461287219
832,SPRIS_av,0.8656364941017085,0.32558699339879643,0.5706023075652572
832,SMYTH_av,0.9087230217600251,0.5011396569003154,0.7079121816301196
832,SPAIS_av,0.876213825563333,0.5160135185323141,0.7183408094576794
832,SATIS_av,0.8917663491713466,0.2951016014332321,0.5432325482086213
833,SMORE_av,0.9096356564997647,0.35037846451622934,0.5919277527842645
833,SPRIS_av,0.8431073963715143,0.38287238102834414,0.6187668228245146
833,SMYTH_av,0.8986142703170308,0.4630676497029673,0.6804907418201716
833,SPAIS_av,0.891135166179821,0.40152092493881925,0.6336567879687073
833,SATIS_av,0.8775667284038071,0.2761036572747407,0.525455666326609
834,SMORE_av,0.902851265684578,0.3566222093681015,0.597178540612522
834,SPRIS_av,0.8333780451202163,0.3429376048234624,0.5856087472224629
834,SMYTH_av,0.903423924933763,0.43692029335686317,0.6609994654739617
834,SPAIS_av,0.8512631931093252,0.5271158985930509,0.7260274778498751
834,SATIS_av,0.8438191584992971,0.3568639794731804,0.5973809333023447
835,SMORE_av,0.915471672194031,0.375584718940262,0.6128496707515327
835,SPRIS_av,0.819443123525152,0.4241813782634641,0.6512920836794073
835,SMYTH_av,0.897011582428834,0.5503151763442725,0.741832310124244
835,SPAIS_av,0.8842513650421561,0.5010145368258435,0.7078238035174033
835,SATIS_av,0.8529931175839455,0.34726162440194835,0.5892890838985128
836,SMORE_av,0.9120380292522913,0.34906765920786,0.5908194810666453
836,SPRIS_av,0.8446175379955084,0.32835978178369163,0.5730268595656679
836,SMYTH_av,0.8800183175925633,0.5196470122044777,0.7208654605434205
836,SPAIS_av,0.8736644649255709,0.4916674883993822,0.7011900515547709
836,SATIS_av,0.8662037320396947,0.2904047692685529,0.5388921684980706
837,SMORE_av,0.8937683708393249,0.43554878249167717,0.6599611977167121
837,SPRIS_av,0.8409269009069539,0.3624237043522865,0.6020163655186515
837,SMYTH_av,0.8886018937296953,0.4890664519931901,0.6993328620858525
837,SPAIS_av,0.8565780140948217,0.5020931047702892,0.7085852840486382
837,SATIS_av,0.8644925878148146,0.282835649081267,0.5318229489983175
838,SMORE_av,0.900322812515512,0.3956209721745436,0.6289840794285206
838,SPRIS_av,0.8465827618397953,0.3215845020475256,0.5670842107196475
838,SMYTH_av,0.8923423004937268,0.5064526325035014,0.7116548549005349
838,SPAIS_av,0.8864530037745614,0.47392609756413323,0.6884229060425961
838,SATIS_av,0.8912437146976919,0.2630858685170473,0.5129189687631442
839,SMORE_av,0.907042707989375,0.31271861759739183,0.5592124977120878
839,SPRIS_av,0.8539201822891613,0.3250842228791607,0.5701615761160697
839,SMYTH_av,0.856893520381711,0.4741325015142161,0.6885728004461228
839,SPAIS_av,0.8672945244586469,0.4652603183964512,0.6820999328518155
839,SATIS_av,0.8617086677450272,0.3072478737179918,0.5542994440895569
840,SMORE_av,0.9113437163436539,0.34959296456225764,0.5912638705030586
840,SPRIS_av,0.8723403809201663,0.2986377718162189,0.5464776041305068
840,SMYTH_av,0.900755869112891,0.47437565386371155,0.6887493403726145
840,SPAIS_av,0.84226881380763,0.5462914479648606,0.7391153143893452
840,SATIS_av,0.8344279774786436,0.36299154198962313,0.6024877940586209
841,SMORE_av,0.9038066643687694,0.34915547274370085,0.5908937914242295
841,SPRIS_av,0.8454696368282189,0.32143154963925485,0.5669493360426969
841,SMYTH_av,0.9212291275596397,0.35921618389402704,0.5993464639872559
841,SPAIS_av,0.875300305163546,0.44106374433798107,0.6641263014954166
841,SATIS_av,0.8440246616696331,0.31458029353817707,0.560874579151326
842,SMORE_av,0.8835492481719267,0.3852112719079214,0.6206539067047926
842,SPRIS_av,0.8665435445697665,0.2877551844554355,0.5364281726899096
842,SMYTH_av,0.8922316148618548,0.4207327568735653,0.6486391576782621
842,SPAIS_av,0.884764908243594,0.40498391365525793,0.6363834643163333
842,SATIS_av,0.844177546680563,0.33005559450273797,0.5745046514195842
843,SMORE_av,0.9161355135561298,0.34158597970959226,0.5844535736135011
843,SPRIS_av,0.8409252262318629,0.3147763767779513,0.561049353246175
843,SMYTH_av,0.9267634484109393,0.3698291244749767,0.6081357779928563
843,SPAIS_av,0.8892392425276304,0.4226821943491871,0.6501401343934914
843,SATIS_av,0.8821214141471583,0.2846332419284099,0.5335103016141393
844,SMORE_av,0.9218793596394887,0.2890015454464671,0.5375886396181258
844,SPRIS_av,0.9017810193391281,0.23185305807203618,0.48151122320464784
844,SMYTH_av,0.8938588725377691,0.4416697422123924,0.6645823818101052
844,SPAIS_av,0.8949808896039907,0.48700667647808626,0.6978586364573317
844,SATIS_av,0.8950257101666336,0.2853785816391604,0.5342083691212264
845,SMORE_av,0.9127699986655288,0.36381815295691244,0.6031734020635463
845,SPRIS_av,0.8908686242090311,0.25952370800738034,0.5094346945462003
845,SMYTH_av,0.918029732476865,0.38031876175136964,0.6166998960202358
845,SPAIS_av,0.8888550682046977,0.46739064644859546,0.6836597446453868
845,SATIS_av,0.8822998154125637,0.3200990233670471,0.5657729432970855
846,SMORE_av,0.9242622530129906,0.32434232354582754,0.5695106000293827
846,SPRIS_av,0.840100554653399,0.3180174924280073,0.5639303967937952
846,SMYTH_av,0.8996337029720884,0.482968197203701,0.6949591334774304
846,SPAIS_av,0.8848121098442628,0.505491248195796,0.7109790771856764
846,SATIS_av,0.8299290511884563,0.4197053681744784,0.6478467165730474
847,SMORE_av,0.8841582855551339,0.4555938787402141,0.6749769468213075
847,SPRIS_av,0.8849471204781951,0.25110844913942715,0.5011072231962209
847,SMYTH_av,0.9053452119748602,0.3449365192289784,0.5873129653166005
847,SPAIS_av,0.8872883744890462,0.4234240418573101,0.6507104132079877
847,SATIS_av,0.8550801110478595,0.37087188168930785,0.608992513656209
848,SMORE_av,0.8987922519203333,0.49091893257233077,0.700656072957575
848,SPRIS_av,0.8574438173516004,0.3428037964428834,0.5854944888236638
848,SMYTH_av,0.8809688684008863,0.5339663028748275,0.7307299794553577
848,SPAIS_av,0.8778702599340981,0.5337402859059601,0.7305753115907765
848,SATIS_av,0.8410504010012863,0.5116241218606151,0.7152790517417766
849,SMORE_av,0.9263335460587627,0.29708145338194414,0.545051789632824
849,SPRIS_av,0.8577039087700774,0.37736238264847327,0.6142982847513684
849,SMYTH_av,0.9146611743151536,0.44653161255926155,0.6682302092537133
849,SPAIS_av,0.8844396004422359,0.5319059724335947,0.7293188414086083
849,SATIS_av,0.8751174638726981,0.3795595415307712,0.6160840377178841
850,SMORE_av,0.9240684624267888,0.32839262838922795,0.5730555194649363
850,SPRIS_av,0.8576227675259799,0.37759848246998773,0.614490425043375
850,SMYTH_av,0.9041580374816313,0.48398896140371506,0.6956931517585285
850,SPAIS_av,0.884204351946978,0.4044912106024385,0.6359962347391991
850,SATIS_av,0.8702869090574789,0.36654463481514366,0.6054292979491029
851,SMORE_av,0.9030597758779771,0.3499854453749418,0.5915956772787828
851,SPRIS_av,0.8654062616344933,0.31840574820953377,0.564274532660773
851,SMYTH_av,0.8884638508488851,0.4879880026037732,0.6985613806987709
851,SPAIS_av,0.8830167123961216,0.425705938609622,0.6524614460714303
851,SATIS_av,0.8588819033155974,0.2981905701858134,0.5460682834461396
852,SMORE_av,0.8894404480236061,0.40040070448487625,0.6327722374479432
852,SPRIS_av,0.850511683928046,0.36886721829793906,0.6073443984247645
852,SMYTH_av,0.9087465954918426,0.3985987643702243,0.6313467861407266
852,SPAIS_av,0.8977486325579858,0.3720732857380502,0.6099781026709485
852,SATIS_av,0.8737170550035638,0.319567897981485,0.5653033680967106
853,SMORE_av,0.9083978106330299,0.3149514922195318,0.5612053921867927
853,SPRIS_av,0.8083750527850099,0.32382273996645144,0.5690542504598761
853,SMYTH_av,0.8874272501197672,0.457321993284451,0.6762558637708445
853,SPAIS_av,0.866318885949455,0.43032528247313867,0.655991831102445
853,SATIS_av,0.8684963577721777,0.3340319245121713,0.5779549502445422
854,SMORE_av,0.9093659502249805,0.34598799260135554,0.5882074401105069
854,SPRIS_av,0.8378666932434042,0.3398506267611442,0.5829670889176713
854,SMYTH_av,0.8722668469142865,0.5239160344956787,0.7238204435463803
854,SPAIS_av,0.8537006090987571,0.498050086926145,0.7057266375347787
854,SATIS_av,0.8760050679583492,0.2808836670301332,0.5299845913138732
855,SMORE_av,0.8786631613462906,0.4460342188910357,0.6678579331647081
855,SPRIS_av,0.8324720496355033,0.38214904169960384,0.6181820457596644
855,SMYTH_av,0.8863095652425506,0.48311946837772535,0.6950679595390118
855,SPAIS_av,0.8566009798085485,0.5662710463714338,0.752509831411812
855,SATIS_av,0.8407069604485393,0.3627285282192232,0.6022694813945193
856,SMORE_av,0.9217494057944199,0.33425523820855624,0.5781481109616776
856,SPRIS_av,0.8523273266568037,0.3235528327263096,0.5688170467965158
856,SMYTH_av,0.8980807407805794,0.4042355179272581,0.6357951855175203
856,SPAIS_av,0.8276132638469937,0.5270405223181588,0.7259755659236465
856,SATIS_av,0.872420794066731,0.32155167209711666,0.5670552637063839
857,SMORE_av,0.9069382061768757,0.3851951315122905,0.6206409038343271
857,SPRIS_av,0.8553733924913036,0.3716039624355791,0.6095932762388206
857,SMYTH_av,0.9109179745016919,0.3997537681911363,0.6322608387296625
857,SPAIS_av,0.8854295693679648,0.44995061343650244,0.6707835816688588
857,SATIS_av,0.8540313761528957,0.2925209897917524,0.5408520960408237
858,SMORE_av,0.9103914965624117,0.347593415960483,0.5895705351868281
858,SPRIS_av,0.8574385346807673,0.2962858453765795,0.544321454084422
858,SMYTH_av,0.9020625883233103,0.4358599604821233,0.6601969103851693
858,SPAIS_av,0.8822158514236595,0.4498534348952044,0.670711141174205
858,SATIS_av,0.8540944216077588,0.3506069361457444,0.5921207107894001
859,SMORE_av,0.8838514988368807,0.38935914856418097,0.6239864971008435
859,SPRIS_av,0.8503156086809472,0.29113447795565406,0.5395687889005942
859,SMYTH_av,0.8698231663448248,0.5348174041178818,0.7313121112889365
859,SPAIS_av,0.8670454247294272,0.5118153673035588,0.7154127251479099
859,SATIS_av,0.8601369909807884,0.32950887649770216,0.5740286373498296
860,SMORE_av,0.9080976860813099,0.35290488544776993,0.5940579815537957
860,SPRIS_av,0.8431197736201141,0.3514977006965155,0.5928724151927761
860,SMYTH_av,0.8959127084346151,0.43853983664698415,0.6622234038804308
860,SPAIS_av,0.878861677530889,0.444697435802746,0.6668563831911231
860,SATIS_av,0.8243650730916025,0.39967754787570414,0.632200559850831
861,SMORE_av,0.8993138357517426,0.3920674933914874,0.6261529313127004
861,SPRIS_av,0.8556359161539133,0.3493298931363286,0.5910413633040658
861,SMYTH_av,0.8729181241724455,0.6620929582882019,0.8136909476503975
861,SPAIS_av,0.8374466953355943,0.725003994133716,0.8514716637291672
861,SATIS_av,0.8491802430600053,0.4029918953212862,0.6348164264740526
862,SMORE_av,0.9053438685936267,0.366230882820019,0.6051701271708799
862,SPRIS_av,0.8637959089667269,0.35584579931433635,0.5965281211429486
862,SMYTH_av,0.9122112809124376,0.44173551080804724,0.6646318611141413
862,SPAIS_av,0.871620211528459,0.5358508973375717,0.7320183722677811
862,SATIS_av,0.8659953092595711,0.31762466380732823,0.5635819938636509
863,SMORE_av,0.9148278465784799,0.3215352890961009,0.5670408178395104
863,SPRIS_av,0.8137221091786229,0.3437882660369061,0.586334602455719
863,SMYTH_av,0.9040150854693781,0.4432260843711296,0.6657522695200743
863,SPAIS_av,0.8954072847607263,0.37342181876599473,0.611082497512402
863,SATIS_av,0.8758243778042063,0.33374772082323356,0.5777090278187053
864,SMORE_av,0.889598625556186,0.3385250102062828,0.5818290214541406
864,SPRIS_av,0.8143269877597985,0.38407815014937796,0.6197403893158634
864,SMYTH_av,0.9013486539733184,0.43053942188972266,0.6561550288534888
864,SPAIS_av,0.8725462507550885,0.41703323068827386,0.6457811012164059
864,SATIS_av,0.8269567983970574,0.3345586653510738,0.5784104644204441
865,SMORE_av,0.9218513967210273,0.33208880796646184,0.5762714707205814
865,SPRIS_av,0.7894894144641694,0.37644906309420795,0.6135544499832171
865,SMYTH_av,0.8937782283320979,0.5275975914552564,0.7263591339380654
865,SPAIS_av,0.8847236651221362,0.48923404606981935,0.6994526760759582
865,SATIS_av,0.8667019986106935,0.3511821689305121,0.5926062511740086
866,SMORE_av,0.8950639860755426,0.3840891300777196,0.6197492477427622
866,SPRIS_av,0.8556749607872897,0.3216326261829832,0.5671266403396892
866,SMYTH_av,0.9044657730785344,0.47984014369535277,0.6927049470700731
866,SPAIS_av,0.8868281850679015,0.48765721082412256,0.6983245741230382
866,SATIS_av,0.8435521845406349,0.3405698304456873,0.5835836105012608
867,SMORE_av,0.9051549880976757,0.3873807512799911,0.6223991896524216
867,SPRIS_av,0.8515727977810874,0.34241257658951446,0.5851602999089347
867,SMYTH_av,0.8804983970566349,0.5505032011032589,0.7419590292618986
867,SPAIS_av,0.83753356560069,0.5004174778377481,0.7074019210023027
867,SATIS_av,0.8262207452697188,0.3661511164590011,0.605104219501898
868,SMORE_av,0.9033436491828457,0.445470820647176,0.6674360049077185
868,SPRIS_av,0.8558826923183225,0.34093973816336104,0.5839004522719271
868,SMYTH_av,0.9039899080718263,0.43189623532950083,0.6571881278062628
868,SPAIS_av,0.8626706230783394,0.5481469866764358,0.7403694933453402
868,SATIS_av,0.8359920080558352,0.470900973740774,0.686222248066014
869,SMORE_av,0.9026416944688519,0.36425960959108833,0.6035392361653783
869,SPRIS_av,0.8514485867599288,0.3190766982440586,0.5648687442619379
869,SMYTH_av,0.9126913878600029,0.37472468292210587,0.6121475989678518
869,SPAIS_av,0.8692910062699891,0.39438227612382354,0.6279986274856209
869,SATIS_av,0.8602040163376616,0.3326804906631902,0.5767846137538607
870,SMORE_av,0.89336887868151,0.37897648348780816,0.6156106590108785
870,SPRIS_av,0.8555148692897725,0.33440708911802525,0.5782794213163955
870,SMYTH_av,0.9098150187659815,0.3967624518670572,0.6298908253555192
870,SPAIS_av,0.8662537565304319,0.46638404882044454,0.6829231646535682
870,SATIS_av,0.8821507507464029,0.2828053019669478,0.5317944170137063
871,SMORE_av,0.9032941019194359,0.3416640869385902,0.584520390524223
871,SPRIS_av,0.8868628819314829,0.24971582797446767,0.49971574717479905
871,SMYTH_av,0.9107986027668658,0.41437815296007346,0.6437221084909803
871,SPAIS_av,0.896603509927949,0.40064225153103583,0.6329630728020679
871,SATIS_av,0.8769668890204002,0.3033067212238399,0.550732894626642
872,SMORE_av,0.9021384676186046,0.38897201601092246,0.6236762108746192
872,SPRIS_av,0.8663555615602964,0.31246399693470467,0.5589847913268344
872,SMYTH_av,0.8980658731044477,0.4588197306305896,0.6773623333420523
872,SPAIS_av,0.8797385704563103,0.4966612936237549,0.7047420050087513
872,SATIS_av,0.8767331388489952,0.30584685686594615,0.5530342275718079
873,SMORE_av,0.8925696917442092,0.436770380129675,0.6608860568431407
873,SPRIS_av,0.8691288667763757,0.29896524812205283,0.5467771466713407
873,SMYTH_av,0.9095406224677706,0.4202220428007761,0.6482453569450197
873,SPAIS_av,0.8835845211952883,0.43756769828137654,0.6614890008770944
873,SATIS_av,0.8686500975863051,0.36504636805213103,0.6041906719340601
874,SMORE_av,0.9014803789859558,0.36935842240281347,0.6077486506795499
874,SPRIS_av,0.8349143346097267,0.31071078797298496,0.5574143772571577
874,SMYTH_av,0.9073191993599625,0.40897775910912926,0.6395136895400514
874,SPAIS_av,0.8644226818430635,0.5031138699485757,0.709305202256811
874,SATIS_av,0.8470747383544674,0.37467413850994113,0.6121063130779988
875,SMORE_av,0.9150849840037696,0.32140386390583175,0.5669249191081935
875,SPRIS_av,0.8814518639327518,0.3177413492751276,0.5636855056457701
875,SMYTH_av,0.8822017478211414,0.5023493899020525,0.708766103804388
875,SPAIS_av,0.8815110802496552,0.4409835771350489,0.6640659433633447
875,SATIS_av,0.8749944414976055,0.2921468058048339,0.5405060645402916
876,SMORE_av,0.8708551737107711,0.45182643364169955,0.6721803579707604
876,SPRIS_av,0.8273818917151927,0.37563597030877455,0.6128914833057925
876,SMYTH_av,0.8845369822352643,0.5156329999592658,0.7180759012522742
876,SPAIS_av,0.8618218212684948,0.6729654308884789,0.8203447024809016
876,SATIS_av,0.8337995458996738,0.33975880204571623,0.5828883272512122
877,SMORE_av,0.9011558695384978,0.3566368273439423,0.5971907796876491
877,SPRIS_av,0.8615614580379194,0.3188060164017507,0.5646290963116856
877,SMYTH_av,0.9244140282603901,0.3359539115584096,0.5796153134264221
877,SPAIS_av,0.8652121900468903,0.5441393872089255,0.7376580421909095
877,SATIS_av,0.8311359013371284,0.313214031470785,0.5596552791413524
878,SMORE_av,0.8859934472055878,0.4246264757374329,0.651633697515278
878,SPRIS_av,0.8202186821882554,0.3675120772021871,0.6062277436757469
878,SMYTH_av,0.8943878143787469,0.440262983506863,0.6635231597366161
878,SPAIS_av,0.8979263371395382,0.37307848165378166,0.6108015075732719
878,SATIS_av,0.836627482661406,0.3634888104339184,0.6029003320897397
879,SMORE_av,0.91225785127587,0.3249627579309411,0.5700550481584573
879,SPRIS_av,0.8462561226956158,0.34016895774228234,0.5832400515587749
879,SMYTH_av,0.8838829714188358,0.48881455233375853,0.69915273891601
879,SPAIS_av,0.8992685215812929,0.43147159798064155,0.6568649769782535
879,SATIS_av,0.8824447653962404,0.28630230853040467,0.5350722460849606
880,SMORE_av,0.9061727312528741,0.32987686893593693,0.5743490828197926
880,SPRIS_av,0.8412353518240462,0.3221411153728113,0.5675747663284647
880,SMYTH_av,0.8773422821331875,0.4507098728921978,0.6713492927621193
880,SPAIS_av,0.8610249892564225,0.5608278223367376,0.7488843851601779
880,SATIS_av,0.8518161915990239,0.3315539125094199,0.5758071834472195
881,SMORE_av,0.8985909449916274,0.329494200100313,0.5740158535269849
881,SPRIS_av,0.877966978218601,0.30808125231218497,0.555050675445211
881,SMYTH_av,0.8891701638984121,0.42055366462846194,0.648501090691806
881,SPAIS_av,0.8858753203489729,0.45012027616894607,0.6709100358236908
881,SATIS_av,0.901059623478832,0.23307382253545597,0.48277719761340837
882,SMORE_av,0.9101718599702772,0.3340005472796094,0.5779278045565981
882,SPRIS_av,0.875252086549141,0.27863586141545077,0.5278596986088735
882,SMYTH_av,0.9071673367508254,0.4476721093566755,0.6690830362194782
882,SPAIS_av,0.8620323415252764,0.5268880975579733,0.7258705790690054
882,SATIS_av,0.8537101147324969,0.30589410726061445,0.5530769451537593
883,SMORE_av,0.9086801928985365,0.37156868733370774,0.6095643422426444
883,SPRIS_av,0.8486513953595805,0.42558031784059197,0.6523651721548231
883,SMYTH_av,0.898178634261312,0.3965232161198149,0.629700894171046
883,SPAIS_av,0.8565392996446699,0.5995637109872493,0.7743149946806205
883,SATIS_av,0.8495894924157829,0.330505057493891,0.5748956927077216
884,SMORE_av,0.9212891678498962,0.342067796241901,0.5848656223799625
884,SPRIS_av,0.8622024636176925,0.37193851695191177,0.6098676224820528
884,SMYTH_av,0.9100027351938832,0.47431758455572237,0.6887071834645856
884,SPAIS_av,0.878188784022461,0.5839774062811784,0.7641841442225679
884,SATIS_av,0.8674736658383563,0.3420133851386955,0.5848191046286839
885,SMORE_av,0.9175554009691761,0.30487679278998137,0.5521564930252848
885,SPRIS_av,0.858251681456332,0.28841775371173917,0.5370453925989302
885,SMYTH_av,0.9103621467613513,0.3868809983216419,0.6219975870705946
885,SPAIS_av,0.8745613930805518,0.39647891535206337,0.6296657171484432
885,SATIS_av,0.8762463167939935,0.27919956219868414,0.5283933782691491
886,SMORE_av,0.8999849662739025,0.33503329375000407,0.5788206058443359
886,SPRIS_av,0.8454515653665633,0.3391433745660524,0.5823601759787944
886,SMYTH_av,0.9210415600555383,0.3626434462218815,0.6021988427603306
886,SPAIS_av,0.8828009846353247,0.4116023632001698,0.6415624390503
886,SATIS_av,0.8642319488350927,0.2767631415132575,0.5260828276167713
887,SMORE_av,0.9057483817234576,0.3212576462461897,0.5667959476268243
887,SPRIS_av,0.8458088818380632,0.3267673380315253,0.5716356689636549
887,SMYTH_av,0.9019689148646304,0.3961761177829222,0.6294252281112683
887,SPAIS_av,0.8972834717351156,0.43709572963094123,0.6611321574624405
887,SATIS_av,0.8840159434902978,0.2975953375239779,0.5455229944960871
888,SMORE_av,0.9011821651412772,0.4063988425065111,0.6374941901747114
888,SPRIS_av,0.8284861471131815,0.39105158458194617,0.6253411745455005
888,SMYTH_av,0.9102651129548228,0.40589777468927785,0.6371010710156418
888,SPAIS_av,0.880189743865969,0.39250372399535816,0.626501176371887
888,SATIS_av,0.893764352549224,0.22485295120821802,0.47418662065500966
889,SMORE_av,0.9121972566534777,0.3204739255579342,0.5661041649360427
889,SPRIS_av,0.8564384447472342,0.29436428445788587,0.5425534853430451
889,SMYTH_av,0.8949937339838736,0.458520081169308,0.677141108757479
889,SPAIS_av,0.8498053642495036,0.4770003622978582,0.6906521282801191
889,SATIS_av,0.8448590326983423,0.3842685211920454,0.6198939596350697
890,SMORE_av,0.9169530269216071,0.3058302225393566,0.5530191882198633
890,SPRIS_av,0.8566127054996981,0.3603214727768332,0.6002678342013948
890,SMYTH_av,0.8987927955546667,0.4007656408992215,0.6330605349405549
890,SPAIS_av,0.894992540723467,0.3714361444792726,0.6094556132150007
890,SATIS_av,0.8749870525516236,0.29808554925108544,0.545972113986681
891,SMORE_av,0.9082403444589744,0.3669009826807908,0.6057235199996701
891,SPRIS_av,0.8746020043968987,0.30802097946882706,0.5549963778880247
891,SMYTH_av,0.885755367777704,0.5040625499823993,0.7099736262583275
891,SPAIS_av,0.8849051822121657,0.48550134384233323,0.6967792647907465
891,SATIS_av,0.8892761911944297,0.28234674185922953,0.531363097946432
892,SMORE_av,0.8985260389888184,0.3279218543180495,0.572644614327289
892,SPRIS_av,0.8534778868014202,0.32276922176920475,0.5681278216820619
892,SMYTH_av,0.875427458905587,0.49878845454202975,0.7062495695871466
892,SPAIS_av,0.8970111565848387,0.4070400086018961,0.6379968719373913
892,SATIS_av,0.8690212543609945,0.2691460562846964,0.5187928838030611
893,SMORE_av,0.8911141102685213,0.33652268241037925,0.5801057510578388
893,SPRIS_av,0.8888583364321057,0.22923119044001575,0.4787809420183888
893,SMYTH_av,0.9102355458149551,0.3550214084503252,0.5958367296922247
893,SPAIS_av,0.8883425480724029,0.3603101885992847,0.6002584348422642
893,SATIS_av,0.863636971114423,0.26987019541631446,0.5194903227359625
894,SMORE_av,0.9079346509920994,0.3277853768144403,0.5725254377007544
894,SPRIS_av,0.8636394401577541,0.32931916933753264,0.5738633716639638
894,SMYTH_av,0.9014243918268275,0.39626785507413703,0.6294980977525961
894,SPAIS_av,0.9077550483353212,0.3116318035047229,0.558239915721478
894,SATIS_av,0.8557293726036379,0.31230910458164524,0.5588462262390659
895,SMORE_av,0.9211484100567017,0.3221169454837279,0.5675534736777917
895,SPRIS_av,0.8408332609443252,0.3626229005175467,0.6021817836148373
895,SMYTH_av,0.9025278098445815,0.4114281218812454,0.6414266301622076
895,SPAIS_av,0.8736031569837559,0.44886499423835724,0.6699738757879722
895,SATIS_av,0.8766241445834277,0.30403249072292104,0.5513914133561757
896,SMORE_av,0.8967237573005448,0.41069519180150055,0.6408550474182915
896,SPRIS_av,0.8385062470593241,0.3076573624772017,0.554668696139598
896,SMYTH_av,0.9032969159398634,0.36995269077401743,0.6082373638424537
896,SPAIS_av,0.902417639740277,0.39175775766017523,0.6259055501113369
896,SATIS_av,0.828081129676576,0.361903801998495,0.6015844097036549
897,SMORE_av,0.9056162296704335,0.34046201724800196,0.5834912315090964
897,SPRIS_av,0.8558149994478387,0.3233127909727051,0.5686060068032215
897,SMYTH_av,0.9022253108430386,0.4238998182474665,0.6510758928477283
897,SPAIS_av,0.8628013293459111,0.5245435472201838,0.724253786472797
897,SATIS_av,0.8771164265392513,0.27740270089866864,0.5266903273259047
898,SMORE_av,0.8890787358599257,0.40573736384944975,0.6369751673726769
898,SPRIS_av,0.8389706024609606,0.34598279350924616,0.5882030206563429
898,SMYTH_av,0.8774485315399672,0.5197729679247148,0.720952819485932
898,SPAIS_av,0.8869378059872466,0.42807803313246506,0.6542767251954368
898,SATIS_av,0.824434805418921,0.35006907566502926,0.5916663550220084
899,SMORE_av,0.91702212106173,0.3626511319939784,0.6022052241503543
899,SPRIS_av,0.850509513628761,0.37633879287262995,0.6134645815958978
899,SMYTH_av,0.898344230412068,0.452608037102183,0.6727615009066609
899,SPAIS_av,0.8680151624689962,0.5153333316416095,0.7178672103123318
899,SATIS_av,0.9059702671979638,0.2728076748669573,0.5223099413824681
900,SMORE_av,0.8972299373014363,0.35664865803075346,0.5972006848880479
900,SPRIS_av,0.8769955983238699,0.2693759950958605,0.519014445941402
900,SMYTH_av,0.9190388796939095,0.33987248015087923,0.5829858318611861
900,SPAIS_av,0.8938795557822183,0.4101023256667229,0.6403923216800174
900,SATIS_av,0.8688829613595047,0.2662897562206531,0.5160327084794656
901,SMORE_av,0.9119214221415558,0.34975811452018624,0.5914035124347726
901,SPRIS_av,0.8532308601449383,0.3105888674389644,0.5573050039600976
901,SMYTH_av,0.8844667499969664,0.5256411654058016,0.7250111484700091
901,SPAIS_av,0.8422680835262466,0.6366770916158622,0.797920479506487
901,SATIS_av,0.8550508504355531,0.3479141469396319,0.5898424763779155
902,SMORE_av,0.8848264867062662,0.42760849073452734,0.6539178012063346
902,SPRIS_av,0.8737846664785257,0.34228601194067615,0.5850521446338576
902,SMYTH_av,0.9089592775510448,0.43560456782868157,0.660003460467202
902,SPAIS_av,0.8508313644215754,0.6173253745596519,0.7857005629116297
902,SATIS_av,0.8455346659649683,0.36427692824862334,0.6035535835769873
903,SMORE_av,0.9102358444058376,0.35684519263943193,0.5973652087621374
903,SPRIS_av,0.8593345605874654,0.28516461986268804,0.5340080709714864
903,SMYTH_av,0.898081044947753,0.4015699235577781,0.6336954501633874
903,SPAIS_av,0.8712038636787729,0.5022923700543049,0.7087258779346955
903,SATIS_av,0.8601863185608285,0.3530164202678952,0.5941518495030502
904,SMORE_av,0.9058002704529944,0.3476514704054019,0.5896197676514942
904,SPRIS_av,0.8377861648468666,0.3832684359721346,0.6190867758013691
904,SMYTH_av,0.8437935100819028,0.5375642240717821,0.7331877140758579
904,SPAIS_av,0.8435233800771309,0.501032148381647,0.7078362440435266
904,SATIS_av,0.8501225766481357,0.33949092014438764,0.58265849358298
905,SMORE_av,0.8864900453802056,0.45660584973774726,0.6757261647574018
905,SPRIS_av,0.8233759092906617,0.35250679634656323,0.5937228278806225
905,SMYTH_av,0.8785271582988021,0.5111588516251635,0.7149537408987826
905,SPAIS_av,0.8676918446030875,0.6269518316089722,0.79180289946992
905,SATIS_av,0.8437274617892144,0.34338796007192407,0.5859931399529554
906,SMORE_av,0.9333505235103023,0.2825185700848481,0.5315247596160014
906,SPRIS_av,0.8674953720246602,0.26955105655698497,0.5191830665160266
906,SMYTH_av,0.9134921931742702,0.35432786424830487,0.5952544533628495
906,SPAIS_av,0.8717455427879915,0.5037424981702288,0.7097481934955726
906,SATIS_av,0.8939148816161159,0.25554459278175434,0.5055141865286813
907,SMORE_av,0.9044052161109979,0.3372327356717465,0.5807174318648842
907,SPRIS_av,0.8737359466180235,0.29332293124083797,0.5415929571558681
907,SMYTH_av,0.9037531675538346,0.4133951170857718,0.6429580990125031
907,SPAIS_av,0.8781364922477323,0.3746326450832466,0.6120724181689995
907,SATIS_av,0.8622090080825755,0.32892190789513925,0.5735171382749946
908,SMORE_av,0.9024232325387711,0.37483720576416024,0.612239500329863
908,SPRIS_av,0.8245409635515073,0.35634235651637636,0.5969441820776683
908,SMYTH_av,0.9082226947961345,0.4556062419716877,0.6749861050211979
908,SPAIS_av,0.8816471295140468,0.45244242170145554,0.6726384033798959
908,SATIS_av,0.9015415621658824,0.2768971875788198,0.5262102123475179
909,SMORE_av,0.8831640604955772,0.3605858789465831,0.600488033974519
909,SPRIS_av,0.8423991872750352,0.314333069859801,0.5606541446023573
909,SMYTH_av,0.8480947461881765,0.5100795461561999,0.7141985341319316
909,SPAIS_av,0.8555568408030998,0.4696023647130242,0.6852753933368863
909,SATIS_av,0.8488397981731627,0.3821900266299997,0.6182151944347531
910,SMORE_av,0.8722411440195325,0.5044033765353536,0.7102136133131732
910,SPRIS_av,0.8606521153088468,0.32767328219716146,0.5724275344505726
910,SMYTH_av,0.9043489080514019,0.49774260549626564,0.7055087564986459
910,SPAIS_av,0.8959579897460845,0.4276260206239212,0.6539312048097423
910,SATIS_av,0.8431824986677812,0.3461180589880116,0.588317991385621
911,SMORE_av,0.9151360456582106,0.34021831056759005,0.5832823592117201
911,SPRIS_av,0.8552412548388172,0.3323054946745083,0.5764594475542129
911,SMYTH_av,0.8850879612224654,0.4911123991998758,0.700794120409037
911,SPAIS_av,0.8657491718723154,0.5426884207275381,0.7366738903528061
911,SATIS_av,0.8584896629662448,0.35683387775883624,0.5973557380312307
912,SMORE_av,0.8975955286697226,0.3546852140612535,0.5955545433134176
912,SPRIS_av,0.872653555118521,0.29844095289690853,0.5462974948660377
912,SMYTH_av,0.9023051299926732,0.4153879928052505,0.644506006803079
912,SPAIS_av,0.8898082720335865,0.32101489516520654,0.5665817638833839
912,SATIS_av,0.8842676989469647,0.2732269309804605,0.5227111353132441
913,SMORE_av,0.9145229881087569,0.3509087769171204,0.592375537068438
913,SPRIS_av,0.8608161671400425,0.3109119388166368,0.5575947801196105
913,SMYTH_av,0.8906439294613857,0.46830201362904245,0.6843259556885465
913,SPAIS_av,0.8909320551172165,0.4052648400152292,0.6366041470295565
913,SATIS_av,0.872306319778191,0.35954613986960726,0.5996216639428626
914,SMORE_av,0.9041406505675628,0.395640292912498,0.6289994379270128
914,SPRIS_av,0.8750588060195583,0.33732950086973273,0.5808007411063908
914,SMYTH_av,0.8732640890848113,0.5385051100090004,0.7338290741099049
914,SPAIS_av,0.8541046676896757,0.4998042668394362,0.7069683633936077
914,SATIS_av,0.8560822452492618,0.35196199757725466,0.5932638515679636
915,SMORE_av,0.8956514270718161,0.39606080569186236,0.62933362034128
915,SPRIS_av,0.8715035427612241,0.2760689274238548,0.5254226179218542
915,SMYTH_av,0.8562643472735965,0.6202861626223208,0.7875824798853266
915,SPAIS_av,0.8707242078652376,0.5049616180617013,0.710606514226897
915,SATIS_av,0.8466007539438144,0.31003166819438394,0.5568048744348274
916,SMORE_av,0.9066185978780487,0.34727593033994336,0.5893012220757253
916,SPRIS_av,0.840869367188791,0.3454737825785628,0.5877701783678403
916,SMYTH_av,0.8763585477418128,0.48647603123913075,0.6974783374694377
916,SPAIS_av,0.8951192710913602,0.43985488656897787,0.6632155656865857
916,SATIS_av,0.8457684476575583,0.38078689603288224,0.6170793271799682
917,SMORE_av,0.9094652794225162,0.31773184329260107,0.5636770735914324
917,SPRIS_av,0.8615144927570558,0.344835922795174,0.587227317820939
917,SMYTH_av,0.9020433078912987,0.4453985867681323,0.6673818897513869
917,SPAIS_av,0.8519460494970146,0.5591337865113417,0.7477524901405155
917,SATIS_av,0.8592669391710452,0.3058861479027568,0.5530697495820548
918,SMORE_av,0.9202038466629355,0.33499574235507734,0.5787881670828088
918,SPRIS_av,0.8524326104905183,0.2853663643793228,0.5341969340789244
918,SMYTH_av,0.8967721790516331,0.4533077710579287,0.6732813461383945
918,SPAIS_av,0.8720006476599138,0.5176932225155866,0.7195090148952872
918,SATIS_av,0.8805751749426356,0.29343508178645855,0.5416964849308684
919,SMORE_av,0.8972911295091697,0.40008236535518726,0.6325206442126512
919,SPRIS_av,0.8562981666934626,0.3666279065923348,0.6054980648956153
919,SMYTH_av,0.9109356207482899,0.432792754811274,0.6578698616073502
919,SPAIS_av,0.8777611166975561,0.5696507020047752,0.7547520798280554
919,SATIS_av,0.8575461852248936,0.35211420602323207,0.593392118268546
920,SMORE_av,0.9044573566729305,0.3636274872377724,0.6030153291897083
920,SPRIS_av,0.8530919115307294,0.3689172240761264,0.6073855645931392
920,SMYTH_av,0.8879705301063108,0.4996840985401875,0.7068833698285648
920,SPAIS_av,0.8851488310903689,0.44403787282154883,0.6663616681814379
920,SATIS_av,0.8526210567286412,0.36677054673199344,0.6056158408859477
921,SMORE_av,0.8982551748584547,0.3560361640369544,0.5966876603692709
921,SPRIS_av,0.8910312530751902,0.26228858102392055,0.5121411729434772
921,SMYTH_av,0.8923352402923255,0.5248788626010996,0.7244852397399822
921,SPAIS_av,0.8683382268810631,0.48951018264086277,0.6996500429792474
921,SATIS_av,0.8788061206804697,0.34224612880371724,0.585018058527869
922,SMORE_av,0.9237017477514666,0.30196138804256323,0.5495101346131509
922,SPRIS_av,0.8353982308493616,0.35250972632858235,0.5937252953416945
922,SMYTH_av,0.913808055593981,0.3986997627702791,0.631426767543378
922,SPAIS_av,0.8781532217905347,0.48057933778274065,0.6932382979774997
922,SATIS_av,0.8717990597803007,0.3237111822912871,0.5689562217704338
923,SMORE_av,0.8939019904409305,0.39822444955066716,0.6310502749786796
923,SPRIS_av,0.8753391001925331,0.2954193996332442,0.5435249760896405
923,SMYTH_av,0.9032226513799537,0.460226831970377,0.6784002004498355
923,SPAIS_av,0.8832029107272708,0.3944466973100491,0.6280499162567009
923,SATIS_av,0.8692364267273135,0.33440192314307254,0.5782749546219969
924,SMORE_av,0.8842660992962506,0.34894074542186765,0.5907120664265016
924,SPRIS_av,0.856208306294534,0.2858523839475716,0.5346516472878127
924,SMYTH_av,0.8851536932937417,0.5139998009869601,0.7169377943636115
924,SPAIS_av,0.8578257330973595,0.4632116601391859,0.6805965472577612
924,SATIS_av,0.8571221727854061,0.2779580889093012,0.5272173071033435
925,SMORE_av,0.8966570652171191,0.4536415412840455,0.6735291688442643
925,SPRIS_av,0.824343933630232,0.3691000202012401,0.6075360237889109
925,SMYTH_av,0.87371967178354,0.5026628313115314,0.7089871869868534
925,SPAIS_av,0.8653368581193535,0.5214549205488803,0.7221183563300966
925,SATIS_av,0.823198036008356,0.4105413767952912,0.6407350285377655
926,SMORE_av,0.9177672866839759,0.3306270034828892,0.5750017421563949
926,SPRIS_av,0.8457070552032483,0.3376746813304998,0.58109782423487
926,SMYTH_av,0.8725026019875218,0.5628499566003756,0.7502332681242385
926,SPAIS_av,0.8640885499165721,0.5607815495186126,0.7488534900223225
926,SATIS_av,0.8575571310520267,0.41623114455394256,0.6451597821888331
927,SMORE_av,0.9125641156739552,0.3628157460564252,0.6023418846937553
927,SPRIS_av,0.8445702483148461,0.3213222283217066,0.5668529159506076
927,SMYTH_av,0.8985028075646693,0.4276861177823349,0.6539771538687991
927,SPAIS_av,0.8795488844705123,0.42221000871654923,0.6497768914916483
927,SATIS_av,0.8559059832606044,0.3224973089801446,0.5678884652642142
928,SMORE_av,0.9150339911898903,0.33377929836684694,0.577736357144716
928,SPRIS_av,0.859107115467236,0.3183485162527769,0.5642238175163974
928,SMYTH_av,0.8672691211399555,0.5975647991322225,0.7730231556248639
928,SPAIS_av,0.8839339770366752,0.41500853753539146,0.6442115627147587
928,SATIS_av,0.8528110288145545,0.30668894807510383,0.5537950415768489
929,SMORE_av,0.9095550231720438,0.35172467696353454,0.5930638051369638
929,SPRIS_av,0.8432902108759732,0.4130955167614548,0.642725070898479
929,SMYTH_av,0.9089085835621938,0.40087202859387544,0.6331445558431941
929,SPAIS_av,0.8849663897191143,0.4671551837875498,0.6834875154584389
929,SATIS_av,0.8588735403476928,0.4272164825891553,0.6536179943890432
930,SMORE_av,0.898929823117981,0.41037748519799283,0.6406071223441032
930,SPRIS_av,0.8603013586487109,0.32376695093541535,0.5690052292689544
930,SMYTH_av,0.902886682599463,0.4180963975743342,0.6466037407673529
930,SPAIS_av,0.8924282076977185,0.3976549340025242,0.6305988693317839
930,SATIS_av,0.8613806760160548,0.35563607968161853,0.5963523117097967
931,SMORE_av,0.8675623682436783,0.42303081182680113,0.6504081886221922
931,SPRIS_av,0.8432244210753731,0.39744273788230877,0.6304305971971131
931,SMYTH_av,0.8811324679667227,0.5299326426400589,0.727964726233393
931,SPAIS_av,0.9115782529494568,0.3455566631422004,0.5878406783663414
931,SATIS_av,0.8366081259039153,0.36550313926523936,0.6045685562988199
932,SMORE_av,0.912053674222437,0.3189099893532016,0.5647211607096033
932,SPRIS_av,0.8487154213239677,0.33467902901942526,0.5785145019957799
932,SMYTH_av,0.9175919862850899,0.3884069518982531,0.6232230354361535
932,SPAIS_av,0.8872928604812668,0.4026690756478116,0.6345621133094944
932,SATIS_av,0.843718999917614,0.3260629775542022,0.5710192444692229
933,SMORE_av,0.905908613233262,0.3033926166036584,0.5508108719003815
933,SPRIS_av,0.8324139324233693,0.3780462374416162,0.6148546474099519
933,SMYTH_av,0.8683386642607172,0.4655325396181479,0.6822994501083435
933,SPAIS_av,0.8587035624490994,0.422986410972747,0.6503740546583535
933,SATIS_av,0.8673460458292643,0.29288853038979357,0.5411917685902046
934,SMORE_av,0.9127771189285935,0.31619651188757075,0.5623135352164047
934,SPRIS_av,0.8423513876981058,0.3439978356710558,0.5865132868665942
934,SMYTH_av,0.8963829506274115,0.39571747202780294,0.6290607856382425
934,SPAIS_av,0.8964068776848426,0.4148151260462258,0.6440614303358226
934,SATIS_av,0.8511890522363581,0.34977321520272797,0.5914162791154196
935,SMORE_av,0.887874425937472,0.381349990942533,0.6175354167515682
935,SPRIS_av,0.8819355375925922,0.2706276522474513,0.520218850338443
935,SMYTH_av,0.885823071224997,0.4936473007486359,0.70260038481959
935,SPAIS_av,0.8744851064544834,0.4328844424326648,0.6579395431440983
935,SATIS_av,0.8711618055779065,0.30472684120170235,0.552020689106579
936,SMORE_av,0.9038744121660618,0.3324236439714994,0.576561916858458
936,SPRIS_av,0.8398744854476243,0.311301594327837,0.5579440781367224
936,SMYTH_av,0.9086036441528339,0.35673212243166613,0.5972705604930366
936,SPAIS_av,0.8779640848741542,0.4043789616691205,0.6359079820769044
936,SATIS_av,0.8460132292449697,0.325500238938601,0.5705262824257976
937,SMORE_av,0.8625939630818904,0.4944248448975477,0.7031535002384243
937,SPRIS_av,0.841617829425736,0.3687887779777514,0.607279818516762
937,SMYTH_av,0.8923286006099391,0.4255162218945935,0.6523160444865613
937,SPAIS_av,0.8770371535047452,0.45950153093393414,0.677865422435703
937,SATIS_av,0.808189912012758,0.47791284088153485,0.6913124046923611
938,SMORE_av,0.9090251623459081,0.3450235274005459,0.587387033735463
938,SPRIS_av,0.8630139200239184,0.31100592387715376,0.5576790509577653
938,SMYTH_av,0.8958484235915409,0.4849389976756885,0.696375615365507
938,SPAIS_av,0.8657065209091044,0.5024240693962551,0.7088187845960736
938,SATIS_av,0.8747237309568048,0.30289088955847876,0.5503552394213022
939,SMORE_av,0.8938497680728685,0.46279052588212893,0.6802870907801565
939,SPRIS_av,0.8570379555037266,0.3479662628732561,0.5898866525640803
939,SMYTH_av,0.909363702455348,0.44826654314560643,0.6695271041157381
939,SPAIS_av,0.8283959240869976,0.6499534035168701,0.8061968763998469
939,SATIS_av,0.8608854462571822,0.4162609020577801,0.6451828438960386
940,SMORE_av,0.889083727107391,0.4174987596881587,0.646141439383173
940,SPRIS_av,0.8460298103178433,0.3177452390606039,0.5636889559505348
940,SMYTH_av,0.8678438771604501,0.5554081322536818,0.7452570913810092
940,SPAIS_av,0.8636221728465324,0.40948856891406515,0.6399129385424748
940,SATIS_av,0.8620465384041158,0.348932322190855,0.5907049366569193
941,SMORE_av,0.8999348313754443,0.3296458413084891,0.574147926329521
941,SPRIS_av,0.8836373310248546,0.3117256778089091,0.5583239899994528
941,SMYTH_av,0.884498859371326,0.4553293152601225,0.6747809387202061
941,SPAIS_av,0.8653770620398709,0.4668663656040408,0.6832762000860566
941,SATIS_av,0.8835981379882709,0.2750388858928619,0.5244414990185864
942,SMORE_av,0.8885397817725674,0.3553004991967178,0.5960708843725868
942,SPRIS_av,0.8144387759870431,0.3872035044219799,0.6222567833475019
942,SMYTH_av,0.8392215374283155,0.5600539100948436,0.7483674966851804
942,SPAIS_av,0.8814738500105028,0.37728790446057997,0.6142376612196455
942,SATIS_av,0.8564848710436616,0.2933118923269165,0.5415827659064831
943,SMORE_av,0.925498016517963,0.29677315460991277,0.5447689001860447
943,SPRIS_av,0.8732018005458797,0.3247906136229764,0.5699040389600484
943,SMYTH_av,0.8932826187310344,0.46590797632267805,0.6825745207101406
943,SPAIS_av,0.8870820094490993,0.4730149958719155,0.6877608566005451
943,SATIS_av,0.8826227875651157,0.3380916192639724,0.5814564637734905
944,SMORE_av,0.8930683800862643,0.33028582517376387,0.5747049896892873
944,SPRIS_av,0.8186679264753546,0.3417928253866041,0.5846305032981123
944,SMYTH_av,0.8764749298475726,0.497716875063648,0.7054905208885857
944,SPAIS_av,0.835099118864663,0.5563877878307107,0.7459140619606999
944,SATIS_av,0.8506073690769952,0.2812328472442376,0.530313913870113
945,SMORE_av,0.8925509684769031,0.40451690285426184,0.6360164328492321
945,SPRIS_av,0.8479120529318491,0.34319377531228945,0.5858274279276189
945,SMYTH_av,0.9011261377353235,0.39124171972832467,0.6254931812005025
945,SPAIS_av,0.8737689435455783,0.44304046335617425,0.6656128479500484
945,SATIS_av,0.847504439338842,0.3489044483919442,0.5906813425121401
946,SMORE_av,0.8902116331559817,0.4185425313072228,0.646948631119367
946,SPRIS_av,0.8253658205673216,0.3664083801800456,0.6053167602008436
946,SMYTH_av,0.9071358337056409,0.37552952241925575,0.6128046364211482
946,SPAIS_av,0.878761425636339,0.36910545126908306,0.6075404935221052
946,SATIS_av,0.8543252848961754,0.3104346016582719,0.5571665834005768
947,SMORE_av,0.8948143552840006,0.3912782565612047,0.625522386938473
947,SPRIS_av,0.8553169916979648,0.29772262136999944,0.5456396442433408
947,SMYTH_av,0.8833173905375968,0.522370721678041,0.7227521855228395
947,SPAIS_av,0.8785433531306351,0.49244057665864543,0.7017411037260433
947,SATIS_av,0.8811679996293756,0.30583465888402456,0.5530231992276857
948,SMORE_av,0.9094799096607082,0.35350472938532995,0.5945626370579722
948,SPRIS_av,0.8563744628222218,0.33542768972741094,0.5791611949426609
948,SMYTH_av,0.8858678274528666,0.4935328767988155,0.7025189512026103
948,SPAIS_av,0.8788015465479326,0.4361469990084143,0.6604142631776015
948,SATIS_av,0.8382172339133467,0.3590321297846876,0.5991928986434065
949,SMORE_av,0.8791516090304883,0.41087034975179926,0.6409916924202679
949,SPRIS_av,0.8497917756111284,0.38075819194704236,0.6170560687223182
949,SMYTH_av,0.8983740149419419,0.4300228580338307,0.6557612812859804
949,SPAIS_av,0.8852793735296539,0.45738179013066865,0.6763000740282886
949,SATIS_av,0.8722011894341646,0.33065986129666547,0.5750303133719695
950,SMORE_av,0.9089130273689552,0.3063119676031555,0.5534545759167192
950,SPRIS_av,0.8696855456857839,0.290108290542901,0.538617016573837
950,SMYTH_av,0.8937639916446092,0.3935217829502242,0.6273131458452184
950,SPAIS_av,0.8888021832708001,0.38611670931022324,0.6213829007224315
950,SATIS_av,0.8519307451753928,0.3223991124171771,0.56780200106831
951,SMORE_av,0.9028699516198384,0.36116081733747424,0.600966569234491
951,SPRIS_av,0.8563538052748761,0.3513765037367483,0.592770194710183
951,SMYTH_av,0.8446848396681308,0.6078086227187335,0.7796208198340611
951,SPAIS_av,0.8509630458589589,0.48711606083937237,0.6979370034891204
951,SATIS_av,0.833293443962309,0.36471221126854836,0.6039140760642596
952,SMORE_av,0.9116683994864886,0.3390135813502165,0.582248728079518
952,SPRIS_av,0.8485658832354049,0.34788884862050545,0.5898210310089879
952,SMYTH_av,0.9122946395863726,0.4396282254742914,0.6630446632575301
952,SPAIS_av,0.8821421142463794,0.512150569520982,0.7156469587170633
952,SATIS_av,0.886330427272261,0.31009368745087,0.5568605637418311
953,SMORE_av,0.8907780689627889,0.3566474198961732,0.5971996482719771
953,SPRIS_av,0.8465679822544758,0.35485397161921,0.5956962074910416
953,SMYTH_av,0.9068139798657691,0.45162815879700674,0.6720328554445881
953,SPAIS_av,0.8691306682852817,0.5443228725961133,0.7377824019289925
953,SATIS_av,0.8980983902092595,0.260908234713864,0.5107917723631265
954,SMORE_av,0.8923695129024765,0.4023130022730461,0.6342814850466992
954,SPRIS_av,0.8659248115219484,0.299647121603458,0.5474003302916961
954,SMYTH_av,0.9072396329452259,0.435990257116189,0.6602955831415117
954,SPAIS_av,0.8684343243718073,0.5616970747749237,0.7494645253612233
954,SATIS_av,0.8547482062560736,0.3607411957393701,0.6006173455198993
955,SMORE_av,0.9087436978560751,0.34882169900866783,0.5906112926525091
955,SPRIS_av,0.8493620432895104,0.3426104108239794,0.5853293182679127
955,SMYTH_av,0.8816981471097184,0.49849671978557997,0.706043001371432
955,SPAIS_av,0.8752502283289676,0.42191604875653493,0.64955065141722
955,SATIS_av,0.8623483064971487,0.2709467265131053,0.5205254331088014
956,SMORE_av,0.8892517440607365,0.39011585057655246,0.6245925476473062
956,SPRIS_av,0.8487233801253589,0.35182160694608444,0.5931455191991966
956,SMYTH_av,0.889227289373864,0.45385913155298474,0.6736906794315807
956,SPAIS_av,0.8887420544541722,0.4046470709270122,0.6361187553649178
956,SATIS_av,0.8491055195169624,0.35817709918021523,0.5984789880858101
957,SMORE_av,0.8893286040002543,0.4290700018665003,0.6550343516690558
957,SPRIS_av,0.8695722650935143,0.2990339221266291,0.5468399419634863
957,SMYTH_av,0.9016094992807182,0.4149028587540279,0.6441295356945123
957,SPAIS_av,0.8731451387112483,0.5870404469811811,0.7661856478564324
957,SATIS_av,0.8516536562429067,0.3577232815787759,0.5980997254461633
958,SMORE_av,0.9132333654551972,0.3300837626441799,0.5745291660518027
958,SPRIS_av,0.8543137667500373,0.3670359606848976,0.6058349285778244
958,SMYTH_av,0.8598802754754691,0.5014909228151878,0.7081602380924729
958,SPAIS_av,0.8518131891918131,0.5225037677627868,0.7228442209513657
958,SATIS_av,0.8495894951851515,0.309796389857601,0.5565935589436882
959,SMORE_av,0.8864292482670153,0.3938830021310682,0.6276009895873876
959,SPRIS_av,0.8485324765109403,0.38615915825459707,0.6214170566170493
959,SMYTH_av,0.8705125930678888,0.535537125287592,0.7318040210928005
959,SPAIS_av,0.8870624607014004,0.4040436674459397,0.6356442931749956
959,SATIS_av,0.8506770129775851,0.3901054570938648,0.6245842273815957
960,SMORE_av,0.8967093320314917,0.3277987190754673,0.5725370896941676
960,SPRIS_av,0.8339950452975213,0.33931084830165,0.5825039470266703
960,SMYTH_av,0.9014761827403305,0.47822339915744994,0.6915369832174197
960,SPAIS_av,0.9094824432187172,0.42576776708233005,0.6525088252907619
960,SATIS_av,0.8573855157409405,0.31775959108869317,0.5637016862567409
961,SMORE_av,0.9146523366075862,0.33845469394895616,0.5817685914080926
961,SPRIS_av,0.8372843278875317,0.33439255832032555,0.5782668573594076
961,SMYTH_av,0.9117611915014282,0.3918352138811688,0.6259674223800858
961,SPAIS_av,0.8888373775840835,0.3952312931582965,0.6286742345271489
961,SATIS_av,0.8868160524617287,0.2675946988247091,0.5172955623477831
962,SMORE_av,0.9152040193360167,0.30737284241469875,0.5544121593315742
962,SPRIS_av,0.8329575924362566,0.42084705406648426,0.6487272570707079
962,SMYTH_av,0.8879513543315242,0.4844234455757847,0.6960053488126257
962,SPAIS_av,0.8771689986922426,0.43860387796725947,0.6622717553748306
962,SATIS_av,0.8816399548228978,0.3262100807476605,0.5711480375066175
963,SMORE_av,0.9002128152264912,0.3487467199133946,0.5905478134015861
963,SPRIS_av,0.8587507244694912,0.2807484550990125,0.5298570138244963
963,SMYTH_av,0.905134082362353,0.42550699124522523,0.6523089691589602
963,SPAIS_av,0.8782942497247476,0.48457760513543763,0.6961160859622751
963,SATIS_av,0.8587617243945099,0.2881788944611574,0.5368229637982688
964,SMORE_av,0.9049983481927089,0.3982430820871359,0.6310650379217152
964,SPRIS_av,0.840791879508951,0.34566657805987533,0.5879341613309056
964,SMYTH_av,0.896871018905719,0.3882103027724131,0.6230652476044648
964,SPAIS_av,0.875141615247941,0.4591102924333275,0.677576779732989
964,SATIS_av,0.8492340173984781,0.3973222091487963,0.630334997559866
965,SMORE_av,0.9225336027929779,0.29212988097935466,0.5404904078513832
965,SPRIS_av,0.8349955443297672,0.31954009161040536,0.5652787733591323
965,SMYTH_av,0.8666187920235835,0.5385568009980528,0.7338642933118171
965,SPAIS_av,0.860818484883078,0.5052350857195432,0.7107989066673803
965,SATIS_av,0.8494102134055674,0.32869212231560446,0.5733167730980879
966,SMORE_av,0.9160821759252622,0.3400274146014548,0.583118696837492
966,SPRIS_av,0.8361150021932944,0.32254914563389986,0.5679341032495758
966,SMYTH_av,0.9033932908693241,0.41352463200702183,0.6430588091356978
966,SPAIS_av,0.8698200952832293,0.42977449098856063,0.6555718808708627
966,SATIS_av,0.8768910628548401,0.3431082648010585,0.5857544407011
967,SMORE_av,0.9066621669668795,0.2894022480154596,0.5379611956409678
967,SPRIS_av,0.8414692311914462,0.3753460597790673,0.6126549271646049
967,SMYTH_av,0.8729429270153709,0.5012502610203903,0.7079902972642989
967,SPAIS_av,0.8497622527369958,0.5778878255388429,0.760189335323012
967,SATIS_av,0.8793851073172313,0.24080588282093654,0.490719759965845
968,SMORE_av,0.9134415869441197,0.35141211507820513,0.5928002320159845
968,SPRIS_av,0.8474814180409955,0.3490884845732278,0.5908371049394475
968,SMYTH_av,0.9035078221119347,0.4031956101695611,0.6349768579795338
968,SPAIS_av,0.875928631388555,0.41179379146856093,0.641711610825736
968,SATIS_av,0.870084945953753,0.3220291054680355,0.5674760836088474
969,SMORE_av,0.9188637337654563,0.3348728101157631,0.5786819593833586
969,SPRIS_av,0.8568198405041478,0.3531600501935347,0.5942727069229536
969,SMYTH_av,0.8899898704561483,0.4431522891463798,0.6656968447772452
969,SPAIS_av,0.8765183068812722,0.495347726624985,0.7038094391417218
969,SATIS_av,0.8610034813365882,0.3909465883133353,0.625257217721903
970,SMORE_av,0.8925889471486885,0.3729338488415132,0.6106831001767719
970,SPRIS_av,0.8414475228977704,0.2964148346616128,0.5444399275049662
970,SMYTH_av,0.9053809011844276,0.39076968705680376,0.6251157389290433
970,SPAIS_av,0.8773674270591607,0.40933254005094005,0.6397910127931933
970,SATIS_av,0.8412637332609562,0.29372990732812365,0.5419685482831302
971,SMORE_av,0.897071611339266,0.3452538834794133,0.5875830864477068
971,SPRIS_av,0.8737807101871478,0.2834986536281079,0.5324459161530942
971,SMYTH_av,0.8822423830334206,0.4503725893105417,0.6710980474644087
971,SPAIS_av,0.8676561388064747,0.5627818129265573,0.7501878517588493
971,SATIS_av,0.847812015188503,0.3440006134253336,0.5865156548851306
972,SMORE_av,0.9094872881800985,0.34598238703138645,0.5882026751311035
972,SPRIS_av,0.8446137985827656,0.35158123152741544,0.5929428568820232
972,SMYTH_av,0.9120146581798363,0.40300086442734673,0.6348234907652258
972,SPAIS_av,0.839056707444095,0.5506255507457951,0.7420414750846445
972,SATIS_av,0.8862462602204104,0.25214094218919514,0.5021363780779033
973,SMORE_av,0.9071525215426491,0.4042552802083628,0.635810726716971
973,SPRIS_av,0.8328415769210068,0.37658192477560376,0.6136627125511243
973,SMYTH_av,0.877546499926672,0.49435272566758526,0.7031022156611265
973,SPAIS_av,0.8828530362746716,0.5232623676342605,0.7233687632419998
973,SATIS_av,0.8201247156712099,0.4450382103878211,0.6671118424880652
974,SMORE_av,0.906352836971239,0.3588146823535182,0.5990114208873802
974,SPRIS_av,0.8461382724987594,0.32531307965262307,0.5703622354720052
974,SMYTH_av,0.8531158830163018,0.5693734961287161,0.7545684171291005
974,SPAIS_av,0.8864607063328932,0.42081362772971515,0.6487014935466968
974,SATIS_av,0.841713952202228,0.3222115654631253,0.5676368253233094
975,SMORE_av,0.89325645900064,0.3305939501403309,0.5749729994880898
975,SPRIS_av,0.8677895367353968,0.300868739686551,0.5485150314134982
975,SMYTH_av,0.8841637919243684,0.4782783847648773,0.691576738160616
975,SPAIS_av,0.8558214266816783,0.4890401928296088,0.6993140873953626
975,SATIS_av,0.8565696994175853,0.297138959609627,0.5451045400743117
976,SMORE_av,0.9010140801448872,0.37916552201126763,0.6157641772718413
976,SPRIS_av,0.8631020661772254,0.36103872374347046,0.6008649796280945
976,SMYTH_av,0.8917868414755049,0.47582763835860437,0.689802608257322
976,SPAIS_av,0.8411243469628071,0.5874297816814397,0.7664396790886023
976,SATIS_av,0.8417382366823936,0.44121976430421306,0.664243753680991
977,SMORE_av,0.8878146075722384,0.45147435601041264,0.6719184146981035
977,SPRIS_av,0.8796076111552256,0.2934228568463242,0.5416852008743862
977,SMYTH_av,0.9036830354643719,0.41075358380387844,0.6409006036850632
977,SPAIS_av,0.908211910810151,0.3363183579093247,0.5799296146165711
977,SATIS_av,0.8315586411660066,0.46198476419442436,0.67969461097939
978,SMORE_av,0.8947324500154404,0.36752602438811427,0.6062392468226667
978,SPRIS_av,0.8412732089488228,0.37390074818017865,0.6114742416326125
978,SMYTH_av,0.8449119858728055,0.5823995380436275,0.7631510584698337
978,SPAIS_av,0.8632199320830363,0.45642934525334095,0.6755955485742494
978,SATIS_av,0.8338180848858352,0.3313191074585734,0.5756032552536281
979,SMORE_av,0.9110959254704515,0.32605446843653674,0.5710117936054707
979,SPRIS_av,0.8760956553343581,0.29153866270861106,0.5399432032247569
979,SMYTH_av,0.8743309569571805,0.4684626914235082,0.6844433442027968
979,SPAIS_av,0.8370595588700697,0.44954040625413333,0.6704777447866062
979,SATIS_av,0.8786388398167672,0.29311403339152753,0.5414000677793895
980,SMORE_av,0.8965930277229865,0.3703038146230609,0.6085259358672076
980,SPRIS_av,0.851010444019568,0.30840488606274896,0.5553421342404599
980,SMYTH_av,0.8871062521521966,0.5162367670335072,0.7184961844251556
980,SPAIS_av,0.8401759546169688,0.7160079743568905,0.8461725440812237
980,SATIS_av,0.8281810506290979,0.4265877238422187,0.6531368339346807
981,SMORE_av,0.9161254739245898,0.26271667393469594,0.5125589467902164
981,SPRIS_av,0.8796375458507809,0.2972572212692351,0.545213005410945
981,SMYTH_av,0.8953081951760568,0.4461813965397514,0.6679681104212621
981,SPAIS_av,0.8774586609872148,0.45089297489599534,0.671485647572601
981,SATIS_av,0.8842353759370211,0.2624812172863394,0.5123292079184432
982,SMORE_av,0.9045726832980998,0.3227701326898096,0.5681286233678159
982,SPRIS_av,0.8703102293877907,0.24659004840129195,0.49657834064857476
982,SMYTH_av,0.8920326794922784,0.48331206335665644,0.6952064897256472
982,SPAIS_av,0.8635042712834415,0.6039319237229809,0.7771305705754863
982,SATIS_av,0.8562095854200422,0.2882207128075644,0.5368619122340161
983,SMORE_av,0.9012044908720372,0.42221428808298345,0.6497801844339234
983,SPRIS_av,0.8538236825484637,0.3079160815615143,0.5549018666048208
983,SMYTH_av,0.9044563915583714,0.4364965379267827,0.6606788462837165
983,SPAIS_av,0.8815119739669512,0.4302093968325793,0.6559034965851145
983,SATIS_av,0.871569579379389,0.28512904663833893,0.5339747621735871
984,SMORE_av,0.9121234593219677,0.33157424009297953,0.5758248345573327
984,SPRIS_av,0.8517787509962312,0.31247619437662294,0.5589957015725818
984,SMYTH_av,0.8825599109643115,0.5402290549721332,0.7350027584792681
984,SPAIS_av,0.8746601490963574,0.5071035278187609,0.7121120191506115
984,SATIS_av,0.8883399745088238,0.2693584416422438,0.5189975352949605
985,SMORE_av,0.8950114027859157,0.40352950609217797,0.6352397233266965
985,SPRIS_av,0.8760272026057774,0.3040959357850143,0.5514489421379049
985,SMYTH_av,0.8752751659935054,0.5320378374893509,0.7294092386920739
985,SPAIS_av,0.892952746688529,0.40971093928198704,0.6400866654461621
985,SATIS_av,0.8644987066847687,0.3214841618845138,0.5669957335681758
986,SMORE_av,0.9168919227860488,0.34936803589354076,0.591073629841106
986,SPRIS_av,0.8301147341790849,0.36925422439249816,0.6076629200407889
986,SMYTH_av,0.8899154337657673,0.47493324501580514,0.6891540067472619
986,SPAIS_av,0.8894610654686652,0.5073547404717899,0.7122883829403578
986,SATIS_av,0.8580358675993505,0.4088986789167391,0.6394518581697446
987,SMORE_av,0.9101157879248903,0.320959702985424,0.5665330555099358
987,SPRIS_av,0.9000276104493757,0.22518916511251585,0.4745410046692655
987,SMYTH_av,0.8948513506689754,0.47380565547722636,0.6883354236687419
987,SPAIS_av,0.9006128264638368,0.35841726451875205,0.5986796008874463
987,SATIS_av,0.8323611254681662,0.3429269474511491,0.585599647755315
988,SMORE_av,0.8866630067593226,0.3803549699279506,0.6167292517206806
988,SPRIS_av,0.8448384323210376,0.34560055445091925,0.5878780098378568
988,SMYTH_av,0.8879233911832495,0.4834750290653497,0.6953236865412753
988,SPAIS_av,0.8698368681263409,0.5229487015580224,0.7231519214923117
988,SATIS_av,0.8455069906733014,0.4291346714879162,0.6550837133435056
989,SMORE_av,0.8731121362619785,0.3407314729442543,0.5837220853661906
989,SPRIS_av,0.8264933618884764,0.3493457623741537,0.5910547879631411
989,SMYTH_av,0.9059389886875444,0.3959835218642786,0.6292722160275938
989,SPAIS_av,0.8638630631207559,0.5493748943862464,0.7411982827734064
989,SATIS_av,0.8455277524117392,0.3215194468509402,0.567026848439243
990,SMORE_av,0.9062490474929482,0.34753586428798117,0.5895217250347786
990,SPRIS_av,0.8640471720136292,0.3360017077064,0.579656542882421
990,SMYTH_av,0.8902872765002059,0.493691847206573,0.7026320852384789
990,SPAIS_av,0.878048928245819,0.4699664585841763,0.6855409970119776
990,SATIS_av,0.8516656923338068,0.33470977261286855,0.578541072537524
991,SMORE_av,0.8955587365524356,0.35617446251169266,0.5968035376166035
991,SPRIS_av,0.8279019810319539,0.3465153243250491,0.5886555226319117
991,SMYTH_av,0.8655053699611217,0.4979658297404266,0.7056669396680183
991,SPAIS_av,0.8908878957213979,0.3904462151253435,0.6248569557309445
991,SATIS_av,0.8446420376982604,0.33558056134139935,0.5792931566498947
992,SMORE_av,0.9326818924479006,0.3175806222475983,0.5635429196144676
992,SPRIS_av,0.8592719556193757,0.32812654668932895,0.5728233119290179
992,SMYTH_av,0.9073101183569452,0.4786616303950292,0.6918537637355376
992,SPAIS_av,0.8467620891016996,0.6536616594059106,0.8084934504409486
992,SATIS_av,0.8719922112107931,0.3496628248651364,0.5913229446462706
993,SMORE_av,0.9001935349287253,0.38990455746544633,0.624423379979839
993,SPRIS_av,0.8675717512527795,0.33136490686526726,0.5756430377111038
993,SMYTH_av,0.8835339472707683,0.42105842636473884,0.6488901496900218
993,SPAIS_av,0.8431594850831472,0.5771002899142544,0.759671172227994
993,SATIS_av,0.8647785419941726,0.3147046706998045,0.5609854460677252
994,SMORE_av,0.8967303709823252,0.38976968874676476,0.624315376029427
994,SPRIS_av,0.8516771534618155,0.3532764545724002,0.5943706373740212
994,SMYTH_av,0.9086669951813976,0.3724300550768923,0.610270476982864
994,SPAIS_av,0.8902090342679041,0.32679606256723487,0.5716607932745037
994,SATIS_av,0.8823439242706467,0.3141150428151218,0.5604596709979424
995,SMORE_av,0.8886617342319626,0.4427019752550284,0.6653585313611214
995,SPRIS_av,0.8853846637643445,0.27529528360649624,0.5246858904206365
995,SMYTH_av,0.8962199049949033,0.5189811467526669,0.7204034610915379
995,SPAIS_av,0.8875325989520156,0.4970171883490419,0.7049944598002469
995,SATIS_av,0.8510509605212279,0.3326165463965957,0.5767291794218459
996,SMORE_av,0.9087510531016417,0.35387558259808644,0.594874425906919
996,SPRIS_av,0.8217014982814627,0.3776056297364808,0.6144962406202993
996,SMYTH_av,0.8833992086181345,0.5099884895234296,0.7141347838632631
996,SPAIS_av,0.8609013141521333,0.5034685520602165,0.7095551790102137
996,SATIS_av,0.8773751595999237,0.32195833096153376,0.5674137211607891
997,SMORE_av,0.9115423857325382,0.38243666666156373,0.618414639753591
997,SPRIS_av,0.8451473617865389,0.41369914649647543,0.6431944857478766
997,SMYTH_av,0.8538244259575772,0.6511959406285442,0.8069671248747028
997,SPAIS_av,0.8649087168406089,0.567003966221063,0.7529966575098876
997,SATIS_av,0.8226507289087805,0.4884017555055669,0.6988574643699292
998,SMORE_av,0.9043310135777547,0.4094685768308998,0.639897317411864
998,SPRIS_av,0.8485455236925247,0.4041158821661492,0.6357010949858032
998,SMYTH_av,0.8725525412381697,0.512191738176804,0.715675721382809
998,SPAIS_av,0.8584807144487071,0.5386337572940981,0.7339167236778966
998,SATIS_av,0.8173297340882937,0.4189023118949262,0.6472266310149222
999,SMORE_av,0.92180100823819,0.34679414301178657,0.5888923017087137
999,SPRIS_av,0.8516839066830579,0.3331574965480698,0.5771979699791656
999,SMYTH_av,0.9019508005414212,0.43698693589223125,0.6610498739824638
999,SPAIS_av,0.8591277357476392,0.5100982949414227,0.7142116597630024
999,SATIS_av,0.8650254887848214,0.39365267225562606,0.6274174625045322
1000,SMORE_av,0.9217546848651614,0.3090364447315164,0.5559104646717099
1000,SPRIS_av,0.8416583807032193,0.3126242196021066,0.5591280887257468
1000,SMYTH_av,0.8783209841248559,0.5125233174946925,0.7159073386232974
1000,SPAIS_av,0.8800979249600805,0.43187972490388005,0.6571755662712059
1000,SATIS_av,0.8801002912149608,0.2537530248583989,0.5037390444053338
